,# AUTORIZACION,FECHA PROGRAMACIÓN DE SERVICIO,HORA PROGRAMACIÓN SERVICIO,DEPARTAMENTO
1,6239030,2026-01-01,19:30:00,ANTIOQUIA
5,6239041,2026-01-01,20:05:00,ANTIOQUIA
6,6239038,2026-01-01,5:00:00,ANTIOQUIA
7,6239042,2026-01-01,22:30:00,ANTIOQUIA
12,6239052,2026-01-01,12:00:00,ANTIOQUIA
13,6239055,2026-01-01,7:00:00,ANTIOQUIA
17,6239059,2026-01-01,8:30:00,ANTIOQUIA
18,6239060,2026-01-01,9:15:00,ANTIOQUIA
19,6239061,2026-01-01,9:30:00,CUNDINAMARCA
27,6239077,2026-01-01,22:40:00,ANTIOQUIA
32,6239085,2026-01-01,11:25:00,ANTIOQUIA
34,6239091,2026-01-01,15:30:00,ANTIOQUIA
43,6239109,2026-01-01,13:15:00,ANTIOQUIA
44,6239104,2026-01-01,18:00:00,CUNDINAMARCA
47,6239115,2026-01-02,4:00:00,ANTIOQUIA
49,6239117,2026-01-01,18:30:00,ANTIOQUIA
50,6239118,2026-01-01,19:00:00,ANTIOQUIA
51,6239120,2026-01-01,18:30:00,ANTIOQUIA
52,6239122,2026-01-01,16:00:00,CUNDINAMARCA
53,6239119,2026-01-01,19:00:00,CUNDINAMARCA
60,6239135,2026-01-01,16:00:00,ANTIOQUIA
63,6239141,2026-01-01,17:00:00,ANTIOQUIA
66,6239146,2026-01-01,20:00:00,CUNDINAMARCA
69,6239149,2026-01-01,18:00:00,CUNDINAMARCA
72,6239151,2026-01-02,0:00:00,ANTIOQUIA
74,6239154,2026-01-01,17:00:00,CUNDINAMARCA
78,6239157,2026-01-01,22:15:00,CUNDINAMARCA
92,6239176,2026-01-01,22:00:00,CUNDINAMARCA
93,6239183,2026-01-01,22:30:00,CUNDINAMARCA
109,6239220,2026-01-01,18:00:00,CUNDINAMARCA
112,6239223,2026-01-01,20:00:00,ANTIOQUIA
115,6239228,2026-01-01,22:00:00,ANTIOQUIA
118,6239236,2026-01-01,21:00:00,ANTIOQUIA
121,6239239,2026-01-01,22:00:00,CUNDINAMARCA
123,6239244,2026-01-01,19:30:00,CUNDINAMARCA
124,6239243,2026-01-01,19:00:00,ANTIOQUIA
132,6239250,2026-01-10,19:00:00,CUNDINAMARCA
136,6239262,2026-01-01,20:30:00,CUNDINAMARCA
138,6239264,2026-01-01,22:00:00,CUNDINAMARCA
140,6239265,2026-01-01,22:00:00,ANTIOQUIA
141,6239267,2026-01-01,23:10:00,CUNDINAMARCA
142,6239271,2026-01-01,21:00:00,ANTIOQUIA
144,6239270,2026-01-01,20:00:00,CUNDINAMARCA
147,6239268,2026-01-01,19:40:00,ANTIOQUIA
151,6239279,2026-01-01,19:45:00,ANTIOQUIA
156,6239287,2026-01-01,20:30:00,CUNDINAMARCA
157,6239293,2026-01-01,21:00:00,CUNDINAMARCA
161,6239296,2026-01-01,22:00:00,ANTIOQUIA
162,6239299,2026-01-01,20:15:00,ANTIOQUIA
171,6239320,2026-01-01,21:00:00,CUNDINAMARCA
180,6239332,2026-01-01,21:20:00,ANTIOQUIA
182,6239331,2026-01-01,21:30:00,CUNDINAMARCA
195,6239553,2026-01-01,23:55:00,ANTIOQUIA
196,6239356,2026-01-01,22:00:00,ANTIOQUIA
204,6239365,2026-01-01,22:00:00,ANTIOQUIA
206,6239373,2026-01-02,0:00:00,ANTIOQUIA
207,6239375,2026-01-01,23:30:00,ANTIOQUIA
209,6239382,2026-01-01,22:30:00,ANTIOQUIA
210,6239383,2026-01-01,23:00:00,CUNDINAMARCA
233,6239421,2026-01-01,23:30:00,ANTIOQUIA
236,6239428,2026-01-01,23:30:00,CUNDINAMARCA
237,6239431,2026-01-01,23:45:00,CUNDINAMARCA
261,6239466,2026-01-02,2:00:00,ANTIOQUIA
263,6239473,2026-01-02,1:05:00,CUNDINAMARCA
269,6239477,2026-01-02,2:00:00,ANTIOQUIA
270,6239487,2026-01-02,13:00:00,ANTIOQUIA
277,6239497,2026-01-02,3:00:00,ANTIOQUIA
279,6239503,2026-01-02,8:30:00,CUNDINAMARCA
283,6239518,2026-01-02,7:00:00,ANTIOQUIA
327,6239634,2026-01-02,15:30:00,CUNDINAMARCA
356,6239700,2026-01-02,18:00:00,CUNDINAMARCA
424,6239898,2026-01-03,1:00:00,ANTIOQUIA
441,6239966,2026-01-02,22:00:00,CUNDINAMARCA
443,6239970,2026-01-03,1:00:00,ANTIOQUIA
474,6240064,2026-01-03,2:30:00,CUNDINAMARCA
476,6240074,2026-01-02,20:00:00,ANTIOQUIA
477,6240075,2026-01-02,23:30:00,CUNDINAMARCA
478,6240071,2026-01-02,18:10:00,ANTIOQUIA
509,6240179,2026-01-03,0:00:00,ANTIOQUIA
521,6240188,2026-01-04,1:00:00,ANTIOQUIA
528,6240218,2026-01-02,23:55:00,ANTIOQUIA
542,6240256,2026-01-03,2:30:00,CUNDINAMARCA
547,6240261,2026-01-02,22:30:00,CUNDINAMARCA
568,6250307,2026-01-02,23:00:00,ANTIOQUIA
571,6240306,2026-01-02,22:45:00,CUNDINAMARCA
574,6240311,2026-01-03,0:00:00,CUNDINAMARCA
585,6240338,2026-01-02,23:55:00,CUNDINAMARCA
592,6240351,2026-01-04,1:00:00,CUNDINAMARCA
595,6240354,2026-01-03,0:40:00,ANTIOQUIA
597,6240360,2026-01-03,2:30:00,CUNDINAMARCA
599,6240359,2026-01-03,2:00:00,ANTIOQUIA
600,6240363,2026-01-03,0:15:00,CUNDINAMARCA
604,6240370,2026-01-03,1:00:00,ANTIOQUIA
610,6240383,2026-01-03,2:00:00,ANTIOQUIA
613,6240388,2026-01-03,1:15:00,CUNDINAMARCA
615,6240393,2026-01-04,0:00:00,CUNDINAMARCA
626,6240424,2026-01-03,3:00:00,CUNDINAMARCA
627,6240427,2026-01-03,4:00:00,ANTIOQUIA
633,6240435,2026-01-03,4:00:00,ANTIOQUIA
643,6240452,2026-01-03,4:30:00,ANTIOQUIA
649,6240462,2026-01-03,5:40:00,ANTIOQUIA
726,6240695,2026-01-03,20:00:00,CUNDINAMARCA
730,6240709,2026-01-05,14:00:00,CUNDINAMARCA
747,6240747,2026-01-04,2:00:00,ANTIOQUIA
768,6240799,2026-01-04,0:35:00,CUNDINAMARCA
780,6240833,2026-01-03,17:30:00,CUNDINAMARCA
819,6240925,2026-01-03,22:00:00,ANTIOQUIA
823,6240940,2026-01-03,20:00:00,CUNDINAMARCA
833,6240963,2026-01-03,20:00:00,ANTIOQUIA
837,6240970,2026-01-03,19:00:00,CUNDINAMARCA
841,6240975,2026-01-03,20:00:00,CUNDINAMARCA
843,6240978,2026-01-03,21:00:00,CUNDINAMARCA
846,6240979,2026-01-03,22:00:00,ANTIOQUIA
870,6241045,2026-01-03,22:00:00,CUNDINAMARCA
878,6241060,2026-01-04,0:30:00,ANTIOQUIA
880,6241066,2026-01-03,22:00:00,ANTIOQUIA
882,6241059,2026-01-04,1:00:00,CUNDINAMARCA
890,6241083,2026-01-03,22:00:00,ANTIOQUIA
893,6241091,2026-01-03,22:00:00,CUNDINAMARCA
903,6241109,2026-01-03,22:30:00,CUNDINAMARCA
906,6241112,2026-01-03,23:15:00,CUNDINAMARCA
910,6241123,2026-01-03,22:30:00,ANTIOQUIA
911,6241122,2026-01-04,3:00:00,CUNDINAMARCA
913,6241120,2026-01-03,22:30:00,ANTIOQUIA
915,6241134,2026-01-04,3:00:00,ANTIOQUIA
918,6241136,2026-01-04,1:00:00,CUNDINAMARCA
921,6231142,2026-01-03,22:30:00,ANTIOQUIA
923,6241145,2026-01-03,23:00:00,CUNDINAMARCA
927,6241153,2026-01-04,0:30:00,ANTIOQUIA
932,6241162,2026-01-04,0:00:00,ANTIOQUIA
933,6241159,2026-01-04,3:00:00,ANTIOQUIA
934,6241158,2026-01-03,23:10:00,CUNDINAMARCA
936,6241165,2026-01-04,0:00:00,ANTIOQUIA
937,6241166,2026-01-03,23:40:00,ANTIOQUIA
947,6241184,2026-01-04,1:00:00,ANTIOQUIA
949,6241188,2026-01-04,0:00:00,CUNDINAMARCA
956,6241197,2026-01-04,1:00:00,ANTIOQUIA
959,6241203,2026-01-04,0:00:00,ANTIOQUIA
961,6241204,2026-01-03,23:50:00,ANTIOQUIA
963,6241206,2026-01-04,0:20:00,CUNDINAMARCA
965,6241208,2026-01-04,2:00:00,CUNDINAMARCA
966,6241211,2026-01-04,1:45:00,ANTIOQUIA
967,6241212,2026-01-04,0:00:00,ANTIOQUIA
969,6241219,2026-01-04,1:45:00,ANTIOQUIA
973,6241224,2026-01-04,1:00:00,CUNDINAMARCA
975,6241227,2026-01-04,1:30:00,CUNDINAMARCA
976,6241228,2026-01-04,1:30:00,CUNDINAMARCA
980,6241233,2026-01-04,1:30:00,CUNDINAMARCA
981,6241236,2026-01-04,3:45:00,ANTIOQUIA
983,6241239,2026-01-04,1:15:00,ANTIOQUIA
989,6241243,2026-01-04,2:00:00,CUNDINAMARCA
997,6241258,2026-01-04,2:30:00,ANTIOQUIA
1004,6241256,2026-01-04,1:45:00,ANTIOQUIA
1009,6241280,2026-01-04,3:15:00,CUNDINAMARCA
1015,6241295,2026-01-04,3:00:00,ANTIOQUIA
1022,6241309,2026-01-04,3:00:00,ANTIOQUIA
1023,6241314,2026-01-04,2:40:00,CUNDINAMARCA
1031,6241322,2026-01-04,3:00:00,CUNDINAMARCA
1034,6241330,2026-01-04,4:15:00,CUNDINAMARCA
1035,6241332,2026-01-04,3:15:00,CUNDINAMARCA
1044,6241354,2026-01-04,5:00:00,CUNDINAMARCA
1052,6241305,2026-01-04,5:00:00,CUNDINAMARCA
1056,6241374,2026-01-04,9:15:00,CUNDINAMARCA
1105,6241489,2026-01-04,21:00:00,CUNDINAMARCA
1115,6241528,2026-01-04,17:30:00,ANTIOQUIA
1117,6241523,2026-01-04,17:00:00,CUNDINAMARCA
1129,6241562,2026-01-04,18:00:00,CUNDINAMARCA
1155,6241608,2026-01-05,11:00:00,CUNDINAMARCA
1171,6241632,2026-01-04,19:30:00,CUNDINAMARCA
1173,6241630,2026-01-04,20:30:00,CUNDINAMARCA
1176,6241639,2026-01-04,22:00:00,ANTIOQUIA
1177,6241641,2026-01-04,23:00:00,ANTIOQUIA
1192,6241671,2026-01-04,20:00:00,CUNDINAMARCA
1199,6241683,2026-01-04,20:10:00,ANTIOQUIA
1217,6241724,2026-01-04,21:05:00,CUNDINAMARCA
1248,6241779,2026-01-04,22:05:00,CUNDINAMARCA
1257,6241799,2026-01-05,5:00:00,CUNDINAMARCA
1259,6241803,2026-01-04,23:15:00,ANTIOQUIA
1260,6241804,2026-01-04,23:55:00,ANTIOQUIA
1295,6241877,2026-01-05,9:45:00,ANTIOQUIA
1415,6242149,2026-01-05,16:30:00,CUNDINAMARCA
1468,6242310,2026-01-05,14:30:00,CUNDINAMARCA
1476,6242349,2026-01-06,12:30:00,CUNDINAMARCA
1544,6242599,2026-01-05,16:30:00,CUNDINAMARCA
1549,6242613,2026-01-05,18:30:00,CUNDINAMARCA
1636,6242834,2026-01-06,11:00:00,ANTIOQUIA
1652,6242983,2026-01-05,22:00:00,CUNDINAMARCA
1780,6243286,2026-01-06,12:30:00,ANTIOQUIA
1878,6243618,2026-01-11,2:00:00,CUNDINAMARCA
1890,6243657,2026-01-06,16:00:00,ANTIOQUIA
1972,6243914,2026-01-06,20:30:00,CUNDINAMARCA
2005,6244072,2026-01-06,21:30:00,CUNDINAMARCA
2078,6244294,2026-01-06,21:00:00,CUNDINAMARCA
2089,6244359,2026-01-07,6:45:00,CUNDINAMARCA
2096,6244359,2026-01-07,6:45:00,CUNDINAMARCA
2108,6244407,2026-01-06,22:00:00,CUNDINAMARCA
2109,6244406,2026-01-07,6:45:00,CUNDINAMARCA
2121,6244431,2026-01-07,12:45:00,CUNDINAMARCA
2135,6244425,2026-01-07,7:30:00,CUNDINAMARCA
2143,6244469,2026-01-07,11:30:00,CUNDINAMARCA
2155,6244489,2026-01-07,0:00:00,CUNDINAMARCA
2166,6244517,2026-01-07,0:40:00,CUNDINAMARCA
2174,6244543,2026-01-07,3:00:00,CUNDINAMARCA
2197,6244606,2026-01-07,10:30:00,CUNDINAMARCA
2317,6245014,2026-01-07,16:00:00,CUNDINAMARCA
2323,6244992,2026-01-07,18:30:00,CUNDINAMARCA
2327,6245024,2026-01-10,0:00:00,CUNDINAMARCA
2340,6245072,2026-01-07,18:45:00,ANTIOQUIA
2341,6245077,2026-01-07,16:05:00,CUNDINAMARCA
2345,6245088,2026-01-08,9:00:00,CUNDINAMARCA
2364,6245152,2026-01-07,20:40:00,CUNDINAMARCA
2396,6245265,2026-01-07,18:30:00,ANTIOQUIA
2429,6245376,2026-01-15,21:00:00,CUNDINAMARCA
2461,6245501,2026-01-08,8:00:00,ANTIOQUIA
2469,6245533,2026-01-07,20:45:00,CUNDINAMARCA
2473,6245563,2026-01-07,21:30:00,CUNDINAMARCA
2483,6245581,2026-01-07,21:30:00,CUNDINAMARCA
2513,6245676,2026-01-07,23:00:00,CUNDINAMARCA
2517,6245680,2026-01-08,1:00:00,CUNDINAMARCA
2541,6245713,2026-01-08,7:15:00,ANTIOQUIA
2544,6245722,2026-01-07,23:45:00,ANTIOQUIA
2563,6245722,2026-01-07,23:45:00,ANTIOQUIA
2571,6245769,2026-01-08,14:30:00,CUNDINAMARCA
2586,6245794,2026-01-08,2:05:00,ANTIOQUIA
2616,6245857,2026-01-08,11:15:00,CUNDINAMARCA
2633,6245889,2026-01-11,0:30:00,ANTIOQUIA
2765,6246365,2026-01-08,17:00:00,CUNDINAMARCA
2783,6246424,2026-01-09,1:30:00,CUNDINAMARCA
2805,6246493,2026-01-08,21:00:00,ANTIOQUIA
2852,6246701,2026-01-08,21:00:00,ANTIOQUIA
2876,6246783,2026-01-08,22:00:00,CUNDINAMARCA
2893,6246833,2026-01-08,23:40:00,ANTIOQUIA
2896,6246850,2026-01-08,22:30:00,CUNDINAMARCA
2905,6246875,2026-01-09,18:00:00,ANTIOQUIA
2934,6246946,2026-01-09,0:00:00,ANTIOQUIA
2939,6246970,2026-01-09,0:30:00,ANTIOQUIA
2943,6246924,2026-01-09,1:00:00,ANTIOQUIA
2948,6246996,2026-01-09,0:00:00,ANTIOQUIA
2972,6247046,2026-01-09,2:40:00,CUNDINAMARCA
2978,6247057,2026-01-09,15:00:00,ANTIOQUIA
2981,6247063,2026-01-09,4:15:00,ANTIOQUIA
2983,6247066,2026-01-09,4:25:00,CUNDINAMARCA
2984,6247067,2026-01-09,4:45:00,CUNDINAMARCA
3016,6247119,2026-01-10,8:30:00,CUNDINAMARCA
3074,6247281,2026-01-09,14:00:00,ANTIOQUIA
3107,6247399,2026-01-09,22:30:00,ANTIOQUIA
3150,6247545,2026-01-09,16:30:00,CUNDINAMARCA
3193,6247694,2026-01-09,21:30:00,ANTIOQUIA
3207,6247791,2026-01-11,1:00:00,CUNDINAMARCA
3209,6247796,2026-01-09,23:00:00,ANTIOQUIA
3211,6247805,2026-01-09,22:00:00,ANTIOQUIA
3215,6247821,2026-01-11,9:30:00,ANTIOQUIA
3222,6247838,2026-01-10,13:30:00,CUNDINAMARCA
3224,6247850,2026-01-10,2:00:00,ANTIOQUIA
3227,6247848,2026-01-09,21:00:00,ANTIOQUIA
3228,6247888,2026-01-10,1:00:00,CUNDINAMARCA
3232,6247876,2026-01-09,17:00:00,CUNDINAMARCA
3236,6247905,2026-01-09,21:00:00,CUNDINAMARCA
3252,6247992,2026-01-10,0:00:00,ANTIOQUIA
3256,62479852,2026-01-09,23:00:00,CUNDINAMARCA
3260,6247970,2026-01-10,0:00:00,CUNDINAMARCA
3267,6247999,2026-01-10,1:30:00,CUNDINAMARCA
3269,6248039,2026-01-09,22:00:00,CUNDINAMARCA
3270,6248011,2026-01-12,1:00:00,ANTIOQUIA
3272,6248032,2026-01-13,8:30:00,CUNDINAMARCA
3278,6248059,2026-01-11,1:30:00,CUNDINAMARCA
3282,6248055,2026-01-09,22:00:00,CUNDINAMARCA
3283,6248070,2026-01-09,21:00:00,CUNDINAMARCA
3289,6248064,2026-01-10,1:30:00,ANTIOQUIA
3294,6248089,2026-01-01,21:15:00,ANTIOQUIA
3297,6248090,2026-01-09,23:00:00,ANTIOQUIA
3300,6248105,2026-01-09,22:00:00,CUNDINAMARCA
3301,6248102,2026-01-09,23:55:00,CUNDINAMARCA
3308,6247119,2026-01-09,22:00:00,CUNDINAMARCA
3318,6248149,2026-01-09,22:30:00,CUNDINAMARCA
3321,6248152,2026-01-10,1:00:00,CUNDINAMARCA
3322,6248155,2026-01-09,23:30:00,CUNDINAMARCA
3323,6248154,2026-01-10,0:00:00,ANTIOQUIA
3329,6248165,2026-01-10,1:00:00,CUNDINAMARCA
3330,6248157,2026-01-10,20:00:00,CUNDINAMARCA
3335,6248167,2026-01-09,23:55:00,CUNDINAMARCA
3337,6248171,2026-01-10,1:00:00,CUNDINAMARCA
3339,6248176,2026-01-09,23:30:00,CUNDINAMARCA
3340,6248177,2026-01-09,23:15:00,CUNDINAMARCA
3342,6248182,2026-01-11,1:30:00,CUNDINAMARCA
3346,6248188,2026-01-10,0:30:00,ANTIOQUIA
3347,6248187,2026-01-09,23:35:00,ANTIOQUIA
3348,6248191,2026-01-10,0:00:00,ANTIOQUIA
3350,6248190,2026-01-10,0:30:00,CUNDINAMARCA
3351,6248193,2026-01-10,0:30:00,ANTIOQUIA
3352,6248194,2026-01-10,0:30:00,CUNDINAMARCA
3354,6248200,2026-01-10,2:00:00,CUNDINAMARCA
3355,6248198,2026-01-10,1:10:00,CUNDINAMARCA
3357,6248204,2026-01-10,0:10:00,ANTIOQUIA
3360,6248205,2026-01-10,0:10:00,CUNDINAMARCA
3374,6248228,2026-01-10,2:00:00,CUNDINAMARCA
3377,6248237,2026-01-10,13:30:00,CUNDINAMARCA
3378,6248240,2026-01-10,4:20:00,CUNDINAMARCA
3379,6248241,2026-01-10,1:15:00,ANTIOQUIA
3380,6248242,2026-01-10,2:45:00,CUNDINAMARCA
3382,6248247,2026-01-10,3:00:00,ANTIOQUIA
3389,6248252,2026-01-10,3:05:00,ANTIOQUIA
3390,6248254,2026-01-10,1:20:00,CUNDINAMARCA
3395,6248265,2026-01-10,2:00:00,CUNDINAMARCA
3396,6248263,2026-01-10,1:35:00,CUNDINAMARCA
3406,6248288,2026-01-10,2:00:00,CUNDINAMARCA
3407,6248292,2026-01-10,2:30:00,CUNDINAMARCA
3409,6248294,2026-01-11,7:00:00,CUNDINAMARCA
3410,6248295,2026-01-10,3:00:00,CUNDINAMARCA
3413,6248298,2026-01-10,3:00:00,ANTIOQUIA
3418,6248303,2026-01-10,3:05:00,CUNDINAMARCA
3420,6248308,2026-01-11,0:00:00,CUNDINAMARCA
3421,6248307,2026-01-10,3:15:00,ANTIOQUIA
3426,6248312,2026-01-10,3:30:00,ANTIOQUIA
3428,6248315,2026-01-10,4:10:00,ANTIOQUIA
3432,6248320,2026-01-10,4:00:00,ANTIOQUIA
3434,6248324,2026-01-11,0:30:00,CUNDINAMARCA
3439,6247888,2026-01-10,5:30:00,CUNDINAMARCA
3441,6248340,2026-01-10,7:20:00,CUNDINAMARCA
3452,6248364,2026-01-10,11:00:00,ANTIOQUIA
3459,6248372,2026-01-10,12:05:00,CUNDINAMARCA
3469,6248387,2026-01-10,13:30:00,CUNDINAMARCA
3494,6248465,2026-01-11,2:00:00,ANTIOQUIA
3503,6248486,2026-01-11,2:30:00,ANTIOQUIA
3505,6248490,2026-01-11,2:30:00,CUNDINAMARCA
3523,6248543,2026-01-11,1:00:00,CUNDINAMARCA
3524,6248548,2026-01-12,1:00:00,CUNDINAMARCA
3528,6248553,2026-01-10,21:00:00,CUNDINAMARCA
3532,6248560,2026-01-10,16:30:00,CUNDINAMARCA
3542,6248594,2026-01-11,1:45:00,CUNDINAMARCA
3559,6248641,2026-01-11,1:00:00,CUNDINAMARCA
3578,6248693,2026-01-10,21:05:00,CUNDINAMARCA
3581,6248698,2026-01-10,17:30:00,CUNDINAMARCA
3589,6248717,2026-01-10,23:00:00,CUNDINAMARCA
3608,6248760,2026-01-10,21:00:00,ANTIOQUIA
3610,6248764,2026-01-11,0:20:00,CUNDINAMARCA
3615,6248770,2026-01-11,1:05:00,ANTIOQUIA
3619,6248783,2026-01-11,0:00:00,ANTIOQUIA
3626,6248795,2026-01-11,2:30:00,CUNDINAMARCA
3629,6248801,2026-01-10,20:00:00,ANTIOQUIA
3635,6248819,2026-01-11,2:45:00,CUNDINAMARCA
3638,6248809,2026-01-10,23:30:00,CUNDINAMARCA
3640,6248814,2026-01-11,1:00:00,ANTIOQUIA
3641,6248828,2026-01-10,23:00:00,CUNDINAMARCA
3644,6248826,2026-01-10,21:00:00,CUNDINAMARCA
3647,6248846,2026-01-10,22:00:00,CUNDINAMARCA
3649,6248830,2026-01-11,1:00:00,CUNDINAMARCA
3650,6248858,2026-01-10,22:00:00,CUNDINAMARCA
3654,6248848,2026-01-11,2:00:00,CUNDINAMARCA
3656,6248836,2026-01-11,8:45:00,CUNDINAMARCA
3657,6248861,2026-01-11,12:45:00,ANTIOQUIA
3658,6248864,2026-01-10,21:30:00,ANTIOQUIA
3659,6248863,2026-01-11,2:00:00,CUNDINAMARCA
3660,6248859,2026-01-10,20:00:00,CUNDINAMARCA
3663,6248870,2026-01-10,22:00:00,ANTIOQUIA
3675,6248878,2026-01-10,22:00:00,ANTIOQUIA
3677,6248885,2026-01-10,22:00:00,CUNDINAMARCA
3682,6248905,2026-01-11,2:45:00,ANTIOQUIA
3690,6248916,2026-01-10,22:10:00,ANTIOQUIA
3692,6248918,2026-01-10,22:00:00,CUNDINAMARCA
3693,6248931,2026-01-10,22:30:00,ANTIOQUIA
3694,6248932,2026-01-11,0:00:00,ANTIOQUIA
3695,6248935,2026-01-10,21:30:00,CUNDINAMARCA
3696,6248937,2026-01-10,21:30:00,CUNDINAMARCA
3702,6248933,2026-01-10,21:45:00,CUNDINAMARCA
3711,6248949,2026-01-11,2:00:00,CUNDINAMARCA
3717,6248958,2026-01-11,2:00:00,CUNDINAMARCA
3719,6248962,2026-01-10,0:00:00,CUNDINAMARCA
3720,6248964,2026-01-10,23:30:00,ANTIOQUIA
3722,6248963,2026-01-10,23:00:00,ANTIOQUIA
3726,6248973,2026-01-10,22:30:00,ANTIOQUIA
3727,6248970,2026-01-11,2:00:00,CUNDINAMARCA
3729,6248972,2026-01-10,22:30:00,CUNDINAMARCA
3737,6248993,2026-01-10,22:30:00,ANTIOQUIA
3738,6248987,2026-01-11,1:30:00,ANTIOQUIA
3740,6248998,2026-01-11,1:00:00,ANTIOQUIA
3744,6248996,2026-01-11,2:00:00,CUNDINAMARCA
3747,6249003,2026-01-11,1:00:00,CUNDINAMARCA
3748,6248981,2026-01-10,23:00:00,ANTIOQUIA
3749,6249004,2026-01-11,1:00:00,ANTIOQUIA
3750,6248984,2026-01-11,2:00:00,ANTIOQUIA
3751,6249008,2026-01-11,1:00:00,CUNDINAMARCA
3752,6249007,2026-01-11,1:00:00,ANTIOQUIA
3753,6249005,2026-01-11,10:00:00,CUNDINAMARCA
3756,6249010,2026-01-11,5:00:00,ANTIOQUIA
3759,6249018,2026-01-11,17:00:00,CUNDINAMARCA
3760,6249019,2026-01-10,23:00:00,CUNDINAMARCA
3761,6249015,2026-01-11,1:00:00,CUNDINAMARCA
3763,6249017,2026-01-10,23:00:00,ANTIOQUIA
3764,6249022,2026-01-10,23:05:00,CUNDINAMARCA
3768,6249034,2026-01-10,23:00:00,ANTIOQUIA
3770,6249037,2026-01-10,23:00:00,CUNDINAMARCA
3776,6249040,2026-01-10,23:15:00,CUNDINAMARCA
3777,6249042,2026-01-10,23:20:00,ANTIOQUIA
3782,6240949,2026-01-10,23:55:00,ANTIOQUIA
3784,6249043,2026-01-11,1:00:00,CUNDINAMARCA
3785,6249057,2026-01-11,1:00:00,CUNDINAMARCA
3792,6249046,2026-01-11,2:00:00,ANTIOQUIA
3794,6249058,2026-01-11,2:00:00,CUNDINAMARCA
3795,6249064,2026-01-11,0:00:00,CUNDINAMARCA
3797,6249069,2026-01-11,0:00:00,ANTIOQUIA
3801,6249071,2026-01-11,0:15:00,CUNDINAMARCA
3805,6249077,2026-01-11,1:00:00,ANTIOQUIA
3806,6249078,2026-01-11,0:00:00,CUNDINAMARCA
3807,6249080,2026-01-11,3:00:00,CUNDINAMARCA
3808,6249081,2026-01-11,0:00:00,CUNDINAMARCA
3810,6249087,2026-01-11,1:30:00,CUNDINAMARCA
3811,6249086,2026-01-11,0:05:00,CUNDINAMARCA
3812,6249090,2026-01-11,1:30:00,CUNDINAMARCA
3814,6249092,2026-01-11,0:10:00,CUNDINAMARCA
3817,6249103,2026-01-11,1:30:00,ANTIOQUIA
3818,6249093,2026-01-11,2:00:00,ANTIOQUIA
3820,6249102,2026-01-11,1:00:00,ANTIOQUIA
3823,6249118,2026-01-11,2:00:00,ANTIOQUIA
3824,6249117,2026-01-11,2:00:00,CUNDINAMARCA
3829,6249122,2026-01-11,2:00:00,CUNDINAMARCA
3832,6249129,2026-01-11,1:00:00,CUNDINAMARCA
3835,6249123,2026-01-11,1:00:00,CUNDINAMARCA
3836,6249126,2026-01-11,1:00:00,ANTIOQUIA
3838,6249131,2026-01-11,2:30:00,CUNDINAMARCA
3842,6249145,2026-01-11,0:30:00,CUNDINAMARCA
3843,6249138,2026-01-11,4:00:00,ANTIOQUIA
3845,6249141,2026-01-11,3:00:00,CUNDINAMARCA
3846,6249146,2026-01-11,1:15:00,CUNDINAMARCA
3848,6249147,2026-01-11,1:30:00,ANTIOQUIA
3855,6249160,2026-01-11,2:00:00,CUNDINAMARCA
3856,6249159,2026-01-11,2:10:00,CUNDINAMARCA
3858,6249158,2026-01-11,2:00:00,CUNDINAMARCA
3860,6249161,2026-01-11,1:35:00,CUNDINAMARCA
3862,6249162,2026-01-11,1:45:00,ANTIOQUIA
3864,6249166,2026-01-11,2:00:00,ANTIOQUIA
3865,6249167,2026-01-11,2:00:00,ANTIOQUIA
3867,6249172,2026-01-11,1:00:00,ANTIOQUIA
3868,6249171,2026-01-11,3:50:00,ANTIOQUIA
3869,6249169,2026-01-11,2:00:00,ANTIOQUIA
3871,6249178,2026-01-11,1:45:00,ANTIOQUIA
3872,6249174,2026-01-11,1:15:00,CUNDINAMARCA
3873,6249180,2026-01-11,12:00:00,CUNDINAMARCA
3874,6249182,2026-01-11,1:50:00,CUNDINAMARCA
3876,6249186,2026-01-11,3:20:00,ANTIOQUIA
3877,6249185,2026-01-11,2:30:00,ANTIOQUIA
3881,6249190,2026-01-11,5:00:00,CUNDINAMARCA
3882,6249193,2026-01-11,3:00:00,CUNDINAMARCA
3885,6249196,2026-01-11,3:00:00,ANTIOQUIA
3886,6249195,2026-01-11,3:00:00,CUNDINAMARCA
3889,6249200,2026-01-11,3:00:00,CUNDINAMARCA
3890,6249199,2026-01-11,2:55:00,CUNDINAMARCA
3891,6249201,2026-01-11,3:15:00,ANTIOQUIA
3892,6249202,2026-01-11,3:00:00,CUNDINAMARCA
3896,6249207,2026-01-11,2:30:00,CUNDINAMARCA
3897,6249208,2026-01-11,3:45:00,CUNDINAMARCA
3900,6249212,2026-01-11,3:30:00,CUNDINAMARCA
3904,6249220,2026-01-11,4:00:00,ANTIOQUIA
3905,6249219,2026-01-11,4:00:00,CUNDINAMARCA
3909,6249217,2026-01-11,4:30:00,ANTIOQUIA
3912,6249230,2026-01-11,12:00:00,ANTIOQUIA
3917,6249238,2026-01-11,12:00:00,ANTIOQUIA
3924,6249261,2026-01-11,18:00:00,ANTIOQUIA
3946,6249300,2026-01-17,18:40:00,CUNDINAMARCA
3983,6249370,2026-01-11,21:00:00,CUNDINAMARCA
3987,6249385,2026-01-18,1:30:00,CUNDINAMARCA
3998,6249401,2026-01-12,1:00:00,CUNDINAMARCA
3999,6249403,2026-01-11,21:00:00,CUNDINAMARCA
4003,6249406,2026-01-11,22:00:00,ANTIOQUIA
4012,6249421,2026-01-11,23:00:00,ANTIOQUIA
4018,6249420,2026-01-11,23:00:00,ANTIOQUIA
4021,6249449,2026-01-11,23:00:00,ANTIOQUIA
4022,6249436,2026-01-11,17:15:00,CUNDINAMARCA
4025,6249456,2026-01-11,18:10:00,CUNDINAMARCA
4026,6249457,2026-01-11,19:00:00,ANTIOQUIA
4040,6249487,2026-01-11,18:00:00,CUNDINAMARCA
4050,6249503,2026-01-11,18:20:00,CUNDINAMARCA
4052,6249507,2026-01-11,21:30:00,CUNDINAMARCA
4054,6249509,2026-01-11,20:00:00,ANTIOQUIA
4057,6249511,2026-01-11,22:00:00,CUNDINAMARCA
4058,6249518,2026-01-11,20:30:00,CUNDINAMARCA
4061,6249521,2026-01-11,20:00:00,CUNDINAMARCA
4063,6249527,2026-01-12,4:00:00,CUNDINAMARCA
4069,6249526,2026-01-11,19:15:00,CUNDINAMARCA
4071,6249525,2026-01-11,23:00:00,ANTIOQUIA
4089,6249578,2026-01-11,20:30:00,CUNDINAMARCA
4090,6249590,2026-01-12,0:30:00,CUNDINAMARCA
4094,6249600,2026-01-12,3:00:00,CUNDINAMARCA
4095,6249595,2026-01-11,21:15:00,CUNDINAMARCA
4098,6249608,2026-01-11,23:30:00,CUNDINAMARCA
4104,6249616,2026-01-11,21:30:00,CUNDINAMARCA
4105,6249618,2026-01-11,23:00:00,ANTIOQUIA
4107,6249621,2026-01-12,1:00:00,CUNDINAMARCA
4108,6249623,2026-01-12,1:00:00,CUNDINAMARCA
4113,6249630,2026-01-12,1:00:00,CUNDINAMARCA
4122,6249650,2026-01-11,21:45:00,ANTIOQUIA
4128,6249662,2026-01-12,0:00:00,CUNDINAMARCA
4130,6249666,2026-01-12,2:00:00,ANTIOQUIA
4131,6249668,2026-01-11,21:40:00,CUNDINAMARCA
4133,6249672,2026-01-11,21:45:00,CUNDINAMARCA
4135,6249677,2026-01-11,22:00:00,ANTIOQUIA
4140,6249680,2026-01-12,1:35:00,CUNDINAMARCA
4141,6249694,2026-01-12,0:00:00,CUNDINAMARCA
4145,6249708,2026-01-12,0:05:00,CUNDINAMARCA
4149,6249713,2026-01-11,23:45:00,CUNDINAMARCA
4150,6249716,2026-01-11,22:40:00,CUNDINAMARCA
4151,6249715,2026-01-11,23:00:00,CUNDINAMARCA
4153,6249721,2026-01-11,23:00:00,CUNDINAMARCA
4154,6249720,2026-01-12,0:15:00,CUNDINAMARCA
4155,6249723,2026-01-11,23:00:00,CUNDINAMARCA
4156,6249728,2026-01-12,0:00:00,ANTIOQUIA
4160,6249735,2026-01-11,23:00:00,CUNDINAMARCA
4162,6249737,2026-01-12,1:05:00,ANTIOQUIA
4163,6249746,2026-01-12,0:00:00,CUNDINAMARCA
4164,6249748,2026-01-12,2:00:00,CUNDINAMARCA
4167,6249742,2026-01-11,23:45:00,CUNDINAMARCA
4168,6249745,2026-01-12,0:15:00,CUNDINAMARCA
4169,6249753,2026-01-12,0:00:00,ANTIOQUIA
4171,6249757,2026-01-12,3:00:00,ANTIOQUIA
4172,6249763,2026-01-12,1:05:00,ANTIOQUIA
4173,6249766,2026-01-12,2:00:00,CUNDINAMARCA
4175,6249773,2026-01-12,0:30:00,ANTIOQUIA
4188,6249793,2026-01-12,3:00:00,CUNDINAMARCA
4193,6249802,2026-01-12,0:30:00,ANTIOQUIA
4197,6249807,2026-01-12,1:40:00,ANTIOQUIA
4198,6249808,2026-01-12,0:15:00,ANTIOQUIA
4199,6249810,2026-01-12,1:35:00,CUNDINAMARCA
4200,6249806,2026-01-12,3:30:00,CUNDINAMARCA
4201,6249811,2026-01-12,3:00:00,CUNDINAMARCA
4203,6249813,2026-01-12,2:00:00,ANTIOQUIA
4204,6249814,2026-01-12,1:25:00,ANTIOQUIA
4205,6249817,2026-01-12,2:00:00,ANTIOQUIA
4206,6249815,2026-01-12,13:00:00,CUNDINAMARCA
4209,6249824,2026-01-12,2:20:00,ANTIOQUIA
4210,6249825,2026-01-12,2:20:00,ANTIOQUIA
4211,6249826,2026-01-12,2:30:00,ANTIOQUIA
4223,6249839,2026-01-12,3:30:00,ANTIOQUIA
4227,6249846,2026-01-12,3:50:00,ANTIOQUIA
4228,6249848,2026-01-12,4:00:00,CUNDINAMARCA
4229,6249849,2026-01-12,11:00:00,CUNDINAMARCA
4230,6249850,2026-01-12,4:00:00,ANTIOQUIA
4238,6249864,2026-01-12,6:35:00,CUNDINAMARCA
4239,6249865,2026-01-12,6:00:00,CUNDINAMARCA
4243,6249873,2026-01-12,11:30:00,CUNDINAMARCA
4266,6249918,2026-01-12,11:00:00,CUNDINAMARCA
4273,6249942,2026-01-12,14:00:00,CUNDINAMARCA
4293,6249990,2026-01-12,16:00:00,ANTIOQUIA
4302,6250016,2026-01-12,16:00:00,CUNDINAMARCA
4321,6250056,2026-01-12,20:00:00,CUNDINAMARCA
4356,6250134,2026-01-12,19:00:00,ANTIOQUIA
4378,6250214,2026-01-12,20:30:00,ANTIOQUIA
4379,6250212,2026-01-12,20:00:00,ANTIOQUIA
4380,6250212,2026-01-12,20:00:00,ANTIOQUIA
4421,6250288,2026-01-12,23:00:00,ANTIOQUIA
4428,6250301,2026-01-13,1:30:00,ANTIOQUIA
4441,6250321,2026-01-13,5:00:00,CUNDINAMARCA
4451,6250351,2026-01-12,23:30:00,ANTIOQUIA
4457,6250363,2026-01-13,0:15:00,CUNDINAMARCA
4467,6250383,2026-01-12,23:30:00,ANTIOQUIA
4485,6250416,2026-01-13,1:00:00,CUNDINAMARCA
4500,6250446,2026-01-13,6:40:00,ANTIOQUIA
4504,6250471,2026-01-13,18:00:00,CUNDINAMARCA
4510,6250481,2026-01-13,6:30:00,CUNDINAMARCA
4521,6250501,2026-01-13,10:00:00,CUNDINAMARCA
4612,6250743,2026-01-13,14:00:00,CUNDINAMARCA
4663,6250871,2026-01-18,0:15:00,CUNDINAMARCA
4678,6250905,2026-01-13,14:45:00,CUNDINAMARCA
4735,6251134,2026-01-20,0:00:00,CUNDINAMARCA
4766,6251264,2026-01-13,18:30:00,CUNDINAMARCA
4857,6251589,2026-01-13,21:00:00,CUNDINAMARCA
4901,6251724,2026-01-13,22:30:00,ANTIOQUIA
4914,6251745,2026-01-13,22:45:00,CUNDINAMARCA
5002,6251924,2026-01-14,10:30:00,CUNDINAMARCA
5024,6251961,2026-01-14,16:15:00,CUNDINAMARCA
5027,6251966,2026-01-14,17:00:00,ANTIOQUIA
5059,6252061,2026-01-14,14:30:00,CUNDINAMARCA
5063,6252087,2026-01-14,13:30:00,ANTIOQUIA
5182,6252467,2026-01-14,17:30:00,CUNDINAMARCA
5190,6252517,2026-01-14,21:30:00,CUNDINAMARCA
5201,6252556,2026-01-14,22:00:00,ANTIOQUIA
5208,6252580,2026-01-14,20:30:00,ANTIOQUIA
5279,6252792,2026-01-14,21:05:00,ANTIOQUIA
5284,6252813,2026-01-15,8:00:00,CUNDINAMARCA
5286,6252820,2026-01-14,21:15:00,CUNDINAMARCA
5290,6252842,2026-01-14,21:30:00,ANTIOQUIA
5299,6252882,2026-01-15,16:00:00,ANTIOQUIA
5304,6252890,2026-01-14,22:00:00,ANTIOQUIA
5322,6252911,2026-01-15,16:30:00,ANTIOQUIA
5327,6252942,2026-01-15,11:30:00,CUNDINAMARCA
5331,6252951,2026-01-14,22:00:00,CUNDINAMARCA
5335,6252955,2026-01-14,23:00:00,CUNDINAMARCA
5358,6252993,2026-01-14,23:35:00,ANTIOQUIA
5366,6253012,2026-01-15,0:30:00,ANTIOQUIA
5384,6253043,2026-01-15,2:00:00,CUNDINAMARCA
5388,6253045,2026-01-15,1:30:00,ANTIOQUIA
5389,6253049,2026-01-15,1:25:00,ANTIOQUIA
5514,6253392,2026-01-15,14:45:00,ANTIOQUIA
5573,6253638,2026-01-15,17:15:00,CUNDINAMARCA
5577,6253649,2026-01-15,17:00:00,CUNDINAMARCA
5588,6253679,2026-01-15,16:00:00,CUNDINAMARCA
5596,6253701,2026-01-15,19:00:00,CUNDINAMARCA
5615,6253757,2026-01-15,22:30:00,CUNDINAMARCA
5675,6253936,2026-01-15,21:00:00,CUNDINAMARCA
5686,6253972,2026-01-15,22:00:00,ANTIOQUIA
5694,6253993,2026-01-16,5:00:00,CUNDINAMARCA
5715,6254052,2026-01-15,22:10:00,ANTIOQUIA
5724,6254067,2026-01-15,22:30:00,CUNDINAMARCA
5740,6254119,2026-01-16,0:30:00,CUNDINAMARCA
5741,6254126,2026-01-15,23:30:00,ANTIOQUIA
5748,6254144,2026-01-16,1:00:00,CUNDINAMARCA
5754,6254155,2026-01-16,0:15:00,CUNDINAMARCA
5772,6254195,2026-01-16,0:35:00,CUNDINAMARCA
5784,6254227,2026-01-16,1:30:00,CUNDINAMARCA
5794,6254250,2026-01-16,20:00:00,ANTIOQUIA
5806,6254278,2026-01-16,11:00:00,ANTIOQUIA
5866,6254409,2026-01-16,13:30:00,CUNDINAMARCA
5876,6254433,2026-01-18,1:00:00,ANTIOQUIA
5936,6254622,2026-01-16,17:00:00,CUNDINAMARCA
5953,6254699,2026-01-17,0:30:00,CUNDINAMARCA
5958,6254711,2026-01-16,22:00:00,CUNDINAMARCA
5980,6254755,2026-01-16,22:00:00,CUNDINAMARCA
5982,6254763,2026-01-16,16:50:00,CUNDINAMARCA
5984,6254766,2026-01-17,5:00:00,CUNDINAMARCA
6023,6254876,2026-01-17,1:45:00,CUNDINAMARCA
6024,6254879,2026-01-17,0:00:00,CUNDINAMARCA
6026,6254895,2026-01-17,1:15:00,CUNDINAMARCA
6029,6254896,2026-01-17,2:00:00,CUNDINAMARCA
6031,6254904,2026-01-16,18:25:00,ANTIOQUIA
6037,6254943,2026-01-17,18:30:00,ANTIOQUIA
6039,6254944,2026-01-16,19:00:00,CUNDINAMARCA
6049,6254973,2026-01-19,7:30:00,CUNDINAMARCA
6055,6254991,2026-01-16,19:30:00,ANTIOQUIA
6063,6255009,2026-01-17,2:00:00,ANTIOQUIA
6064,6255017,2026-01-16,23:00:00,ANTIOQUIA
6067,6255019,2026-01-16,20:00:00,CUNDINAMARCA
6070,6255031,2026-01-16,20:00:00,CUNDINAMARCA
6077,6255049,2026-01-16,19:55:00,CUNDINAMARCA
6085,6255030,2026-01-17,3:00:00,CUNDINAMARCA
6086,6255026,2026-01-16,21:00:00,CUNDINAMARCA
6089,6255052,2026-01-17,1:45:00,ANTIOQUIA
6090,6255074,2026-01-16,21:00:00,CUNDINAMARCA
6099,6255090,2026-01-17,2:30:00,CUNDINAMARCA
6104,6255095,2026-01-16,21:15:00,CUNDINAMARCA
6105,6255096,2026-01-16,21:15:00,CUNDINAMARCA
6107,6255107,2026-01-17,0:15:00,CUNDINAMARCA
6110,6255118,2026-01-16,22:00:00,CUNDINAMARCA
6112,6255112,2026-01-17,2:30:00,CUNDINAMARCA
6114,6255117,2026-01-17,2:00:00,CUNDINAMARCA
6119,6255134,2026-01-16,23:00:00,CUNDINAMARCA
6123,6255151,2026-01-16,23:30:00,CUNDINAMARCA
6128,6255157,2026-01-16,23:10:00,CUNDINAMARCA
6131,6255165,2026-01-16,23:30:00,ANTIOQUIA
6138,6255185,2026-01-16,22:40:00,CUNDINAMARCA
6140,6255192,2026-01-17,2:15:00,CUNDINAMARCA
6141,6255196,2026-01-16,22:30:00,ANTIOQUIA
6144,6255198,2026-01-16,22:25:00,CUNDINAMARCA
6146,6255204,2026-01-16,23:00:00,ANTIOQUIA
6149,6255203,2026-01-17,1:30:00,CUNDINAMARCA
6153,6255210,2026-01-16,23:00:00,ANTIOQUIA
6155,6254699,2026-01-17,0:30:00,CUNDINAMARCA
6157,6255220,2026-01-16,22:55:00,CUNDINAMARCA
6158,6255222,2026-01-17,2:00:00,CUNDINAMARCA
6161,6255226,2026-01-17,4:00:00,CUNDINAMARCA
6164,6255225,2026-01-16,23:55:00,CUNDINAMARCA
6166,6255235,2026-01-17,10:20:00,CUNDINAMARCA
6170,6255236,2026-01-17,1:30:00,ANTIOQUIA
6171,6255241,2026-01-17,0:15:00,ANTIOQUIA
6172,6255240,2026-01-16,23:30:00,ANTIOQUIA
6173,6255243,2026-01-16,23:20:00,CUNDINAMARCA
6175,6255242,2026-01-17,1:00:00,ANTIOQUIA
6179,6255249,2026-01-17,1:00:00,ANTIOQUIA
6181,6255257,2026-01-17,1:40:00,ANTIOQUIA
6182,6255258,2026-01-17,4:00:00,ANTIOQUIA
6184,6255259,2026-01-17,0:30:00,CUNDINAMARCA
6186,6255268,2026-01-17,0:00:00,ANTIOQUIA
6187,6255267,2026-01-17,0:00:00,ANTIOQUIA
6192,6255266,2026-01-17,1:00:00,CUNDINAMARCA
6193,6255264,2026-01-17,14:00:00,CUNDINAMARCA
6198,6255275,2026-01-17,0:00:00,ANTIOQUIA
6199,6255284,2026-01-17,1:00:00,CUNDINAMARCA
6200,6255283,2026-01-17,0:00:00,ANTIOQUIA
6203,6255289,2026-01-16,23:55:00,CUNDINAMARCA
6204,6255280,2026-01-18,0:30:00,CUNDINAMARCA
6207,6255235,2026-01-17,10:20:00,CUNDINAMARCA
6208,6255290,2026-01-17,1:30:00,ANTIOQUIA
6209,6255293,2026-01-17,0:30:00,CUNDINAMARCA
6210,6255295,2026-01-17,0:10:00,CUNDINAMARCA
6211,6255296,2026-01-17,2:00:00,ANTIOQUIA
6213,6255302,2026-01-17,0:30:00,ANTIOQUIA
6214,6255301,2026-01-17,10:30:00,CUNDINAMARCA
6215,6255307,2026-01-16,23:27:00,ANTIOQUIA
6225,6255313,2026-01-18,1:15:00,CUNDINAMARCA
6226,6255325,2026-01-17,2:00:00,CUNDINAMARCA
6227,6255317,2026-01-17,1:00:00,CUNDINAMARCA
6229,6255329,2026-01-17,1:00:00,CUNDINAMARCA
6230,6255328,2026-01-17,4:30:00,CUNDINAMARCA
6231,6255321,2026-01-17,2:00:00,CUNDINAMARCA
6233,6255334,2026-01-17,1:15:00,CUNDINAMARCA
6234,6255333,2026-01-17,2:00:00,CUNDINAMARCA
6239,6254879,2026-01-17,2:00:00,CUNDINAMARCA
6240,6255340,2026-01-17,1:30:00,CUNDINAMARCA
6244,6255345,2026-01-17,3:00:00,CUNDINAMARCA
6245,6255347,2026-01-17,2:00:00,CUNDINAMARCA
6253,6255364,2026-01-17,2:35:00,CUNDINAMARCA
6255,6255365,2026-01-17,1:30:00,CUNDINAMARCA
6262,6255367,2026-01-17,2:00:00,CUNDINAMARCA
6267,6255379,2026-01-17,2:00:00,CUNDINAMARCA
6269,6255389,2026-01-17,4:00:00,CUNDINAMARCA
6270,6255390,2026-01-18,23:00:00,ANTIOQUIA
6271,6255392,2026-01-17,2:45:00,CUNDINAMARCA
6272,6255395,2026-01-17,2:45:00,ANTIOQUIA
6273,6255394,2026-01-17,2:30:00,CUNDINAMARCA
6274,6255398,2026-01-17,4:00:00,CUNDINAMARCA
6276,6255401,2026-01-17,2:30:00,ANTIOQUIA
6277,6255405,2026-01-17,3:00:00,ANTIOQUIA
6281,6255410,2026-01-17,2:55:00,CUNDINAMARCA
6282,6255411,2026-01-17,4:00:00,ANTIOQUIA
6283,6255412,2026-01-17,3:00:00,CUNDINAMARCA
6285,6255413,2026-01-17,3:15:00,CUNDINAMARCA
6288,6255417,2026-01-17,3:20:00,CUNDINAMARCA
6290,6255420,2026-01-17,2:00:00,CUNDINAMARCA
6294,6255429,2026-01-17,4:05:00,ANTIOQUIA
6295,6255430,2026-01-17,4:30:00,CUNDINAMARCA
6296,6255431,2026-01-17,4:00:00,ANTIOQUIA
6297,6255432,2026-01-17,4:30:00,CUNDINAMARCA
6306,6255451,2026-01-17,8:15:00,CUNDINAMARCA
6307,6255450,2026-01-17,8:15:00,ANTIOQUIA
6326,6255486,2026-01-17,20:15:00,CUNDINAMARCA
6373,6255594,2026-01-17,23:30:00,CUNDINAMARCA
6375,6255602,2026-01-17,23:30:00,CUNDINAMARCA
6378,6255610,2026-01-17,22:00:00,CUNDINAMARCA
6379,6255613,2026-01-18,1:00:00,ANTIOQUIA
6385,6255621,2026-01-18,0:30:00,CUNDINAMARCA
6415,6255717,2026-01-17,16:30:00,CUNDINAMARCA
6421,6255728,2026-01-18,1:30:00,CUNDINAMARCA
6428,6255746,2026-01-17,19:00:00,CUNDINAMARCA
6442,6255776,2026-01-18,1:45:00,CUNDINAMARCA
6445,6255782,2026-01-17,23:00:00,CUNDINAMARCA
6451,6255800,2026-01-18,1:40:00,ANTIOQUIA
6453,6255802,2026-01-18,1:00:00,CUNDINAMARCA
6461,6255820,2026-01-18,1:30:00,ANTIOQUIA
6466,6255827,2026-01-18,16:00:00,ANTIOQUIA
6470,6255838,2026-01-18,0:30:00,ANTIOQUIA
6472,6255830,2026-01-17,22:30:00,CUNDINAMARCA
6473,62255841,2026-01-18,1:45:00,ANTIOQUIA
6474,6255834,2026-01-17,18:30:00,CUNDINAMARCA
6476,6255843,2026-01-17,20:30:00,CUNDINAMARCA
6477,6255843,2026-01-17,20:30:00,CUNDINAMARCA
6484,6255853,2026-01-18,2:45:00,CUNDINAMARCA
6491,6255869,2026-01-18,1:30:00,ANTIOQUIA
6496,6255881,2026-01-17,23:55:00,CUNDINAMARCA
6497,6255882,2026-01-17,19:00:00,CUNDINAMARCA
6502,6255888,2026-01-17,21:00:00,ANTIOQUIA
6504,6255891,2026-01-18,1:30:00,ANTIOQUIA
6505,6255897,2026-01-18,2:00:00,ANTIOQUIA
6507,6255901,2026-01-17,23:30:00,ANTIOQUIA
6510,6255906,2026-01-18,0:00:00,CUNDINAMARCA
6522,6255922,2026-01-18,0:00:00,ANTIOQUIA
6534,6255950,2026-01-17,23:55:00,ANTIOQUIA
6536,6255951,2026-01-17,23:40:00,CUNDINAMARCA
6538,6255956,2026-01-17,23:30:00,CUNDINAMARCA
6539,6255955,2026-01-17,22:00:00,ANTIOQUIA
6545,6255968,2026-01-17,20:40:00,CUNDINAMARCA
6546,6255957,2026-01-18,0:00:00,CUNDINAMARCA
6550,6255960,2026-01-18,0:15:00,CUNDINAMARCA
6552,6255976,2026-01-18,0:00:00,CUNDINAMARCA
6554,6255984,2026-01-17,23:00:00,CUNDINAMARCA
6557,6255989,2026-01-18,3:00:00,ANTIOQUIA
6558,6255993,2026-01-17,22:40:00,ANTIOQUIA
6560,6255997,2026-01-18,1:00:00,CUNDINAMARCA
6561,6255990,2026-01-17,20:45:00,CUNDINAMARCA
6562,6255994,2026-01-18,0:15:00,ANTIOQUIA
6564,6256002,2026-01-18,23:00:00,CUNDINAMARCA
6568,6256003,2026-01-17,21:30:00,CUNDINAMARCA
6569,6256010,2026-01-18,0:15:00,CUNDINAMARCA
6575,6256016,2026-01-17,23:30:00,CUNDINAMARCA
6579,6256019,2026-01-17,23:00:00,ANTIOQUIA
6581,6256022,2026-01-17,22:00:00,CUNDINAMARCA
6582,6256025,2026-01-18,0:30:00,CUNDINAMARCA
6584,6256026,2026-01-17,23:30:00,CUNDINAMARCA
6585,6256029,2026-01-17,23:00:00,CUNDINAMARCA
6589,6256032,2026-01-17,23:45:00,ANTIOQUIA
6590,6256034,2026-01-17,22:05:00,CUNDINAMARCA
6591,6256041,2026-01-18,0:15:00,CUNDINAMARCA
6592,6256039,2026-01-18,1:00:00,CUNDINAMARCA
6593,6256035,2026-01-17,22:00:00,ANTIOQUIA
6594,6256037,2026-01-18,0:30:00,CUNDINAMARCA
6598,6256042,2026-01-18,0:00:00,ANTIOQUIA
6600,6256048,2026-01-18,3:00:00,ANTIOQUIA
6605,6256058,2026-01-17,23:00:00,CUNDINAMARCA
6609,6256045,2026-01-17,23:05:00,ANTIOQUIA
6610,6256062,2026-01-18,1:00:00,ANTIOQUIA
6611,6256072,2026-01-17,23:00:00,ANTIOQUIA
6613,6256070,2026-01-18,16:00:00,CUNDINAMARCA
6615,6256061,2026-01-17,22:30:00,CUNDINAMARCA
6616,6256075,2026-01-18,3:30:00,CUNDINAMARCA
6617,6256077,2026-01-18,2:30:00,CUNDINAMARCA
6619,6256079,2026-01-18,0:30:00,CUNDINAMARCA
6620,6256066,2026-01-17,23:30:00,ANTIOQUIA
6626,6256074,2026-01-18,2:00:00,CUNDINAMARCA
6627,6256087,2026-01-17,23:00:00,ANTIOQUIA
6628,6256090,2026-01-18,3:30:00,CUNDINAMARCA
6629,6256084,2026-01-18,3:00:00,CUNDINAMARCA
6630,6256093,2026-01-18,3:00:00,CUNDINAMARCA
6631,6256094,2026-01-17,23:00:00,ANTIOQUIA
6632,6256085,2026-01-17,23:30:00,ANTIOQUIA
6635,6256102,2026-01-17,23:00:00,CUNDINAMARCA
6637,6256099,2026-01-17,23:30:00,CUNDINAMARCA
6639,6256107,2026-01-18,1:15:00,CUNDINAMARCA
6640,6256091,2026-01-17,23:00:00,ANTIOQUIA
6642,6256108,2026-01-17,22:55:00,ANTIOQUIA
6643,6256092,2026-01-18,3:45:00,CUNDINAMARCA
6644,6256112,2026-01-17,23:00:00,CUNDINAMARCA
6646,6256095,2026-01-18,0:30:00,CUNDINAMARCA
6650,6256118,2026-01-18,2:10:00,ANTIOQUIA
6653,6256127,2026-01-18,3:00:00,CUNDINAMARCA
6655,6256079,2026-01-18,0:30:00,CUNDINAMARCA
6659,6256129,2026-01-18,4:00:00,ANTIOQUIA
6661,6256131,2026-01-17,23:50:00,ANTIOQUIA
6665,6256137,2026-01-18,2:00:00,CUNDINAMARCA
6668,6256140,2026-01-17,23:25:00,CUNDINAMARCA
6670,6256142,2026-01-18,1:30:00,CUNDINAMARCA
6672,6256146,2026-01-18,6:30:00,CUNDINAMARCA
6673,6256143,2026-01-18,1:15:00,CUNDINAMARCA
6678,6256155,2026-01-17,23:30:00,CUNDINAMARCA
6679,6256151,2026-01-18,1:00:00,CUNDINAMARCA
6681,6256145,2026-01-18,4:00:00,ANTIOQUIA
6682,6256159,2026-01-18,3:00:00,ANTIOQUIA
6683,6256150,2026-01-18,0:00:00,ANTIOQUIA
6685,6256163,2026-01-17,23:30:00,CUNDINAMARCA
6688,6256166,2026-01-18,2:00:00,CUNDINAMARCA
6689,6256153,2026-01-18,0:30:00,CUNDINAMARCA
6690,6256165,2026-01-18,0:00:00,ANTIOQUIA
6691,6256156,2026-01-18,0:00:00,CUNDINAMARCA
6693,6256168,2026-01-18,1:00:00,CUNDINAMARCA
6694,6256171,2026-01-18,0:00:00,ANTIOQUIA
6696,6256170,2026-01-18,2:00:00,ANTIOQUIA
6698,6256176,2026-01-18,2:30:00,ANTIOQUIA
6699,6256174,2026-01-18,3:00:00,ANTIOQUIA
6701,6256179,2026-01-18,2:00:00,ANTIOQUIA
6702,6256178,2026-01-18,2:00:00,CUNDINAMARCA
6703,6256184,2026-01-18,1:00:00,CUNDINAMARCA
6705,6256183,2026-01-18,1:00:00,CUNDINAMARCA
6706,6256189,2026-01-18,5:15:00,CUNDINAMARCA
6707,6256182,2026-01-18,0:00:00,CUNDINAMARCA
6708,6256190,2026-01-18,0:10:00,ANTIOQUIA
6710,6256188,2026-01-18,0:30:00,CUNDINAMARCA
6715,6256195,2026-01-18,0:20:00,ANTIOQUIA
6716,6256197,2026-01-18,2:00:00,CUNDINAMARCA
6717,6256192,2026-01-18,1:15:00,CUNDINAMARCA
6718,6256201,2026-01-18,1:15:00,CUNDINAMARCA
6720,6256198,2026-01-19,2:30:00,CUNDINAMARCA
6721,6256200,2026-01-18,0:15:00,ANTIOQUIA
6722,6256203,2026-01-18,2:10:00,CUNDINAMARCA
6724,6256204,2026-01-18,0:30:00,CUNDINAMARCA
6727,6256206,2026-01-18,2:05:00,CUNDINAMARCA
6729,6256209,2026-01-18,1:00:00,CUNDINAMARCA
6735,6256217,2026-01-18,1:00:00,ANTIOQUIA
6736,6256216,2026-01-18,1:00:00,ANTIOQUIA
6739,6256221,2026-01-18,0:45:00,CUNDINAMARCA
6740,6256223,2026-01-18,1:15:00,ANTIOQUIA
6742,6256299,2026-01-18,1:00:00,CUNDINAMARCA
6743,6256226,2026-01-18,4:00:00,ANTIOQUIA
6744,6256230,2026-01-18,0:00:00,CUNDINAMARCA
6745,6256231,2026-01-18,1:30:00,CUNDINAMARCA
6746,6256227,2026-01-18,1:00:00,CUNDINAMARCA
6747,6256233,2026-01-18,1:00:00,CUNDINAMARCA
6748,6256235,2026-01-18,1:00:00,CUNDINAMARCA
6749,6256238,2026-01-18,3:00:00,CUNDINAMARCA
6751,6256237,2026-01-18,0:45:00,CUNDINAMARCA
6752,6256241,2026-01-18,1:00:00,ANTIOQUIA
6754,6256245,2026-01-18,2:30:00,ANTIOQUIA
6755,6256240,2026-01-18,1:15:00,CUNDINAMARCA
6758,6256250,2026-01-18,1:15:00,ANTIOQUIA
6759,6256252,2026-01-18,3:00:00,CUNDINAMARCA
6762,6256253,2026-01-18,3:30:00,ANTIOQUIA
6763,6256263,2026-01-18,2:00:00,CUNDINAMARCA
6766,6256265,2026-01-18,2:00:00,ANTIOQUIA
6767,6256258,2026-01-18,3:00:00,ANTIOQUIA
6768,6256268,2026-01-18,1:30:00,CUNDINAMARCA
6769,6256272,2026-01-18,3:00:00,CUNDINAMARCA
6771,6256271,2026-01-18,1:25:00,ANTIOQUIA
6772,6256260,2026-01-18,2:30:00,CUNDINAMARCA
6774,6256270,2026-01-18,2:00:00,ANTIOQUIA
6777,6256281,2026-01-19,1:55:00,CUNDINAMARCA
6778,6256283,2026-01-18,1:30:00,CUNDINAMARCA
6779,6256280,2026-01-18,3:00:00,CUNDINAMARCA
6780,6256285,2026-01-18,1:45:00,ANTIOQUIA
6782,6256266,2026-01-18,1:45:00,ANTIOQUIA
6785,6256291,2026-01-18,2:00:00,CUNDINAMARCA
6788,6256295,2026-01-18,1:00:00,CUNDINAMARCA
6789,6256289,2026-01-18,1:55:00,CUNDINAMARCA
6791,6256296,2026-01-18,2:00:00,ANTIOQUIA
6792,6256303,2026-01-18,3:00:00,CUNDINAMARCA
6797,6256304,2026-01-18,2:05:00,CUNDINAMARCA
6798,6256312,2026-01-18,3:30:00,CUNDINAMARCA
6800,6256314,2026-01-18,3:00:00,CUNDINAMARCA
6804,6256324,2026-01-18,2:30:00,ANTIOQUIA
6805,6256325,2026-01-18,2:30:00,CUNDINAMARCA
6806,6256326,2026-01-18,2:00:00,ANTIOQUIA
6807,6256327,2026-01-18,2:30:00,ANTIOQUIA
6810,6256330,2026-01-18,2:40:00,ANTIOQUIA
6812,6256332,2026-01-18,3:00:00,CUNDINAMARCA
6814,6256333,2026-01-18,3:05:00,ANTIOQUIA
6815,6256335,2026-01-18,3:00:00,ANTIOQUIA
6816,6256336,2026-01-18,3:00:00,ANTIOQUIA
6817,6256318,2026-01-18,17:00:00,CUNDINAMARCA
6820,6256337,2026-01-18,4:30:00,ANTIOQUIA
6822,6256340,2026-01-18,3:00:00,ANTIOQUIA
6825,6256344,2026-01-18,3:20:00,CUNDINAMARCA
6830,6256355,2026-01-18,4:00:00,ANTIOQUIA
6831,6256354,2026-01-18,3:45:00,CUNDINAMARCA
6833,6256358,2026-01-18,4:00:00,CUNDINAMARCA
6835,6256361,2026-01-18,4:00:00,ANTIOQUIA
6836,6256363,2026-01-18,4:30:00,CUNDINAMARCA
6838,6256366,2026-01-18,4:30:00,CUNDINAMARCA
6839,6255820,2026-01-18,1:30:00,ANTIOQUIA
6842,6256159,2026-01-18,3:00:00,ANTIOQUIA
6843,6256370,2026-01-18,5:00:00,ANTIOQUIA
6845,6255881,2026-01-18,2:00:00,CUNDINAMARCA
6846,6256372,2026-01-18,4:50:00,CUNDINAMARCA
6851,6256384,2026-01-18,7:05:00,CUNDINAMARCA
6867,6256409,2026-01-18,11:10:00,CUNDINAMARCA
6872,6256421,2026-01-19,2:00:00,ANTIOQUIA
6900,6256488,2026-01-18,21:30:00,CUNDINAMARCA
6906,6256506,2026-01-18,17:30:00,CUNDINAMARCA
6931,6256567,2026-01-18,19:00:00,ANTIOQUIA
6945,6256594,2026-01-18,17:00:00,CUNDINAMARCA
6967,6256642,2026-01-18,18:30:00,CUNDINAMARCA
6979,6256677,2026-01-18,19:00:00,CUNDINAMARCA
6982,6256683,2026-01-18,21:00:00,CUNDINAMARCA
6986,6256594,2026-01-18,17:00:00,CUNDINAMARCA
6988,6256696,2026-01-18,21:30:00,ANTIOQUIA
7006,6256733,2026-01-18,21:00:00,CUNDINAMARCA
7013,6256749,2026-01-18,21:45:00,CUNDINAMARCA
7015,6256751,2026-01-18,22:00:00,ANTIOQUIA
7020,6256769,2026-01-18,22:00:00,CUNDINAMARCA
7023,6256779,2026-01-18,22:30:00,CUNDINAMARCA
7024,6256782,2026-01-19,0:00:00,CUNDINAMARCA
7025,6256781,2026-01-18,23:00:00,CUNDINAMARCA
7028,6256749,2026-01-19,6:30:00,CUNDINAMARCA
7034,6256804,2026-01-18,22:45:00,CUNDINAMARCA
7043,6256822,2026-01-18,23:50:00,CUNDINAMARCA
7060,6256855,2026-01-19,0:00:00,ANTIOQUIA
7071,6256879,2026-01-19,1:30:00,ANTIOQUIA
7081,6256855,2026-01-19,0:00:00,ANTIOQUIA
7095,6256935,2026-01-19,6:30:00,ANTIOQUIA
7157,6257013,2026-01-19,15:30:00,CUNDINAMARCA
7198,6257161,2026-01-20,12:00:00,CUNDINAMARCA
7293,6257443,2026-01-19,15:35:00,CUNDINAMARCA
7326,6257568,2026-01-19,17:00:00,ANTIOQUIA
7383,6257729,2026-01-24,2:45:00,CUNDINAMARCA
7392,6257772,2026-01-24,0:20:00,CUNDINAMARCA
7409,6257826,2026-01-24,12:00:00,CUNDINAMARCA
7445,6257973,2026-01-19,21:30:00,CUNDINAMARCA
7459,6257981,2026-01-19,21:00:00,CUNDINAMARCA
7465,6258014,2026-01-20,17:00:00,CUNDINAMARCA
7475,6258069,2026-01-19,21:30:00,CUNDINAMARCA
7495,6258099,2026-01-19,22:00:00,CUNDINAMARCA
7497,6258125,2026-01-20,18:00:00,CUNDINAMARCA
7584,6258309,2026-01-20,9:30:00,CUNDINAMARCA
7596,6258327,2026-01-20,13:30:00,CUNDINAMARCA
7737,6258729,2026-01-20,21:00:00,ANTIOQUIA
7741,6258759,2026-01-20,18:00:00,CUNDINAMARCA
7778,6258979,2026-01-20,19:00:00,CUNDINAMARCA
7809,6259074,2026-01-25,2:00:00,CUNDINAMARCA
7860,6259289,2026-01-21,6:25:00,CUNDINAMARCA
7884,6259277,2026-01-21,10:00:00,CUNDINAMARCA
7926,6259437,2026-01-21,12:00:00,ANTIOQUIA
7933,6259451,2026-01-21,0:00:00,ANTIOQUIA
7945,6259473,2026-01-21,10:00:00,CUNDINAMARCA
7947,6259484,2026-01-21,20:00:00,CUNDINAMARCA
7950,6259490,2026-01-24,23:15:00,CUNDINAMARCA
7958,6259485,2026-01-21,1:30:00,ANTIOQUIA
8030,6259680,2026-01-24,23:45:00,CUNDINAMARCA
8097,6259948,2026-01-21,18:45:00,ANTIOQUIA
8108,6259987,2026-01-21,16:50:00,CUNDINAMARCA
8123,6260034,2026-01-21,17:30:00,CUNDINAMARCA
8158,6260148,2026-01-21,17:30:00,CUNDINAMARCA
8211,6260344,2026-01-21,21:00:00,ANTIOQUIA
8213,6260358,2026-01-21,21:30:00,CUNDINAMARCA
8236,6260457,2026-01-24,5:00:00,CUNDINAMARCA
8255,6260518,2026-01-21,22:00:00,CUNDINAMARCA
8271,6260561,2026-01-21,23:00:00,CUNDINAMARCA
8291,6260616,2026-01-22,14:30:00,CUNDINAMARCA
8297,6260627,2026-01-22,1:00:00,CUNDINAMARCA
8306,6260647,2026-01-22,1:45:00,ANTIOQUIA
8307,6260648,2026-01-22,8:00:00,ANTIOQUIA
8310,6260652,2026-01-22,2:00:00,CUNDINAMARCA
8317,6260669,2026-01-22,2:30:00,CUNDINAMARCA
8354,6260734,2026-01-22,22:15:00,CUNDINAMARCA
8362,6260745,2026-01-22,12:00:00,ANTIOQUIA
8369,6260755,2026-01-22,14:00:00,CUNDINAMARCA
8373,6260774,2026-01-22,14:00:00,CUNDINAMARCA
8396,6260808,2026-01-22,20:40:00,CUNDINAMARCA
8479,6260976,2026-01-22,15:30:00,ANTIOQUIA
8505,6261064,2026-01-22,21:00:00,CUNDINAMARCA
8508,6261078,2026-01-22,22:00:00,CUNDINAMARCA
8513,6261100,2026-01-24,2:00:00,CUNDINAMARCA
8530,6261126,2026-01-24,1:30:00,ANTIOQUIA
8548,6261178,2026-01-24,21:00:00,CUNDINAMARCA
8554,6261191,2026-01-22,22:30:00,CUNDINAMARCA
8556,6261181,2026-01-23,0:00:00,ANTIOQUIA
8571,6261232,2026-01-23,1:30:00,ANTIOQUIA
8575,6261248,2026-01-22,17:30:00,CUNDINAMARCA
8609,6261359,2026-02-22,1:00:00,CUNDINAMARCA
8617,6261398,2026-01-22,23:30:00,CUNDINAMARCA
8624,6261412,2026-01-22,21:30:00,CUNDINAMARCA
8648,6261542,2026-01-23,7:15:00,ANTIOQUIA
8657,6261505,2026-01-22,23:00:00,CUNDINAMARCA
8660,6261534,2026-01-22,20:30:00,CUNDINAMARCA
8664,6261588,2026-01-25,2:00:00,ANTIOQUIA
8672,6261608,2026-01-24,1:30:00,ANTIOQUIA
8693,6261644,2026-01-22,22:30:00,CUNDINAMARCA
8699,6261659,2026-01-22,22:30:00,CUNDINAMARCA
8702,6261664,2026-01-22,23:00:00,CUNDINAMARCA
8703,6261666,2026-01-24,3:00:00,ANTIOQUIA
8712,6261682,2026-01-22,23:30:00,CUNDINAMARCA
8715,6261680,2026-01-22,22:20:00,CUNDINAMARCA
8722,6261698,2026-01-23,2:00:00,ANTIOQUIA
8745,6261734,2026-01-22,23:35:00,ANTIOQUIA
8757,6261756,2026-01-23,1:00:00,ANTIOQUIA
8765,6261773,2026-01-23,2:30:00,ANTIOQUIA
8772,6261786,2026-01-23,2:00:00,ANTIOQUIA
8775,6261791,2026-01-24,2:30:00,CUNDINAMARCA
8782,6261801,2026-01-26,9:40:00,ANTIOQUIA
8787,6261811,2026-01-23,4:00:00,ANTIOQUIA
8872,6262008,2026-01-25,1:30:00,ANTIOQUIA
8893,6262050,2026-01-23,12:30:00,CUNDINAMARCA
8902,6262066,2026-01-24,2:00:00,CUNDINAMARCA
8915,6262104,2026-01-24,1:00:00,CUNDINAMARCA
8916,6262108,2026-01-24,13:00:00,CUNDINAMARCA
8918,6262110,2026-01-24,1:00:00,CUNDINAMARCA
8920,6262114,2026-01-23,16:30:00,CUNDINAMARCA
8937,6262146,2026-01-24,2:00:00,ANTIOQUIA
8939,6262172,2026-01-25,2:30:00,CUNDINAMARCA
8976,6262289,2026-01-25,2:00:00,CUNDINAMARCA
8977,6262288,2026-01-24,1:30:00,ANTIOQUIA
8992,6262333,2026-01-23,17:15:00,CUNDINAMARCA
8998,6262358,2026-01-23,22:00:00,CUNDINAMARCA
9001,6262370,2026-01-24,1:00:00,ANTIOQUIA
9010,6262393,2026-01-23,18:30:00,CUNDINAMARCA
9028,6262380,2026-01-23,21:00:00,CUNDINAMARCA
9029,6262393,2026-01-23,18:30:00,CUNDINAMARCA
9034,6262410,2026-01-23,22:00:00,CUNDINAMARCA
9042,6262460,2026-01-24,1:30:00,CUNDINAMARCA
9045,6262503,2026-01-25,1:00:00,CUNDINAMARCA
9047,6262463,2026-01-23,20:30:00,CUNDINAMARCA
9048,6262502,2026-01-23,22:00:00,ANTIOQUIA
9054,6262478,2026-01-24,0:00:00,ANTIOQUIA
9056,6262435,2026-01-25,2:45:00,CUNDINAMARCA
9058,6262529,2026-01-24,4:00:00,ANTIOQUIA
9061,6262479,2026-01-23,23:30:00,CUNDINAMARCA
9064,6262461,2026-01-23,16:00:00,CUNDINAMARCA
9074,6262547,2026-01-23,23:00:00,CUNDINAMARCA
9075,6262555,2026-01-23,21:30:00,CUNDINAMARCA
9077,6262575,2026-01-23,20:00:00,CUNDINAMARCA
9083,6262586,2026-01-24,1:00:00,ANTIOQUIA
9089,6262609,2026-01-24,1:00:00,CUNDINAMARCA
9094,6262645,2026-01-24,1:00:00,ANTIOQUIA
9096,6262656,2026-01-24,0:25:00,ANTIOQUIA
9102,6262678,2026-01-23,21:00:00,CUNDINAMARCA
9108,6262690,2026-01-23,21:15:00,ANTIOQUIA
9111,6262708,2026-01-23,22:00:00,CUNDINAMARCA
9112,6262707,2026-01-23,22:40:00,CUNDINAMARCA
9114,6262687,2026-01-23,21:00:00,CUNDINAMARCA
9116,6262719,2026-01-23,21:45:00,CUNDINAMARCA
9119,6262722,2026-01-24,2:30:00,CUNDINAMARCA
9120,6262733,2026-01-24,0:10:00,ANTIOQUIA
9124,6262737,2026-01-23,21:45:00,CUNDINAMARCA
9125,6262727,2026-01-24,2:30:00,ANTIOQUIA
9126,6262742,2026-01-24,3:00:00,ANTIOQUIA
9127,6262736,2026-01-23,23:30:00,ANTIOQUIA
9128,6262745,2026-01-23,21:40:00,CUNDINAMARCA
9134,6262758,2026-01-23,22:00:00,ANTIOQUIA
9136,6262762,2026-01-23,23:00:00,ANTIOQUIA
9137,6262763,2026-01-23,22:10:00,ANTIOQUIA
9138,6262761,2026-01-23,22:15:00,CUNDINAMARCA
9139,6262765,2026-01-23,23:00:00,ANTIOQUIA
9141,6262769,2026-01-02,22:20:00,CUNDINAMARCA
9145,6262771,2026-01-23,23:00:00,ANTIOQUIA
9146,6262780,2026-01-23,23:00:00,CUNDINAMARCA
9150,6262781,2026-01-24,2:30:00,CUNDINAMARCA
9151,6262784,2026-01-24,1:00:00,ANTIOQUIA
9152,6262792,2026-01-24,2:00:00,ANTIOQUIA
9153,6262787,2026-01-23,23:45:00,ANTIOQUIA
9154,6262796,2026-01-24,3:35:00,CUNDINAMARCA
9155,6262788,2026-01-24,1:30:00,ANTIOQUIA
9157,6262791,2026-01-24,1:00:00,CUNDINAMARCA
9161,6262790,2026-01-24,1:30:00,ANTIOQUIA
9162,6262795,2026-01-24,12:00:00,CUNDINAMARCA
9164,6262806,2026-01-23,23:30:00,CUNDINAMARCA
9166,6262807,2026-01-24,0:30:00,ANTIOQUIA
9168,6262808,2026-01-24,2:00:00,CUNDINAMARCA
9171,6262811,2026-01-24,0:30:00,ANTIOQUIA
9174,6262823,2026-01-24,1:00:00,ANTIOQUIA
9176,6262828,2026-01-24,1:00:00,CUNDINAMARCA
9177,NJX171,2026-01-24,1:45:00,CUNDINAMARCA
9178,6262826,2026-01-23,23:40:00,ANTIOQUIA
9179,6262824,2026-01-23,23:30:00,ANTIOQUIA
9181,6262832,2026-01-24,0:00:00,ANTIOQUIA
9185,6262837,2026-01-24,1:00:00,ANTIOQUIA
9186,6262838,2026-01-24,1:00:00,ANTIOQUIA
9187,6262843,2026-01-24,0:30:00,ANTIOQUIA
9188,6262846,2026-01-24,1:00:00,CUNDINAMARCA
9189,6262847,2026-01-24,2:15:00,ANTIOQUIA
9192,6262840,2026-01-24,1:30:00,ANTIOQUIA
9193,6262850,2026-01-24,2:00:00,CUNDINAMARCA
9195,6262848,2026-01-24,1:30:00,ANTIOQUIA
9196,6262836,2026-01-24,1:00:00,CUNDINAMARCA
9197,6262854,2026-01-23,23:45:00,CUNDINAMARCA
9198,6262855,2026-01-24,1:00:00,ANTIOQUIA
9201,6262697,2026-01-24,12:00:00,ANTIOQUIA
9202,6262856,2026-01-24,0:45:00,CUNDINAMARCA
9204,6262863,2026-01-24,0:00:00,CUNDINAMARCA
9205,6262859,2026-01-24,0:30:00,CUNDINAMARCA
9207,6262866,2026-01-24,0:15:00,ANTIOQUIA
9208,6262860,2026-01-24,1:30:00,CUNDINAMARCA
9214,6262868,2026-01-24,0:15:00,CUNDINAMARCA
9215,6262877,2026-01-24,3:00:00,CUNDINAMARCA
9221,6262881,2026-01-24,2:15:00,CUNDINAMARCA
9222,6262880,2026-01-24,0:30:00,ANTIOQUIA
9224,6262885,2026-01-24,1:00:00,CUNDINAMARCA
9227,6262888,2026-01-24,0:35:00,ANTIOQUIA
9229,6262887,2026-01-24,1:00:00,CUNDINAMARCA
9230,6262894,2026-01-24,7:00:00,CUNDINAMARCA
9233,6262900,2026-01-25,2:00:00,CUNDINAMARCA
9235,6262903,2026-01-24,1:00:00,ANTIOQUIA
9240,6262911,2026-01-24,2:35:00,CUNDINAMARCA
9243,6262918,2026-01-24,2:00:00,ANTIOQUIA
9249,6262932,2026-01-24,1:00:00,ANTIOQUIA
9252,6262936,2026-01-24,1:30:00,ANTIOQUIA
9257,6262935,2026-01-24,2:00:00,CUNDINAMARCA
9259,6262940,2026-01-24,2:00:00,ANTIOQUIA
9260,6262946,2026-01-24,3:00:00,CUNDINAMARCA
9261,6262931,2026-01-24,2:30:00,CUNDINAMARCA
9264,6262950,2026-01-24,2:00:00,CUNDINAMARCA
9265,6262955,2026-01-24,2:05:00,ANTIOQUIA
9268,6262961,2026-01-24,2:00:00,CUNDINAMARCA
9269,6262953,2026-01-24,2:30:00,ANTIOQUIA
9276,6262973,2026-01-24,2:30:00,CUNDINAMARCA
9279,6262979,2026-01-26,0:30:00,ANTIOQUIA
9280,6262980,2026-01-24,3:00:00,ANTIOQUIA
9281,6262983,2026-01-24,3:00:00,ANTIOQUIA
9285,6162985,2026-01-24,3:40:00,ANTIOQUIA
9286,6262987,2026-01-24,10:30:00,CUNDINAMARCA
9287,6262986,2026-01-24,2:15:00,CUNDINAMARCA
9294,6262996,2026-01-24,3:00:00,ANTIOQUIA
9297,6263002,2026-01-24,4:00:00,CUNDINAMARCA
9302,6263014,2026-01-24,4:00:00,ANTIOQUIA
9305,6263022,2026-01-24,4:40:00,CUNDINAMARCA
9331,6263076,2026-01-24,11:15:00,CUNDINAMARCA
9362,6263123,2026-01-24,20:15:00,CUNDINAMARCA
9373,6263157,2026-01-25,0:00:00,ANTIOQUIA
9380,6263168,2026-01-25,10:00:00,CUNDINAMARCA
9408,6263230,2026-01-25,2:00:00,ANTIOQUIA
9438,6263322,2026-01-24,15:00:00,ANTIOQUIA
9445,6263335,2026-01-24,17:30:00,CUNDINAMARCA
9448,6263343,2026-02-13,2:30:00,ANTIOQUIA
9456,6263370,2026-01-24,18:00:00,CUNDINAMARCA
9457,6263372,2026-01-24,18:00:00,CUNDINAMARCA
9458,6263386,2026-01-25,0:00:00,ANTIOQUIA
9461,6263392,2026-01-24,17:30:00,ANTIOQUIA
9463,6263395,2026-01-24,18:10:00,CUNDINAMARCA
9465,6263404,2026-01-24,23:00:00,CUNDINAMARCA
9468,6263412,2026-01-24,23:00:00,CUNDINAMARCA
9469,6263400,2026-01-25,10:00:00,CUNDINAMARCA
9478,6263438,2026-01-25,3:00:00,ANTIOQUIA
9481,6263452,2026-01-25,1:00:00,ANTIOQUIA
9485,6263460,2026-01-24,19:00:00,CUNDINAMARCA
9489,6263468,2026-01-24,20:30:00,ANTIOQUIA
9491,6263474,2026-01-25,2:00:00,CUNDINAMARCA
9492,6263477,2026-01-24,19:00:00,ANTIOQUIA
9493,6263478,2026-01-31,2:00:00,CUNDINAMARCA
9495,6263485,2026-01-25,0:30:00,CUNDINAMARCA
9497,6263496,2026-01-25,2:00:00,CUNDINAMARCA
9498,6263501,2026-01-25,0:01:00,CUNDINAMARCA
9499,6263507,2026-01-24,18:00:00,CUNDINAMARCA
9502,6263512,2026-01-24,21:30:00,CUNDINAMARCA
9507,6263522,2026-01-24,22:30:00,ANTIOQUIA
9508,6263527,2026-01-24,18:00:00,CUNDINAMARCA
9512,6263529,2026-01-25,1:30:00,ANTIOQUIA
9514,6263531,2026-01-25,0:10:00,CUNDINAMARCA
9517,6263542,2026-01-25,2:00:00,ANTIOQUIA
9528,626353551,2026-01-24,17:55:00,ANTIOQUIA
9531,6263564,2026-01-24,20:00:00,CUNDINAMARCA
9532,6263553,2026-01-27,6:00:00,CUNDINAMARCA
9534,6263552,2026-01-24,19:00:00,ANTIOQUIA
9536,6263558,2026-01-25,3:00:00,CUNDINAMARCA
9538,6263574,2026-01-24,19:30:00,CUNDINAMARCA
9542,6263570,2026-01-24,22:00:00,CUNDINAMARCA
9544,6263580,2026-01-24,23:00:00,CUNDINAMARCA
9545,6263585,2026-01-25,1:30:00,ANTIOQUIA
9548,6263590,2026-01-24,23:00:00,CUNDINAMARCA
9560,6263605,2026-01-24,23:00:00,CUNDINAMARCA
9561,6263606,2026-01-24,20:00:00,CUNDINAMARCA
9562,6263621,2026-01-25,19:35:00,ANTIOQUIA
9563,6263615,2026-01-25,3:00:00,CUNDINAMARCA
9564,6263623,2026-01-24,20:20:00,CUNDINAMARCA
9565,6263622,2026-01-24,21:30:00,ANTIOQUIA
9567,6263626,2026-01-25,0:30:00,ANTIOQUIA
9573,6263620,2026-01-24,21:00:00,CUNDINAMARCA
9575,6263630,2026-01-24,22:00:00,CUNDINAMARCA
9576,6263637,2026-01-25,1:30:00,CUNDINAMARCA
9577,6263652,2026-01-24,21:00:00,CUNDINAMARCA
9579,6263635,2026-01-24,20:30:00,ANTIOQUIA
9580,6263651,2026-01-24,22:05:00,ANTIOQUIA
9583,6263653,2026-01-25,11:45:00,CUNDINAMARCA
9587,6263662,2026-01-24,22:30:00,ANTIOQUIA
9593,6263669,2026-01-25,0:30:00,CUNDINAMARCA
9594,6263672,2026-01-25,0:00:00,CUNDINAMARCA
9595,6263673,2026-01-24,23:00:00,CUNDINAMARCA
9596,6263674,2026-01-24,22:30:00,CUNDINAMARCA
9597,6263677,2026-01-25,1:00:00,CUNDINAMARCA
9598,6263675,2026-01-24,22:10:00,CUNDINAMARCA
9601,6263682,2026-01-25,2:30:00,CUNDINAMARCA
9604,6263688,2026-01-24,21:20:00,ANTIOQUIA
9605,6263691,2026-01-24,22:00:00,CUNDINAMARCA
9607,4707396,2026-01-24,21:30:00,CUNDINAMARCA
9608,6263692,2026-01-25,2:00:00,CUNDINAMARCA
9609,6263695,2026-01-24,22:00:00,CUNDINAMARCA
9612,6263701,2026-01-25,0:30:00,CUNDINAMARCA
9614,6263693,2026-01-24,22:15:00,CUNDINAMARCA
9615,6263700,2026-01-25,3:00:00,ANTIOQUIA
9620,6263703,2026-01-24,22:00:00,CUNDINAMARCA
9621,6263714,2026-01-25,2:00:00,ANTIOQUIA
9623,6263716,2026-01-24,23:00:00,CUNDINAMARCA
9624,6263723,2026-01-24,23:45:00,ANTIOQUIA
9627,6263718,2026-01-25,13:00:00,ANTIOQUIA
9628,6263720,2026-01-24,23:30:00,ANTIOQUIA
9630,6263728,2026-01-24,22:30:00,CUNDINAMARCA
9632,6263743,2026-01-25,0:15:00,ANTIOQUIA
9633,6263741,2026-01-24,23:00:00,CUNDINAMARCA
9634,6263746,2026-01-25,3:30:00,CUNDINAMARCA
9641,6263753,2026-01-24,23:00:00,ANTIOQUIA
9642,6263755,2026-01-25,2:00:00,CUNDINAMARCA
9645,6263756,2026-01-25,2:00:00,ANTIOQUIA
9646,6263766,2026-01-25,0:00:00,CUNDINAMARCA
9647,6263767,2026-01-25,2:00:00,CUNDINAMARCA
9650,6263757,2026-01-24,23:30:00,ANTIOQUIA
9651,6263769,2026-01-24,22:25:00,CUNDINAMARCA
9652,6263775,2026-01-25,0:00:00,ANTIOQUIA
9653,6263768,2026-01-24,22:45:00,CUNDINAMARCA
9655,6263778,2026-01-25,0:00:00,ANTIOQUIA
9656,6263780,2026-01-24,22:30:00,ANTIOQUIA
9657,6263781,2026-01-25,0:00:00,CUNDINAMARCA
9658,6263783,2026-01-24,23:00:00,CUNDINAMARCA
9661,6263784,2026-01-24,23:00:00,CUNDINAMARCA
9663,6263789,2026-01-24,22:35:00,ANTIOQUIA
9664,6263786,2026-01-25,2:00:00,ANTIOQUIA
9666,6263792,2026-01-25,1:30:00,CUNDINAMARCA
9667,6263794,2026-01-25,0:30:00,CUNDINAMARCA
9672,6263805,2026-01-25,1:30:00,CUNDINAMARCA
9673,6263807,2026-01-25,1:00:00,ANTIOQUIA
9674,6263794,2026-01-25,2:30:00,ANTIOQUIA
9675,6263810,2026-01-24,23:30:00,CUNDINAMARCA
9676,6263809,2026-01-25,0:00:00,CUNDINAMARCA
9677,6263812,2026-01-25,0:00:00,ANTIOQUIA
9679,6263808,2026-01-24,23:55:00,CUNDINAMARCA
9681,6263811,2026-01-25,1:00:00,CUNDINAMARCA
9682,6263814,2026-01-25,0:00:00,ANTIOQUIA
9684,6263816,2026-01-24,23:25:00,CUNDINAMARCA
9686,6263819,2026-01-25,3:05:00,CUNDINAMARCA
9691,6263832,2026-01-25,0:00:00,CUNDINAMARCA
9692,6263837,2026-01-25,1:15:00,CUNDINAMARCA
9695,6263827,2026-01-25,3:00:00,CUNDINAMARCA
9698,6263846,2026-01-25,1:35:00,ANTIOQUIA
9701,6263840,2026-01-25,1:00:00,CUNDINAMARCA
9702,6263848,2026-01-25,0:30:00,ANTIOQUIA
9703,6263839,2026-01-25,0:30:00,CUNDINAMARCA
9704,6263841,2026-01-26,0:00:00,ANTIOQUIA
9707,6263845,2026-01-25,0:30:00,CUNDINAMARCA
9711,6263855,2026-01-25,2:00:00,ANTIOQUIA
9712,6263858,2026-01-25,1:00:00,CUNDINAMARCA
9715,6263868,2026-01-25,1:10:00,CUNDINAMARCA
9716,6263870,2026-01-25,1:00:00,CUNDINAMARCA
9718,6263859,2026-01-25,2:00:00,CUNDINAMARCA
9719,6263872,2026-01-25,0:20:00,ANTIOQUIA
9720,6263860,2026-01-25,3:15:00,ANTIOQUIA
9721,6263877,2026-01-25,0:15:00,CUNDINAMARCA
9722,6263876,2026-01-25,0:30:00,CUNDINAMARCA
9724,6263865,2026-01-25,2:00:00,ANTIOQUIA
9725,6263867,2026-01-25,2:00:00,ANTIOQUIA
9726,6263871,2026-02-25,2:00:00,ANTIOQUIA
9727,6263873,2026-01-25,2:00:00,CUNDINAMARCA
9731,6263878,2026-01-25,1:00:00,CUNDINAMARCA
9732,6263882,2026-01-25,0:30:00,CUNDINAMARCA
9733,6263889,2026-01-25,2:05:00,ANTIOQUIA
9734,6233893,2026-01-25,0:25:00,CUNDINAMARCA
9736,6263894,2026-01-25,1:30:00,ANTIOQUIA
9738,6263900,2026-01-25,0:50:00,ANTIOQUIA
9739,6263899,2026-01-25,3:00:00,CUNDINAMARCA
9740,6263895,2026-01-25,1:00:00,CUNDINAMARCA
9741,6263901,2026-01-25,1:15:00,CUNDINAMARCA
9742,6263905,2026-01-25,1:00:00,CUNDINAMARCA
9745,6263906,2026-01-25,1:15:00,CUNDINAMARCA
9746,6263907,2026-01-25,1:15:00,CUNDINAMARCA
9749,6263914,2026-01-25,3:00:00,CUNDINAMARCA
9750,6263917,2026-01-25,1:30:00,ANTIOQUIA
9751,6263918,2026-01-25,1:10:00,ANTIOQUIA
9752,6263916,2026-04-25,4:00:00,CUNDINAMARCA
9753,6263920,2026-01-25,1:55:00,ANTIOQUIA
9754,6263921,2026-01-25,1:00:00,ANTIOQUIA
9755,6263924,2026-01-25,1:15:00,CUNDINAMARCA
9756,6263919,2026-01-25,3:00:00,CUNDINAMARCA
9757,6263925,2026-01-25,1:25:00,ANTIOQUIA
9758,6263928,2026-01-25,1:15:00,ANTIOQUIA
9759,6263927,2026-01-25,1:15:00,ANTIOQUIA
9761,6263929,2026-01-25,2:00:00,ANTIOQUIA
9762,6263934,2026-01-25,2:00:00,ANTIOQUIA
9765,6263939,2026-01-25,3:10:00,CUNDINAMARCA
9766,6263938,2026-01-25,2:00:00,ANTIOQUIA
9767,6263936,2026-01-25,2:40:00,ANTIOQUIA
9770,6263943,2026-01-25,1:35:00,ANTIOQUIA
9772,6263944,2026-01-25,3:00:00,ANTIOQUIA
9773,6263947,2026-01-25,1:40:00,CUNDINAMARCA
9776,6263954,2026-01-25,2:30:00,CUNDINAMARCA
9777,6263951,2026-01-25,2:00:00,CUNDINAMARCA
9778,6263957,2026-01-25,4:00:00,CUNDINAMARCA
9779,6263958,2026-01-25,1:20:00,ANTIOQUIA
9780,6263960,2026-01-25,2:30:00,ANTIOQUIA
9781,6263964,2026-01-25,2:00:00,CUNDINAMARCA
9782,6263966,2026-01-25,3:00:00,ANTIOQUIA
9785,6263970,2026-01-25,3:20:00,ANTIOQUIA
9786,6263971,2026-01-25,2:30:00,ANTIOQUIA
9787,6263965,2026-01-25,3:00:00,ANTIOQUIA
9788,6263968,2026-01-25,2:10:00,CUNDINAMARCA
9789,6263967,2026-01-25,3:00:00,ANTIOQUIA
9793,6263977,2026-01-25,2:30:00,CUNDINAMARCA
9794,6263976,2026-01-25,3:00:00,CUNDINAMARCA
9797,6263985,2026-01-25,5:00:00,CUNDINAMARCA
9798,6263987,2026-01-25,2:30:00,CUNDINAMARCA
9800,6263975,2026-01-25,6:00:00,CUNDINAMARCA
9801,6263991,2026-01-25,2:20:00,CUNDINAMARCA
9802,6263986,2026-01-25,4:00:00,ANTIOQUIA
9804,6263996,2026-01-25,3:00:00,CUNDINAMARCA
9808,6263999,2026-01-25,4:30:00,ANTIOQUIA
9809,6264000,2026-01-25,4:00:00,ANTIOQUIA
9810,6264001,2026-01-25,4:00:00,ANTIOQUIA
9811,6264003,2026-01-25,5:00:00,CUNDINAMARCA
9812,6264006,2026-01-25,3:30:00,CUNDINAMARCA
9813,6264004,2026-01-25,4:00:00,ANTIOQUIA
9815,6264010,2026-01-25,4:00:00,CUNDINAMARCA
9817,6264013,2026-01-25,3:45:00,ANTIOQUIA
9818,6264016,2026-01-25,5:00:00,ANTIOQUIA
9821,6264014,2026-01-25,4:00:00,CUNDINAMARCA
9824,6264020,2026-01-25,4:30:00,ANTIOQUIA
9829,6264033,2026-01-25,4:15:00,ANTIOQUIA
9830,6264029,2026-01-26,0:45:00,ANTIOQUIA
9832,6264034,2026-01-25,4:30:00,ANTIOQUIA
9833,6264031,2026-01-25,14:30:00,CUNDINAMARCA
9835,6264032,2026-01-25,4:00:00,CUNDINAMARCA
9841,6263961,2026-01-25,3:30:00,CUNDINAMARCA
9846,6264049,2026-01-25,5:15:00,CUNDINAMARCA
9849,6264058,2026-01-25,7:00:00,ANTIOQUIA
9850,6264059,2026-01-25,7:00:00,ANTIOQUIA
9852,6264061,2026-01-25,8:00:00,ANTIOQUIA
9857,6264069,2026-01-25,10:00:00,ANTIOQUIA
9914,6264186,2026-01-26,2:45:00,CUNDINAMARCA
9916,6264206,2026-01-26,0:00:00,ANTIOQUIA
9918,6264207,2026-01-25,20:00:00,ANTIOQUIA
9920,6264212,2026-01-25,16:00:00,ANTIOQUIA
9924,6264223,2026-02-01,1:30:00,ANTIOQUIA
9926,6264236,2026-01-25,18:15:00,ANTIOQUIA
9928,6264246,2026-01-26,2:00:00,ANTIOQUIA
9936,6264259,2026-01-25,18:00:00,CUNDINAMARCA
9944,6264270,2026-01-25,19:00:00,CUNDINAMARCA
9947,6264276,2026-01-25,17:30:00,CUNDINAMARCA
9962,6264301,2026-01-25,18:30:00,CUNDINAMARCA
9968,6264319,2026-01-25,20:20:00,CUNDINAMARCA
9975,6264337,2026-01-25,19:00:00,ANTIOQUIA
9978,6264330,2026-01-26,4:45:00,CUNDINAMARCA
9983,6264349,2026-01-25,19:15:00,CUNDINAMARCA
9986,6264349,2026-01-25,19:15:00,CUNDINAMARCA
9993,6264360,2026-01-25,21:00:00,CUNDINAMARCA
9995,6264359,2026-01-25,20:00:00,ANTIOQUIA
10001,6264374,2026-01-25,21:00:00,CUNDINAMARCA
10002,6264347,2026-01-25,21:00:00,ANTIOQUIA
10013,6264422,2026-01-25,21:00:00,CUNDINAMARCA
10019,6264432,2026-01-25,20:50:00,ANTIOQUIA
10029,6264454,2026-01-25,21:30:00,CUNDINAMARCA
10039,6264471,2026-01-26,0:30:00,ANTIOQUIA
10040,6264472,2026-01-25,23:00:00,ANTIOQUIA
10041,6264474,2026-01-25,22:00:00,ANTIOQUIA
10044,6264476,2026-01-26,1:00:00,ANTIOQUIA
10045,6263621,2026-01-25,19:35:00,ANTIOQUIA
10061,6264503,2026-01-26,1:00:00,ANTIOQUIA
10075,6264550,2026-01-26,0:00:00,CUNDINAMARCA
10082,6264558,2026-01-26,2:00:00,ANTIOQUIA
10090,6264564,2026-01-26,0:30:00,ANTIOQUIA
10098,6264587,2026-01-26,0:35:00,ANTIOQUIA
10118,6264625,2026-01-26,9:30:00,ANTIOQUIA
10126,6264637,2026-01-26,6:30:00,CUNDINAMARCA
10133,6264649,2026-01-26,7:15:00,CUNDINAMARCA
10178,6264731,2026-01-26,11:45:00,ANTIOQUIA
10366,6265329,2026-01-26,18:30:00,CUNDINAMARCA
10483,6265712,2026-01-27,1:15:00,CUNDINAMARCA
10487,6265738,2026-01-27,16:00:00,CUNDINAMARCA
10515,6265814,2026-01-27,2:30:00,CUNDINAMARCA
10526,2625831,2026-01-26,23:00:00,ANTIOQUIA
10550,6265866,2026-01-27,1:00:00,ANTIOQUIA
10551,6265870,2026-01-27,0:30:00,CUNDINAMARCA
10552,6265867,2026-01-27,7:30:00,ANTIOQUIA
10580,6265928,2026-01-27,4:30:00,CUNDINAMARCA
10644,6266049,2026-01-27,12:40:00,CUNDINAMARCA
10757,6266463,2026-02-01,1:00:00,ANTIOQUIA
10762,6266471,2026-01-27,16:00:00,CUNDINAMARCA
10784,6266528,2026-01-27,18:15:00,ANTIOQUIA
10787,6266533,2026-01-27,19:00:00,ANTIOQUIA
10790,6266551,2026-01-27,18:00:00,CUNDINAMARCA
10825,6266760,2026-01-27,22:00:00,CUNDINAMARCA
10827,6266767,2026-01-29,23:30:00,CUNDINAMARCA
10833,6266803,2026-01-27,21:00:00,CUNDINAMARCA
10839,6266834,2026-01-27,21:30:00,CUNDINAMARCA
10853,6266921,2026-01-27,22:30:00,ANTIOQUIA
10871,6266951,2026-01-27,22:00:00,CUNDINAMARCA
10878,6266992,2026-01-27,23:00:00,ANTIOQUIA
10888,6267020,2026-01-28,12:45:00,CUNDINAMARCA
10891,6267030,2026-01-28,17:00:00,ANTIOQUIA
10910,6267068,2026-01-28,0:15:00,ANTIOQUIA
10916,6267082,2026-01-27,23:00:00,CUNDINAMARCA
10919,6267087,2026-01-28,0:00:00,ANTIOQUIA
10975,6267201,2026-01-28,22:00:00,CUNDINAMARCA
10995,6267240,2026-01-28,13:00:00,CUNDINAMARCA
11073,6267429,2026-01-31,22:30:00,CUNDINAMARCA
11122,6267542,2026-02-01,4:00:00,ANTIOQUIA
11131,6267574,2026-01-30,7:45:00,ANTIOQUIA
11145,6267634,2026-01-28,20:40:00,CUNDINAMARCA
11155,6267631,2026-01-28,16:30:00,CUNDINAMARCA
11157,6267646,2026-02-01,7:45:00,CUNDINAMARCA
11185,6267742,2026-01-28,19:30:00,CUNDINAMARCA
11188,6267764,2026-02-01,2:00:00,ANTIOQUIA
11206,6267799,2026-01-28,18:30:00,ANTIOQUIA
11216,4710584,2026-01-28,23:30:00,CUNDINAMARCA
11218,6267863,2026-01-28,21:30:00,ANTIOQUIA
11265,6268052,2026-01-28,21:00:00,CUNDINAMARCA
11279,6268114,2026-01-28,22:00:00,ANTIOQUIA
11282,6268123,2026-01-28,21:00:00,CUNDINAMARCA
11284,6268124,2026-01-28,22:15:00,CUNDINAMARCA
11297,6268156,2026-01-28,23:45:00,CUNDINAMARCA
11312,6268196,2026-01-28,23:00:00,ANTIOQUIA
11315,6268194,2026-01-28,23:00:00,ANTIOQUIA
11317,6268218,2026-01-28,23:00:00,CUNDINAMARCA
11326,6268238,2026-01-29,5:45:00,CUNDINAMARCA
11367,6268394,2026-01-29,2:00:00,CUNDINAMARCA
11372,6268369,2026-01-30,20:00:00,CUNDINAMARCA
11384,6268430,2026-01-29,6:00:00,CUNDINAMARCA
11390,6268445,2026-01-29,4:30:00,ANTIOQUIA
11397,6268458,2026-01-29,10:15:00,CUNDINAMARCA
11456,6268609,2026-01-29,15:30:00,CUNDINAMARCA
11483,6268626,2026-02-01,2:15:00,ANTIOQUIA
11505,6268755,2026-02-04,13:00:00,ANTIOQUIA
11506,6268762,2026-02-04,17:00:00,ANTIOQUIA
11524,6268792,2026-01-29,16:00:00,ANTIOQUIA
11558,6268896,2026-01-29,16:00:00,ANTIOQUIA
11561,6268903,2026-01-29,16:30:00,CUNDINAMARCA
11599,6269045,2026-01-29,16:30:00,ANTIOQUIA
11602,6269035,2026-01-29,21:30:00,CUNDINAMARCA
11616,6269094,2026-01-31,8:30:00,ANTIOQUIA
11642,6269187,2026-01-29,20:00:00,CUNDINAMARCA
11651,6269215,2026-01-30,7:30:00,CUNDINAMARCA
11665,6269277,2026-01-29,20:30:00,CUNDINAMARCA
11667,6269285,2026-01-30,21:00:00,CUNDINAMARCA
11669,6269298,2026-01-30,0:10:00,CUNDINAMARCA
11688,6269328,2026-01-30,15:00:00,CUNDINAMARCA
11689,6269340,2026-01-30,0:30:00,CUNDINAMARCA
11697,6269355,2026-01-29,22:00:00,ANTIOQUIA
11711,6269376,2026-01-30,0:30:00,CUNDINAMARCA
11718,6269404,2026-01-29,23:05:00,CUNDINAMARCA
11721,6269419,2026-01-31,1:00:00,ANTIOQUIA
11726,6269429,2026-02-01,1:30:00,ANTIOQUIA
11727,6269434,2026-01-29,23:00:00,CUNDINAMARCA
11737,6269464,2026-01-29,23:30:00,CUNDINAMARCA
11739,6269468,2026-01-30,0:00:00,CUNDINAMARCA
11741,6269474,2026-01-29,23:30:00,CUNDINAMARCA
11744,6269469,2026-01-30,0:00:00,CUNDINAMARCA
11746,6269481,2026-02-01,1:00:00,ANTIOQUIA
11748,6269474,2026-01-29,23:30:00,CUNDINAMARCA
11751,6269490,2026-01-30,12:15:00,CUNDINAMARCA
11752,6269491,2026-01-30,0:30:00,CUNDINAMARCA
11759,6269496,2026-01-29,23:05:00,ANTIOQUIA
11768,6269523,2026-01-30,1:00:00,ANTIOQUIA
11770,6269528,2026-01-30,1:00:00,CUNDINAMARCA
11771,6269530,2026-01-30,5:30:00,ANTIOQUIA
11784,6269552,2026-01-30,1:40:00,CUNDINAMARCA
11792,6269566,2026-01-30,2:00:00,ANTIOQUIA
11796,6269566,2026-01-30,2:00:00,ANTIOQUIA
11800,6269576,2026-01-30,2:20:00,ANTIOQUIA
11801,6269577,2026-01-30,5:00:00,CUNDINAMARCA
11803,6269576,2026-01-30,2:20:00,ANTIOQUIA
11807,6269584,2026-01-30,5:30:00,CUNDINAMARCA
11814,6269599,2026-01-30,4:05:00,CUNDINAMARCA
11816,6269602,2026-01-30,7:30:00,ANTIOQUIA
11829,6269631,2026-01-30,10:45:00,CUNDINAMARCA
11835,6269642,2026-01-31,3:00:00,CUNDINAMARCA
11887,6269756,2026-02-01,2:00:00,CUNDINAMARCA
11897,6269788,2026-01-30,20:30:00,CUNDINAMARCA
11899,6269795,2026-02-01,1:30:00,CUNDINAMARCA
11923,6269859,2026-01-31,0:30:00,CUNDINAMARCA
11927,6269881,2026-01-31,1:00:00,ANTIOQUIA
11952,6269930,2026-01-31,1:30:00,ANTIOQUIA
11957,6269949,2026-01-30,17:00:00,CUNDINAMARCA
11964,6269966,2026-01-31,1:00:00,ANTIOQUIA
11970,6269970,2026-01-30,23:00:00,CUNDINAMARCA
11980,6270005,2026-01-31,2:00:00,ANTIOQUIA
11998,6270049,2026-01-30,21:20:00,CUNDINAMARCA
12014,6270075,2026-01-31,21:00:00,CUNDINAMARCA
12018,6270062,2026-01-01,2:00:00,ANTIOQUIA
12028,6270119,2026-01-31,20:00:00,ANTIOQUIA
12044,6270142,2026-01-30,18:15:00,CUNDINAMARCA
12049,6270179,2026-01-30,23:00:00,CUNDINAMARCA
12050,6270178,2026-01-30,22:30:00,CUNDINAMARCA
12063,6270219,2026-01-30,23:30:00,CUNDINAMARCA
12071,6270214,2026-01-30,19:00:00,CUNDINAMARCA
12074,6270258,2026-01-31,1:30:00,CUNDINAMARCA
12078,6270246,2026-01-30,23:55:00,CUNDINAMARCA
12088,6270297,2026-01-30,22:30:00,CUNDINAMARCA
12090,6270296,2026-02-01,3:20:00,CUNDINAMARCA
12093,6270304,2026-01-31,2:00:00,ANTIOQUIA
12096,6270312,2026-01-30,23:00:00,ANTIOQUIA
12099,6270303,2026-01-30,19:50:00,CUNDINAMARCA
12111,6270287,2026-02-03,6:30:00,CUNDINAMARCA
12112,6270256,2026-01-30,19:30:00,ANTIOQUIA
12113,6270289,2026-01-30,22:30:00,ANTIOQUIA
12114,6270290,2026-01-31,1:30:00,ANTIOQUIA
12121,6270340,2026-01-30,20:30:00,CUNDINAMARCA
12128,6270362,2026-01-30,20:30:00,CUNDINAMARCA
12130,6270377,2026-01-30,20:20:00,ANTIOQUIA
12132,6270373,2026-01-30,23:00:00,ANTIOQUIA
12136,6270343,2026-01-30,21:00:00,ANTIOQUIA
12139,6270376,2026-01-30,23:00:00,ANTIOQUIA
12141,6270387,2026-01-30,22:30:00,CUNDINAMARCA
12143,6270391,2026-02-01,0:00:00,ANTIOQUIA
12146,6270407,2026-01-31,2:00:00,CUNDINAMARCA
12147,6270418,2026-01-30,21:00:00,CUNDINAMARCA
12150,6270410,2026-01-30,21:15:00,CUNDINAMARCA
12161,6270441,2026-01-30,21:30:00,CUNDINAMARCA
12166,6270448,2026-01-30,21:45:00,ANTIOQUIA
12168,6270450,2026-01-30,19:30:00,CUNDINAMARCA
12174,6270466,2026-01-31,22:00:00,ANTIOQUIA
12181,6270489,2026-01-30,22:10:00,CUNDINAMARCA
12182,6270494,2026-01-31,1:00:00,CUNDINAMARCA
12188,6270507,2026-01-30,22:45:00,CUNDINAMARCA
12194,6270516,2026-01-30,23:00:00,CUNDINAMARCA
12195,6270517,2026-01-30,23:30:00,CUNDINAMARCA
12200,6270526,2026-01-30,23:59:00,CUNDINAMARCA
12201,6270525,2026-01-30,23:00:00,CUNDINAMARCA
12203,6270529,2026-01-31,1:50:00,CUNDINAMARCA
12206,6270530,2026-01-30,23:00:00,ANTIOQUIA
12207,6270532,2026-01-31,0:30:00,CUNDINAMARCA
12209,6270538,2026-01-31,1:30:00,CUNDINAMARCA
12211,6270541,2026-01-30,23:30:00,CUNDINAMARCA
12214,6280543,2026-01-30,23:00:00,CUNDINAMARCA
12216,6270549,2026-01-31,1:00:00,CUNDINAMARCA
12217,6270547,2026-01-30,23:05:00,ANTIOQUIA
12218,6270552,2026-01-30,22:00:00,CUNDINAMARCA
12219,6270556,2026-01-31,0:00:00,CUNDINAMARCA
12220,6270559,2026-01-31,0:00:00,CUNDINAMARCA
12221,6270557,2026-01-31,1:30:00,ANTIOQUIA
12223,6269966,2026-01-31,1:00:00,ANTIOQUIA
12225,6270565,2026-01-30,23:30:00,ANTIOQUIA
12230,6270570,2026-01-31,0:30:00,ANTIOQUIA
12233,6270570,2026-01-31,0:30:00,ANTIOQUIA
12234,6270577,2026-01-31,3:30:00,CUNDINAMARCA
12236,6270579,2026-01-31,0:00:00,ANTIOQUIA
12237,6270585,2026-01-31,0:00:00,CUNDINAMARCA
12241,6270591,2026-01-31,2:00:00,ANTIOQUIA
12243,6270595,2026-01-31,0:00:00,CUNDINAMARCA
12244,6270599,2026-01-31,0:00:00,CUNDINAMARCA
12245,6270596,2026-01-31,1:00:00,CUNDINAMARCA
12251,6270608,2026-01-31,0:30:00,ANTIOQUIA
12252,6270611,2026-01-31,1:00:00,CUNDINAMARCA
12253,6270612,2026-01-31,1:00:00,CUNDINAMARCA
12255,6270623,2026-01-31,0:30:00,CUNDINAMARCA
12256,6270613,2026-01-31,1:00:00,CUNDINAMARCA
12259,6270616,2026-01-31,0:30:00,CUNDINAMARCA
12265,6270636,2026-01-31,2:00:00,ANTIOQUIA
12269,6270629,2026-02-01,1:30:00,ANTIOQUIA
12270,6270637,2026-01-31,0:30:00,ANTIOQUIA
12272,6270638,2026-01-31,2:30:00,ANTIOQUIA
12274,6270639,2026-01-31,16:00:00,CUNDINAMARCA
12276,6270644,2026-01-31,1:45:00,ANTIOQUIA
12280,6270649,2026-01-31,2:30:00,CUNDINAMARCA
12281,6270652,2026-01-31,3:00:00,CUNDINAMARCA
12282,6270651,2026-01-31,0:55:00,CUNDINAMARCA
12284,6270653,2026-01-31,1:30:00,ANTIOQUIA
12285,6270654,2026-01-31,2:00:00,CUNDINAMARCA
12286,6270657,2026-01-31,1:30:00,CUNDINAMARCA
12287,6270661,2026-01-31,1:00:00,ANTIOQUIA
12288,6270662,2026-01-31,1:15:00,ANTIOQUIA
12289,6270664,2026-01-31,1:30:00,CUNDINAMARCA
12290,6270663,2026-01-31,1:20:00,CUNDINAMARCA
12297,6270615,2026-01-31,1:00:00,ANTIOQUIA
12304,6270677,2026-01-31,2:05:00,ANTIOQUIA
12305,6270680,2026-01-31,3:00:00,CUNDINAMARCA
12307,6270548,2026-01-31,1:30:00,ANTIOQUIA
12310,6270686,2026-01-31,1:30:00,CUNDINAMARCA
12311,6270688,2026-01-31,2:00:00,CUNDINAMARCA
12314,6270693,2026-01-31,2:00:00,CUNDINAMARCA
12315,6270692,2026-01-31,23:00:00,CUNDINAMARCA
12318,6270702,2026-01-31,2:30:00,CUNDINAMARCA
12319,6270699,2026-01-31,10:00:00,ANTIOQUIA
12322,6270703,2026-01-31,17:55:00,CUNDINAMARCA
12326,6270712,2026-01-31,3:00:00,CUNDINAMARCA
12327,6270713,2026-01-31,2:40:00,CUNDINAMARCA
12329,6270715,2026-01-31,2:30:00,CUNDINAMARCA
12330,6270705,2026-01-31,2:30:00,ANTIOQUIA
12331,6270723,2026-01-31,3:20:00,CUNDINAMARCA
12332,6270724,2026-01-31,5:30:00,CUNDINAMARCA
12334,6270726,2026-01-31,3:30:00,ANTIOQUIA
12337,6270730,2026-01-31,4:00:00,CUNDINAMARCA
12338,6270734,2026-01-31,3:20:00,ANTIOQUIA
12340,6270733,2026-01-31,3:30:00,CUNDINAMARCA
12342,6270735,2026-02-02,22:00:00,CUNDINAMARCA
12343,6270736,2026-01-31,3:00:00,CUNDINAMARCA
12348,6270741,2026-01-31,4:00:00,CUNDINAMARCA
12349,6270745,2026-01-31,4:00:00,CUNDINAMARCA
12351,6270749,2026-01-31,4:35:00,ANTIOQUIA
12352,6270746,2026-01-31,4:00:00,CUNDINAMARCA
12354,6270752,2026-01-31,4:40:00,CUNDINAMARCA
12355,6270753,2026-01-31,4:45:00,CUNDINAMARCA
12357,6270756,2026-02-01,1:45:00,ANTIOQUIA
12384,6270813,2026-02-01,3:15:00,CUNDINAMARCA
12387,6270823,2026-02-01,1:00:00,ANTIOQUIA
12393,6270825,2026-01-31,23:00:00,ANTIOQUIA
12398,6270836,2026-02-01,0:15:00,ANTIOQUIA
12400,6270853,2026-02-01,1:00:00,ANTIOQUIA
12403,6270852,2026-02-01,2:45:00,CUNDINAMARCA
12428,6270915,2026-02-01,1:15:00,CUNDINAMARCA
12430,6270916,2026-01-31,23:30:00,ANTIOQUIA
12450,6270962,2026-02-01,1:00:00,ANTIOQUIA
12465,6270983,2026-02-01,1:00:00,ANTIOQUIA
12466,6270985,2026-01-31,23:45:00,CUNDINAMARCA
12469,6270990,2026-02-01,2:00:00,ANTIOQUIA
12471,6270994,2026-02-01,1:30:00,CUNDINAMARCA
12472,6271001,2026-01-31,14:40:00,CUNDINAMARCA
12478,6271019,2026-01-31,20:00:00,CUNDINAMARCA
12485,6271007,2026-02-01,1:30:00,CUNDINAMARCA
12497,6271061,2026-02-01,3:00:00,CUNDINAMARCA
12499,6271063,2026-01-31,18:30:00,CUNDINAMARCA
12516,6271115,2026-02-01,3:30:00,CUNDINAMARCA
12519,6271110,2026-02-01,0:00:00,ANTIOQUIA
12523,6271132,2026-02-01,2:00:00,CUNDINAMARCA
12536,6271152,2026-01-31,19:00:00,CUNDINAMARCA
12537,6271157,2026-02-01,0:00:00,CUNDINAMARCA
12548,6271179,2026-02-01,2:00:00,CUNDINAMARCA
12560,6271201,2026-02-01,0:30:00,CUNDINAMARCA
12565,6271186,2026-01-31,20:00:00,CUNDINAMARCA
12570,6271211,2026-02-01,1:00:00,CUNDINAMARCA
12571,6271209,2026-01-01,1:00:00,CUNDINAMARCA
12576,6271231,2026-02-01,2:00:00,CUNDINAMARCA
12587,6271248,2026-01-31,18:00:00,CUNDINAMARCA
12588,6271243,2026-01-31,23:00:00,CUNDINAMARCA
12589,6271244,2026-02-01,1:00:00,CUNDINAMARCA
12590,6271254,2026-01-31,23:55:00,ANTIOQUIA
12591,6271246,2026-01-31,22:30:00,ANTIOQUIA
12593,6271258,2026-02-01,23:50:00,CUNDINAMARCA
12598,6271251,2026-01-31,22:00:00,CUNDINAMARCA
12601,6271266,2026-01-31,21:00:00,ANTIOQUIA
12602,6271272,2026-01-31,18:15:00,CUNDINAMARCA
12607,6271274,2026-01-31,20:00:00,CUNDINAMARCA
12608,6271277,2026-01-31,19:30:00,ANTIOQUIA
12613,6271284,2026-01-31,21:00:00,CUNDINAMARCA
12616,6271288,2026-01-31,23:00:00,ANTIOQUIA
12618,6271282,2026-02-01,0:30:00,ANTIOQUIA
12626,6271306,2026-01-31,23:14:00,CUNDINAMARCA
12628,6271310,2026-01-31,20:30:00,ANTIOQUIA
12629,6271311,2026-02-01,2:10:00,CUNDINAMARCA
12630,6271307,2026-02-01,2:00:00,CUNDINAMARCA
12631,6271314,2026-01-31,23:30:00,ANTIOQUIA
12633,6271320,2026-01-31,19:20:00,CUNDINAMARCA
12638,6271332,2026-02-01,1:30:00,CUNDINAMARCA
12641,6271344,2026-01-31,20:20:00,CUNDINAMARCA
12648,6271353,2026-01-31,19:50:00,CUNDINAMARCA
12655,6271361,2026-01-31,20:30:00,CUNDINAMARCA
12656,6271365,2026-01-31,22:00:00,ANTIOQUIA
12661,6271369,2026-01-31,20:30:00,CUNDINAMARCA
12662,6271374,2026-01-31,21:00:00,CUNDINAMARCA
12663,6271373,2026-01-31,21:00:00,CUNDINAMARCA
12664,6271375,2026-02-01,0:00:00,ANTIOQUIA
12666,6271383,2026-01-31,20:30:00,CUNDINAMARCA
12668,6271389,2026-02-01,4:00:00,ANTIOQUIA
12669,6271387,2026-01-31,20:25:00,ANTIOQUIA
12670,6271384,2026-01-31,20:30:00,CUNDINAMARCA
12672,6271392,2026-02-01,2:00:00,ANTIOQUIA
12673,4713334,2026-02-01,2:00:00,CUNDINAMARCA
12676,6271396,2026-01-31,22:00:00,CUNDINAMARCA
12677,6271397,2026-01-31,23:00:00,CUNDINAMARCA
12678,6271395,2026-01-31,20:45:00,CUNDINAMARCA
12682,6271407,2026-01-31,20:30:00,CUNDINAMARCA
12683,6271402,2026-01-31,23:00:00,ANTIOQUIA
12684,6271409,2026-01-31,23:55:00,ANTIOQUIA
12686,6271408,2026-01-31,23:55:00,CUNDINAMARCA
12687,6271410,2026-02-01,1:00:00,ANTIOQUIA
12688,6271412,2026-01-31,21:00:00,ANTIOQUIA
12690,6271415,2026-01-31,22:00:00,CUNDINAMARCA
12692,6271419,2026-02-01,2:00:00,ANTIOQUIA
12695,6271423,2026-01-31,23:30:00,CUNDINAMARCA
12698,6271115,2026-02-01,3:30:00,CUNDINAMARCA
12699,6271429,2026-01-31,21:30:00,CUNDINAMARCA
12700,6271430,2026-01-31,23:30:00,ANTIOQUIA
12703,6271437,2026-02-01,0:00:00,CUNDINAMARCA
12705,6271438,2026-02-01,0:00:00,ANTIOQUIA
12707,6271440,2026-02-01,0:45:00,ANTIOQUIA
12710,6271448,2026-01-31,21:30:00,CUNDINAMARCA
12711,6271443,2026-01-31,22:00:00,CUNDINAMARCA
12713,6271447,2026-02-01,0:45:00,CUNDINAMARCA
12714,6271446,2026-02-01,1:45:00,ANTIOQUIA
12715,6271450,2026-01-31,21:45:00,CUNDINAMARCA
12716,6271451,2026-01-31,23:55:00,ANTIOQUIA
12717,6271452,2026-01-31,23:30:00,CUNDINAMARCA
12719,6271458,2026-02-01,3:30:00,CUNDINAMARCA
12720,6271462,2026-02-01,2:00:00,CUNDINAMARCA
12722,6271461,2026-02-01,1:15:00,ANTIOQUIA
12724,6271463,2026-02-01,3:40:00,ANTIOQUIA
12730,6271479,2026-02-01,1:00:00,CUNDINAMARCA
12731,6271478,2026-02-01,1:20:00,CUNDINAMARCA
12734,6271482,2026-01-31,23:30:00,ANTIOQUIA
12736,6271487,2026-01-31,23:55:00,ANTIOQUIA
12737,6271486,2026-02-01,3:00:00,CUNDINAMARCA
12739,6271493,2026-01-31,22:30:00,ANTIOQUIA
12741,6271489,2026-02-01,1:00:00,CUNDINAMARCA
12743,6271496,2026-02-01,0:30:00,CUNDINAMARCA
12744,6271492,2026-01-31,23:30:00,CUNDINAMARCA
12746,6271495,2026-02-01,0:30:00,CUNDINAMARCA
12748,6271513,2026-01-31,22:30:00,CUNDINAMARCA
12750,6271509,2026-02-01,2:00:00,ANTIOQUIA
12751,6271506,2026-02-01,1:00:00,ANTIOQUIA
12752,6271510,2026-02-01,2:15:00,ANTIOQUIA
12753,6271507,2026-02-01,1:00:00,CUNDINAMARCA
12755,6271516,2026-01-31,23:55:00,CUNDINAMARCA
12756,6271515,2026-01-31,22:30:00,CUNDINAMARCA
12758,6271512,2026-02-01,2:30:00,CUNDINAMARCA
12759,6271517,2026-02-01,1:00:00,ANTIOQUIA
12762,6271520,2026-02-01,1:30:00,ANTIOQUIA
12766,6271524,2026-02-01,3:00:00,CUNDINAMARCA
12767,6271528,2026-02-01,2:00:00,CUNDINAMARCA
12768,6271532,2026-02-01,0:30:00,CUNDINAMARCA
12771,6271547,2026-01-31,23:15:00,ANTIOQUIA
12773,6271542,2026-02-01,2:00:00,ANTIOQUIA
12775,6271540,2026-02-01,1:00:00,CUNDINAMARCA
12777,6271543,2026-02-01,3:30:00,CUNDINAMARCA
12779,6271539,2026-01-31,23:05:00,CUNDINAMARCA
12782,6271555,2026-02-01,1:00:00,ANTIOQUIA
12783,6271559,2026-01-31,23:55:00,CUNDINAMARCA
12784,6271544,2026-02-01,2:00:00,CUNDINAMARCA
12785,6271548,2026-02-01,1:30:00,ANTIOQUIA
12787,6271560,2026-02-01,1:35:00,ANTIOQUIA
12788,6271549,2026-01-31,23:30:00,CUNDINAMARCA
12792,6271559,2026-01-31,23:55:00,CUNDINAMARCA
12793,6271575,2026-02-01,2:00:00,ANTIOQUIA
12795,6271561,2026-02-01,2:00:00,CUNDINAMARCA
12796,6271579,2026-02-01,0:00:00,CUNDINAMARCA
12797,6271574,2026-01-31,23:30:00,ANTIOQUIA
12798,6271578,2026-01-31,23:50:00,ANTIOQUIA
12799,6271580,2026-02-01,1:00:00,CUNDINAMARCA
12800,6271582,2026-01-31,23:30:00,ANTIOQUIA
12801,6271583,2026-02-01,1:00:00,CUNDINAMARCA
12802,6271587,2026-02-01,2:00:00,CUNDINAMARCA
12804,6271584,2026-02-01,1:00:00,ANTIOQUIA
12805,6271585,2026-02-01,3:00:00,CUNDINAMARCA
12806,6271592,2026-02-01,3:00:00,CUNDINAMARCA
12807,6271590,2026-02-01,2:00:00,CUNDINAMARCA
12808,6271594,2026-02-01,2:30:00,CUNDINAMARCA
12810,6271595,2026-02-01,0:00:00,ANTIOQUIA
12811,6271597,2026-02-01,3:10:00,ANTIOQUIA
12812,6271599,2026-02-01,2:00:00,CUNDINAMARCA
12816,6271605,2026-02-01,0:30:00,ANTIOQUIA
12817,6271598,2026-02-01,2:00:00,ANTIOQUIA
12818,6271604,2026-02-01,2:30:00,CUNDINAMARCA
12821,6271551,2026-02-01,3:00:00,ANTIOQUIA
12823,6271610,2026-02-01,0:30:00,CUNDINAMARCA
12825,6271528,2026-02-01,2:00:00,CUNDINAMARCA
12830,6271620,2026-02-01,2:30:00,CUNDINAMARCA
12832,6271624,2026-02-01,2:45:00,CUNDINAMARCA
12834,6271627,2026-02-01,0:30:00,CUNDINAMARCA
12835,6271632,2026-02-01,0:15:00,ANTIOQUIA
12837,6271636,2026-02-01,0:30:00,CUNDINAMARCA
12838,6271629,2026-02-01,2:00:00,CUNDINAMARCA
12839,6271631,2026-02-01,0:20:00,ANTIOQUIA
12840,6271634,2026-02-01,0:25:00,CUNDINAMARCA
12841,6271637,2026-02-01,1:30:00,CUNDINAMARCA
12843,6271640,2026-02-01,3:00:00,ANTIOQUIA
12846,6271642,2026-02-01,1:30:00,ANTIOQUIA
12847,6271637,2026-02-01,1:30:00,ANTIOQUIA
12848,6271644,2026-02-01,0:30:00,ANTIOQUIA
12849,6271645,2026-02-01,1:00:00,CUNDINAMARCA
12850,6271648,2026-02-01,0:45:00,ANTIOQUIA
12851,6271647,2026-02-01,2:30:00,CUNDINAMARCA
12853,6271655,2026-02-01,2:30:00,CUNDINAMARCA
12854,4713572,2026-02-01,0:30:00,ANTIOQUIA
12857,6271649,2026-02-01,3:35:00,ANTIOQUIA
12858,6271656,2026-02-01,1:00:00,ANTIOQUIA
12860,6271660,2026-02-01,1:25:00,CUNDINAMARCA
12861,6271661,2026-02-01,2:30:00,CUNDINAMARCA
12862,6271663,2026-02-01,1:05:00,ANTIOQUIA
12864,6271665,2026-02-01,1:15:00,ANTIOQUIA
12872,6271674,2026-02-01,1:30:00,CUNDINAMARCA
12873,6271676,2026-02-01,1:15:00,ANTIOQUIA
12874,6271682,2026-02-01,1:30:00,ANTIOQUIA
12875,6271684,2026-02-01,1:15:00,CUNDINAMARCA
12877,6271683,2026-02-01,1:30:00,CUNDINAMARCA
12878,6271690,2026-02-01,3:00:00,CUNDINAMARCA
12880,6271685,2026-02-01,1:05:00,CUNDINAMARCA
12881,6271694,2026-02-01,1:30:00,CUNDINAMARCA
12884,6271686,2026-02-01,1:25:00,CUNDINAMARCA
12885,6271696,2026-02-01,2:00:00,CUNDINAMARCA
12886,6271698,2026-02-01,2:30:00,CUNDINAMARCA
12887,6271697,2026-02-01,2:00:00,ANTIOQUIA
12888,6270916,2026-02-01,1:30:00,ANTIOQUIA
12889,6271585,2026-02-12,4:00:00,CUNDINAMARCA
12890,6271700,2026-02-01,2:10:00,ANTIOQUIA
12893,6271707,2026-02-01,1:30:00,CUNDINAMARCA
12894,6271708,2026-02-01,2:00:00,ANTIOQUIA
12896,6271704,2026-02-01,2:10:00,ANTIOQUIA
12898,6271705,2026-02-01,2:10:00,CUNDINAMARCA
12900,6271719,2026-02-01,2:00:00,CUNDINAMARCA
12902,6271717,2026-02-01,2:00:00,CUNDINAMARCA
12904,6271722,2026-02-01,3:00:00,ANTIOQUIA
12905,6271724,2026-02-01,2:30:00,ANTIOQUIA
12906,6271727,2026-02-01,2:00:00,CUNDINAMARCA
12907,6271718,2026-02-01,3:30:00,ANTIOQUIA
12908,6271720,2026-02-01,1:45:00,CUNDINAMARCA
12911,6271735,2026-02-01,5:05:00,CUNDINAMARCA
12919,6271743,2026-02-02,3:00:00,CUNDINAMARCA
12920,6271742,2026-02-01,3:00:00,ANTIOQUIA
12928,6271757,2026-02-01,2:15:00,ANTIOQUIA
12929,6271749,2026-02-01,3:00:00,CUNDINAMARCA
12930,6271747,2026-02-01,2:10:00,ANTIOQUIA
12933,6271762,2026-02-01,14:15:00,CUNDINAMARCA
12936,6271764,2026-02-01,3:00:00,ANTIOQUIA
12939,6271768,2026-02-01,2:45:00,ANTIOQUIA
12941,6271770,2026-02-01,4:00:00,CUNDINAMARCA
12942,6271769,2026-02-01,5:00:00,ANTIOQUIA
12943,6271772,2026-02-01,3:30:00,CUNDINAMARCA
12949,6271776,2026-02-01,3:10:00,ANTIOQUIA
12950,6271778,2026-02-01,4:00:00,CUNDINAMARCA
12951,6271779,2026-02-01,4:30:00,ANTIOQUIA
12952,6271781,2026-02-01,3:30:00,ANTIOQUIA
12953,6271780,2026-02-01,3:30:00,ANTIOQUIA
12954,6271784,2026-02-01,3:45:00,CUNDINAMARCA
12955,6271786,2026-02-01,4:00:00,CUNDINAMARCA
12957,6271785,2026-02-01,5:00:00,CUNDINAMARCA
12958,6271788,2026-02-01,4:00:00,CUNDINAMARCA
12959,6271790,2026-02-01,5:00:00,CUNDINAMARCA
12960,6271792,2026-02-01,6:05:00,CUNDINAMARCA
12962,6271793,2026-02-01,14:00:00,ANTIOQUIA
12963,6271794,2026-02-01,5:00:00,CUNDINAMARCA
12965,6271796,2026-02-01,5:00:00,ANTIOQUIA
12970,6271804,2026-02-01,5:00:00,ANTIOQUIA
12971,6271805,2026-02-01,5:15:00,ANTIOQUIA
12972,6271806,2026-02-01,5:00:00,CUNDINAMARCA
12977,6271817,2026-02-01,7:20:00,ANTIOQUIA
12992,6271865,2026-02-01,14:00:00,CUNDINAMARCA
13004,6271877,2026-02-01,14:30:00,ANTIOQUIA
13005,6271893,2026-02-01,18:30:00,CUNDINAMARCA
13010,6271904,2026-02-01,16:30:00,CUNDINAMARCA
13020,6271925,2026-02-02,11:00:00,CUNDINAMARCA
13047,6271981,2026-02-01,18:00:00,CUNDINAMARCA
13050,6271979,2026-02-01,20:30:00,ANTIOQUIA
13089,6272069,2026-02-01,21:10:00,ANTIOQUIA
13091,6272071,2026-02-01,19:30:00,CUNDINAMARCA
13118,6272119,2026-02-01,23:30:00,CUNDINAMARCA
13136,6272150,2026-02-02,4:30:00,CUNDINAMARCA
13138,6272159,2026-02-01,21:35:00,ANTIOQUIA
13139,6272165,2026-02-01,21:00:00,ANTIOQUIA
13183,6272241,2026-02-02,8:30:00,CUNDINAMARCA
13204,6272283,2026-02-02,9:00:00,CUNDINAMARCA
13329,6272622,2026-02-02,14:00:00,CUNDINAMARCA
13430,6272909,2026-02-02,16:00:00,ANTIOQUIA
13488,6273036,2026-02-03,12:20:00,ANTIOQUIA
13550,6273212,2026-02-02,20:00:00,ANTIOQUIA
13602,6273374,2026-02-06,6:30:00,CUNDINAMARCA
13605,6273370,2026-02-03,7:00:00,ANTIOQUIA
13631,6273489,2026-02-03,17:10:00,ANTIOQUIA
13636,6273501,2026-02-06,16:30:00,CUNDINAMARCA
13644,6273526,2026-02-03,7:00:00,CUNDINAMARCA
13694,6273669,2026-02-03,0:00:00,ANTIOQUIA
13707,6273686,2026-02-03,11:20:00,ANTIOQUIA
13788,6273861,2026-02-03,16:30:00,ANTIOQUIA
13815,6273919,2026-02-03,13:30:00,CUNDINAMARCA
13848,6274006,2026-02-21,1:15:00,CUNDINAMARCA
13853,6274018,2026-02-03,13:45:00,ANTIOQUIA
13920,6274233,2026-02-03,16:30:00,CUNDINAMARCA
13989,6274498,2026-02-04,8:00:00,ANTIOQUIA
14021,6274632,2026-02-03,20:30:00,CUNDINAMARCA
14079,6274790,2026-02-03,23:15:00,ANTIOQUIA
14088,6274815,2026-02-08,2:30:00,CUNDINAMARCA
14109,6274856,2026-02-04,7:00:00,CUNDINAMARCA
14111,6274858,2026-02-04,9:30:00,ANTIOQUIA
14118,6274880,2026-02-04,6:45:00,CUNDINAMARCA
14127,6274894,2026-02-04,12:45:00,CUNDINAMARCA
14156,6274957,2026-02-04,15:15:00,CUNDINAMARCA
14272,6275305,2026-02-07,3:00:00,ANTIOQUIA
14278,6275216,2026-02-04,20:45:00,ANTIOQUIA
14334,6275442,2026-02-04,23:30:00,ANTIOQUIA
14335,6275445,2026-02-04,17:00:00,CUNDINAMARCA
14360,6275521,2026-02-04,17:40:00,ANTIOQUIA
14399,6275590,2026-02-04,18:15:00,CUNDINAMARCA
14419,6275692,2026-02-05,1:00:00,CUNDINAMARCA
14428,6275737,2026-02-04,20:00:00,CUNDINAMARCA
14433,6275774,2026-02-04,19:30:00,CUNDINAMARCA
14468,6275870,2026-02-04,22:20:00,ANTIOQUIA
14498,6275963,2026-02-04,22:00:00,ANTIOQUIA
14504,6275977,2026-02-04,23:00:00,CUNDINAMARCA
14509,6275987,2026-02-05,2:00:00,CUNDINAMARCA
14521,6276014,2026-02-06,15:15:00,CUNDINAMARCA
14703,6276543,2026-02-05,16:00:00,ANTIOQUIA
14736,6276688,2026-02-05,23:30:00,ANTIOQUIA
14759,6276753,2026-02-14,22:30:00,CUNDINAMARCA
14766,6276779,2026-02-07,1:00:00,CUNDINAMARCA
14790,6276871,2026-02-05,21:00:00,CUNDINAMARCA
14797,6276894,2026-02-05,19:50:00,CUNDINAMARCA
14810,6276894,2026-02-05,21:01:00,CUNDINAMARCA
14822,62766991,2026-02-05,22:00:00,CUNDINAMARCA
14841,6277044,2026-02-06,1:00:00,ANTIOQUIA
14859,6277099,2026-02-05,23:30:00,ANTIOQUIA
14864,6277096,2026-02-06,0:10:00,ANTIOQUIA
14872,6277122,2026-02-05,23:30:00,ANTIOQUIA
14876,6277129,2026-02-06,0:15:00,ANTIOQUIA
14881,6277132,2026-02-07,3:00:00,ANTIOQUIA
14884,6277141,2026-02-06,8:00:00,CUNDINAMARCA
14886,6277144,2026-02-06,15:00:00,CUNDINAMARCA
14894,6277158,2026-02-06,6:30:00,CUNDINAMARCA
14904,6277180,2026-02-06,18:00:00,CUNDINAMARCA
14910,6277199,2026-02-06,6:00:00,CUNDINAMARCA
14920,6277232,2026-02-06,3:30:00,ANTIOQUIA
14926,6277259,2026-02-06,12:30:00,CUNDINAMARCA
14929,6277259,2026-02-06,12:30:00,CUNDINAMARCA
15011,6277459,2026-02-06,18:00:00,ANTIOQUIA
15021,6277485,2026-02-07,3:00:00,ANTIOQUIA
15033,6277508,2026-02-07,23:55:00,CUNDINAMARCA
15049,6277585,2026-02-06,22:30:00,CUNDINAMARCA
15055,6277593,2026-02-07,1:35:00,ANTIOQUIA
15056,6277573,2026-02-06,17:00:00,CUNDINAMARCA
15058,6277614,2026-02-06,17:30:00,ANTIOQUIA
15064,6277582,2026-02-07,23:55:00,CUNDINAMARCA
15125,6277816,2026-02-06,18:00:00,ANTIOQUIA
15135,6277847,2026-02-08,2:00:00,CUNDINAMARCA
15147,6277869,2026-02-08,21:00:00,CUNDINAMARCA
15162,6277917,2026-02-07,23:30:00,ANTIOQUIA
15169,6277932,2026-02-06,18:00:00,CUNDINAMARCA
15175,6277951,2026-02-08,0:30:00,CUNDINAMARCA
15204,6278041,2026-02-07,3:00:00,CUNDINAMARCA
15212,6278070,2026-02-06,21:00:00,ANTIOQUIA
15226,6278111,2026-02-08,0:15:00,CUNDINAMARCA
15237,6278153,2026-02-07,7:30:00,CUNDINAMARCA
15238,6278157,2026-02-06,20:15:00,CUNDINAMARCA
15240,6278151,2026-02-07,1:00:00,CUNDINAMARCA
15247,6278161,2026-02-06,22:30:00,ANTIOQUIA
15248,6278179,2026-02-06,22:30:00,ANTIOQUIA
15253,6278200,2026-02-06,22:00:00,CUNDINAMARCA
15259,6278209,2026-02-06,23:30:00,CUNDINAMARCA
15264,6278219,2026-02-06,21:00:00,ANTIOQUIA
15276,6278258,2026-02-06,21:00:00,CUNDINAMARCA
15277,6278247,2026-02-07,2:30:00,CUNDINAMARCA
15280,6278246,2026-02-07,2:00:00,CUNDINAMARCA
15282,6278272,2026-02-06,21:05:00,CUNDINAMARCA
15283,6278238,2026-02-06,21:15:00,ANTIOQUIA
15287,6278289,2026-02-07,1:00:00,ANTIOQUIA
15289,6278286,2026-02-06,21:30:00,ANTIOQUIA
15292,6278296,2026-02-06,22:30:00,CUNDINAMARCA
15293,6278298,2026-02-08,2:30:00,ANTIOQUIA
15295,6278301,2026-02-07,0:30:00,ANTIOQUIA
15297,6278313,2026-02-06,23:30:00,ANTIOQUIA
15299,6278320,2026-02-06,21:00:00,CUNDINAMARCA
15300,6278324,2026-02-07,2:00:00,ANTIOQUIA
15303,6278330,2026-02-06,22:45:00,CUNDINAMARCA
15330,6278389,2026-02-07,1:00:00,CUNDINAMARCA
15332,6278405,2026-02-06,23:25:00,ANTIOQUIA
15333,6278406,2026-02-06,23:00:00,CUNDINAMARCA
15334,6278408,2026-02-06,22:45:00,CUNDINAMARCA
15339,6278415,2026-02-06,23:00:00,CUNDINAMARCA
15340,6278413,2026-02-06,22:40:00,CUNDINAMARCA
15343,6278421,2026-02-06,22:30:00,CUNDINAMARCA
15346,6278425,2026-02-07,0:00:00,CUNDINAMARCA
15349,6278417,2026-02-06,23:00:00,ANTIOQUIA
15350,6278430,2026-02-06,22:30:00,CUNDINAMARCA
15351,6278420,2026-02-07,1:00:00,ANTIOQUIA
15352,6278429,2026-02-07,3:25:00,CUNDINAMARCA
15354,6278437,2026-02-07,0:00:00,CUNDINAMARCA
15356,6278439,2026-02-07,1:00:00,CUNDINAMARCA
15357,6278432,2026-02-07,0:00:00,CUNDINAMARCA
15364,6278447,2026-02-06,23:00:00,CUNDINAMARCA
15365,6278433,2026-02-07,3:30:00,CUNDINAMARCA
15366,6278448,2026-02-07,1:00:00,CUNDINAMARCA
15368,6278451,2026-02-07,18:30:00,CUNDINAMARCA
15369,6278453,2026-02-06,23:45:00,ANTIOQUIA
15372,6278455,2026-02-06,23:35:00,CUNDINAMARCA
15374,6278464,2026-02-07,2:30:00,CUNDINAMARCA
15378,6278462,2026-02-06,23:45:00,CUNDINAMARCA
15379,6278467,2026-02-07,0:00:00,ANTIOQUIA
15380,6278465,2026-02-07,0:45:00,ANTIOQUIA
15382,6278473,2026-02-07,3:00:00,CUNDINAMARCA
15384,6278479,2026-02-07,2:00:00,CUNDINAMARCA
15388,6278482,2026-02-07,0:00:00,ANTIOQUIA
15389,6278481,2026-02-07,2:00:00,CUNDINAMARCA
15391,6278486,2026-02-07,23:35:00,CUNDINAMARCA
15392,6278484,2026-02-07,2:00:00,CUNDINAMARCA
15395,6278490,2026-02-07,0:35:00,ANTIOQUIA
15396,6278491,2026-02-07,3:30:00,ANTIOQUIA
15397,6278493,2026-02-07,0:30:00,ANTIOQUIA
15401,6278502,2026-02-07,0:15:00,CUNDINAMARCA
15405,6278508,2026-02-07,0:05:00,CUNDINAMARCA
15407,6278511,2026-02-07,2:30:00,CUNDINAMARCA
15412,6278513,2026-02-07,4:30:00,ANTIOQUIA
15414,6278519,2026-02-07,0:00:00,CUNDINAMARCA
15415,6278522,2026-02-07,2:45:00,ANTIOQUIA
15416,6278521,2026-02-07,1:00:00,ANTIOQUIA
15419,6278520,2026-02-06,23:30:00,CUNDINAMARCA
15420,6278524,2026-02-07,2:35:00,CUNDINAMARCA
15421,6278247,2026-02-07,2:30:00,CUNDINAMARCA
15422,6278526,2026-02-07,1:00:00,ANTIOQUIA
15423,6278529,2026-02-07,0:35:00,CUNDINAMARCA
15426,6278530,2026-02-07,1:00:00,CUNDINAMARCA
15436,6278549,2026-02-07,2:00:00,ANTIOQUIA
15437,6278555,2026-02-08,3:30:00,ANTIOQUIA
15444,6278553,2026-02-07,2:30:00,ANTIOQUIA
15447,6278560,2026-02-07,1:00:00,ANTIOQUIA
15448,6278564,2026-02-07,3:00:00,CUNDINAMARCA
15450,6278567,2026-02-07,3:00:00,CUNDINAMARCA
15452,6278569,2026-02-07,4:00:00,CUNDINAMARCA
15457,6278577,2026-02-07,5:35:00,CUNDINAMARCA
15459,6278573,2026-02-07,0:30:00,ANTIOQUIA
15460,6278584,2026-02-07,23:45:00,CUNDINAMARCA
15464,6278590,2026-02-07,1:00:00,ANTIOQUIA
15467,6278593,2026-02-07,4:00:00,ANTIOQUIA
15468,6278594,2026-02-07,5:15:00,ANTIOQUIA
15471,6278600,2026-02-07,2:05:00,ANTIOQUIA
15475,6278604,2026-02-07,2:05:00,CUNDINAMARCA
15476,6278596,2026-02-07,2:30:00,ANTIOQUIA
15477,6278607,2026-02-07,2:30:00,CUNDINAMARCA
15478,6278608,2026-02-07,2:30:00,CUNDINAMARCA
15485,6278613,2026-02-07,2:30:00,CUNDINAMARCA
15486,6278623,2026-02-07,2:50:00,CUNDINAMARCA
15488,6278625,2026-02-07,2:40:00,ANTIOQUIA
15491,6278618,2026-02-07,2:30:00,ANTIOQUIA
15494,6278628,2026-02-07,5:30:00,CUNDINAMARCA
15495,6278632,2026-02-07,3:10:00,CUNDINAMARCA
15498,6278636,2026-02-07,3:30:00,ANTIOQUIA
15499,6278634,2026-02-07,6:10:00,CUNDINAMARCA
15502,6278638,2026-02-07,3:30:00,ANTIOQUIA
15503,6278634,2026-02-07,6:10:00,CUNDINAMARCA
15507,6278641,2026-02-07,4:15:00,ANTIOQUIA
15509,6278647,2026-02-07,5:30:00,CUNDINAMARCA
15513,6278654,2026-02-07,7:30:00,CUNDINAMARCA
15517,6278660,2026-02-07,7:30:00,ANTIOQUIA
15547,6278707,2026-02-07,22:30:00,CUNDINAMARCA
15550,6278726,2026-02-08,2:30:00,ANTIOQUIA
15567,6278764,2026-02-07,20:30:00,CUNDINAMARCA
15568,6278777,2026-02-07,22:30:00,ANTIOQUIA
15569,6278782,2026-02-07,13:30:00,CUNDINAMARCA
15581,6278802,2026-02-07,14:45:00,CUNDINAMARCA
15585,6278812,2026-02-07,15:30:00,CUNDINAMARCA
15593,6278839,2026-02-07,23:00:00,CUNDINAMARCA
15609,6278890,2026-02-08,2:00:00,CUNDINAMARCA
15625,6278929,2026-02-08,2:00:00,ANTIOQUIA
15626,6278918,2026-02-07,17:00:00,ANTIOQUIA
15645,6278992,2026-02-08,3:00:00,ANTIOQUIA
15647,6279001,2026-02-08,4:00:00,ANTIOQUIA
15650,6279004,2026-02-08,4:40:00,ANTIOQUIA
15652,6279007,2026-02-07,17:00:00,CUNDINAMARCA
15655,6279015,2026-02-07,17:30:00,CUNDINAMARCA
15656,6279016,2026-02-07,15:30:00,CUNDINAMARCA
15660,6279024,2026-02-08,0:00:00,ANTIOQUIA
15671,6279049,2026-02-07,23:55:00,ANTIOQUIA
15672,6279057,2026-02-07,16:45:00,ANTIOQUIA
15682,6279079,2026-02-07,19:00:00,ANTIOQUIA
15686,6279085,2026-02-07,23:30:00,CUNDINAMARCA
15690,6279104,2026-02-07,22:30:00,CUNDINAMARCA
15694,6279107,2026-02-08,1:00:00,CUNDINAMARCA
15695,6279112,2026-02-07,23:45:00,ANTIOQUIA
15697,6279118,2026-02-07,23:00:00,CUNDINAMARCA
15699,6279115,2026-02-08,1:30:00,ANTIOQUIA
15701,6279122,2026-02-08,3:00:00,CUNDINAMARCA
15703,6279136,2026-02-07,21:00:00,CUNDINAMARCA
15704,6279125,2026-02-07,22:20:00,CUNDINAMARCA
15708,6279143,2026-02-07,18:30:00,CUNDINAMARCA
15714,6279159,2026-02-07,22:00:00,CUNDINAMARCA
15716,6279164,2026-02-07,23:45:00,CUNDINAMARCA
15718,6279165,2026-02-08,1:00:00,CUNDINAMARCA
15723,6279183,2026-02-08,0:30:00,ANTIOQUIA
15726,6279184,2026-02-08,12:30:00,ANTIOQUIA
15729,6279195,2026-02-08,3:30:00,CUNDINAMARCA
15730,6279200,2026-02-08,2:30:00,ANTIOQUIA
15731,6279201,2026-02-08,1:30:00,ANTIOQUIA
15732,6279205,2026-02-07,19:05:00,CUNDINAMARCA
15742,6279221,2026-02-07,20:00:00,CUNDINAMARCA
15746,6279235,2026-02-07,19:30:00,CUNDINAMARCA
15751,6279239,2026-02-07,20:00:00,ANTIOQUIA
15755,6279250,2026-02-08,0:00:00,CUNDINAMARCA
15757,6279257,2026-02-08,0:15:00,CUNDINAMARCA
15758,6279259,2026-02-07,20:00:00,CUNDINAMARCA
15759,6279265,2026-02-08,3:00:00,CUNDINAMARCA
15762,6279270,2026-02-07,22:00:00,CUNDINAMARCA
15763,6279269,2026-02-08,0:10:00,ANTIOQUIA
15766,6279273,2026-02-07,21:00:00,ANTIOQUIA
15770,6279275,2026-02-07,21:00:00,CUNDINAMARCA
15775,6279287,2026-02-07,22:00:00,ANTIOQUIA
15778,6279294,2026-02-07,22:30:00,CUNDINAMARCA
15780,6279297,2026-02-07,21:30:00,ANTIOQUIA
15781,6279302,2026-02-07,23:30:00,CUNDINAMARCA
15783,6279305,2026-02-08,1:30:00,ANTIOQUIA
15787,6279311,2026-02-07,21:30:00,ANTIOQUIA
15788,6279315,2026-02-08,2:05:00,ANTIOQUIA
15789,6279314,2026-02-08,3:45:00,ANTIOQUIA
15792,6279320,2026-02-07,22:00:00,CUNDINAMARCA
15793,6279318,2026-02-08,1:00:00,ANTIOQUIA
15794,6279321,2026-02-07,21:00:00,ANTIOQUIA
15798,6279328,2026-02-07,22:30:00,ANTIOQUIA
15799,6279332,2026-02-07,23:30:00,CUNDINAMARCA
15802,6279339,2026-02-07,22:05:00,ANTIOQUIA
15803,6279337,2026-02-08,2:00:00,ANTIOQUIA
15804,6279346,2026-02-08,2:10:00,ANTIOQUIA
15807,6279349,2026-02-08,0:00:00,ANTIOQUIA
15811,6279348,2026-02-07,21:15:00,CUNDINAMARCA
15812,6279364,2026-02-08,0:00:00,CUNDINAMARCA
15813,6279365,2026-02-07,21:15:00,ANTIOQUIA
15815,6279369,2026-02-08,1:00:00,CUNDINAMARCA
15817,6279371,2026-02-07,21:25:00,ANTIOQUIA
15818,6279373,2026-02-08,12:30:00,CUNDINAMARCA
15821,6279382,2026-02-08,2:15:00,ANTIOQUIA
15825,6279383,2026-02-08,0:30:00,CUNDINAMARCA
15826,6279387,2026-02-08,2:00:00,ANTIOQUIA
15828,6279391,2026-02-08,0:00:00,ANTIOQUIA
15829,6279389,2026-02-07,23:30:00,ANTIOQUIA
15832,6279369,2026-02-07,22:05:00,CUNDINAMARCA
15836,6279397,2026-02-08,0:00:00,ANTIOQUIA
15840,6279406,2026-02-07,21:45:00,CUNDINAMARCA
15845,6279415,2026-02-07,22:00:00,CUNDINAMARCA
15848,6279422,2026-02-07,22:30:00,CUNDINAMARCA
15849,6279423,2026-02-07,22:00:00,CUNDINAMARCA
15850,6279368,2026-02-08,12:30:00,CUNDINAMARCA
15851,6279410,2026-02-08,2:00:00,CUNDINAMARCA
15854,6279429,2026-02-08,1:00:00,ANTIOQUIA
15858,6279436,2026-02-07,23:00:00,CUNDINAMARCA
15861,6279442,2026-02-07,22:30:00,ANTIOQUIA
15863,6279444,2026-02-07,22:00:00,ANTIOQUIA
15864,6279439,2026-02-07,22:30:00,ANTIOQUIA
15865,6279445,2026-02-08,0:30:00,ANTIOQUIA
15866,6279449,2026-02-08,0:00:00,CUNDINAMARCA
15869,6279448,2026-02-08,1:05:00,ANTIOQUIA
15870,6279428,2026-02-07,23:30:00,CUNDINAMARCA
15873,6279440,2026-02-07,23:00:00,CUNDINAMARCA
15875,6279454,2026-02-07,22:45:00,ANTIOQUIA
15876,6279441,2026-02-08,0:15:00,ANTIOQUIA
15879,6279456,2026-02-07,22:45:00,ANTIOQUIA
15880,6279457,2026-02-07,22:30:00,CUNDINAMARCA
15885,6279463,2026-02-08,2:00:00,ANTIOQUIA
15887,6279467,2026-02-08,1:05:00,CUNDINAMARCA
15888,6279470,2026-02-07,22:25:00,CUNDINAMARCA
15890,6279474,2026-02-07,22:50:00,ANTIOQUIA
15891,6279471,2026-02-08,4:30:00,CUNDINAMARCA
15893,6279473,2026-02-08,3:00:00,CUNDINAMARCA
15894,6279477,2026-02-15,1:00:00,CUNDINAMARCA
15895,6279049,2026-02-07,23:55:00,ANTIOQUIA
15896,6279475,2026-02-08,1:00:00,CUNDINAMARCA
15897,6279480,2026-02-07,22:45:00,CUNDINAMARCA
15899,6279478,2026-02-08,1:15:00,CUNDINAMARCA
15900,6279478,2026-02-08,1:15:00,CUNDINAMARCA
15901,6279482,2026-02-07,23:45:00,CUNDINAMARCA
15902,6279488,2026-02-08,1:00:00,CUNDINAMARCA
15903,6279486,2026-02-08,1:40:00,ANTIOQUIA
15904,6279484,2026-02-08,3:00:00,CUNDINAMARCA
15907,6279493,2026-02-08,1:00:00,CUNDINAMARCA
15908,6279491,2026-02-07,23:30:00,CUNDINAMARCA
15909,6279495,2026-02-07,23:30:00,ANTIOQUIA
15911,6279499,2026-02-08,2:00:00,ANTIOQUIA
15912,6279504,2026-02-07,23:30:00,ANTIOQUIA
15917,6279506,2026-02-07,23:30:00,CUNDINAMARCA
15918,6279508,2026-02-08,2:15:00,ANTIOQUIA
15919,6279511,2026-02-08,0:00:00,CUNDINAMARCA
15920,6279510,2026-02-08,3:30:00,CUNDINAMARCA
15921,6279513,2026-02-07,23:00:00,CUNDINAMARCA
15923,6279430,2026-02-08,4:00:00,ANTIOQUIA
15924,6279514,2026-02-08,2:00:00,CUNDINAMARCA
15928,6279520,2026-02-08,2:30:00,CUNDINAMARCA
15930,6279529,2026-02-08,1:30:00,CUNDINAMARCA
15931,6279523,2026-02-08,1:30:00,CUNDINAMARCA
15932,6279521,2026-02-08,1:00:00,CUNDINAMARCA
15933,6279524,2026-02-08,2:00:00,CUNDINAMARCA
15935,6279527,2026-02-08,2:00:00,CUNDINAMARCA
15936,6279528,2026-02-08,2:00:00,CUNDINAMARCA
15937,6279540,2026-02-08,0:00:00,CUNDINAMARCA
15939,6279544,2026-02-08,1:30:00,CUNDINAMARCA
15940,6279536,2026-02-07,23:45:00,CUNDINAMARCA
15942,6279539,2026-02-08,4:15:00,ANTIOQUIA
15943,6279546,2026-02-08,0:35:00,CUNDINAMARCA
15945,6279547,2026-02-08,1:00:00,CUNDINAMARCA
15946,6279553,2026-02-08,0:00:00,CUNDINAMARCA
15950,6279558,2026-02-08,1:30:00,ANTIOQUIA
15951,6279561,2026-02-08,0:15:00,CUNDINAMARCA
15952,6279562,2026-02-08,0:00:00,ANTIOQUIA
15953,6279560,2026-02-07,23:55:00,ANTIOQUIA
15956,6279572,2026-02-08,0:30:00,ANTIOQUIA
15958,6279568,2026-02-08,1:00:00,CUNDINAMARCA
15960,6279574,2026-02-08,0:00:00,CUNDINAMARCA
15961,6279571,2026-02-08,1:30:00,ANTIOQUIA
15962,6279575,2026-02-08,2:00:00,ANTIOQUIA
15966,6279583,2026-02-08,1:00:00,CUNDINAMARCA
15967,6279579,2026-02-08,0:30:00,CUNDINAMARCA
15968,6279582,2026-02-08,1:40:00,ANTIOQUIA
15969,6279581,2026-02-08,2:15:00,CUNDINAMARCA
15970,6279584,2026-02-08,1:00:00,CUNDINAMARCA
15972,6279588,2026-02-08,0:30:00,ANTIOQUIA
15973,6279589,2026-02-08,1:00:00,CUNDINAMARCA
15975,6279591,2026-02-08,0:45:00,CUNDINAMARCA
15976,6279580,2026-02-08,3:30:00,ANTIOQUIA
15977,6279594,2026-02-08,2:50:00,ANTIOQUIA
15978,6279596,2026-02-08,1:30:00,CUNDINAMARCA
15979,6279595,2026-02-08,1:55:00,ANTIOQUIA
15981,6279416,2026-02-07,23:00:00,ANTIOQUIA
15984,6279612,2026-02-08,1:00:00,CUNDINAMARCA
15985,6279607,2026-02-08,0:55:00,CUNDINAMARCA
15987,6279614,2026-02-08,1:30:00,CUNDINAMARCA
15988,6279440,2026-02-07,23:00:00,CUNDINAMARCA
15990,6276916,2026-02-08,3:30:00,CUNDINAMARCA
15992,6279609,2026-02-08,1:30:00,CUNDINAMARCA
15993,6279617,2026-02-08,1:45:00,ANTIOQUIA
15995,6279619,2026-02-08,2:30:00,CUNDINAMARCA
15997,6279622,2026-02-08,2:00:00,CUNDINAMARCA
16000,6279625,2026-02-08,1:30:00,ANTIOQUIA
16001,6279627,2026-02-08,1:20:00,ANTIOQUIA
16002,6279629,2026-02-08,1:30:00,ANTIOQUIA
16003,6279624,2026-02-08,1:00:00,CUNDINAMARCA
16007,6279635,2026-02-08,1:30:00,ANTIOQUIA
16008,6279634,2026-02-08,3:30:00,ANTIOQUIA
16009,6279630,2026-02-08,2:00:00,CUNDINAMARCA
16010,6279632,2026-02-08,1:25:00,ANTIOQUIA
16011,6279631,2026-02-08,5:00:00,CUNDINAMARCA
16013,62779646,2026-02-08,4:00:00,CUNDINAMARCA
16014,6279644,2026-02-08,2:15:00,CUNDINAMARCA
16016,6279648,2026-02-08,2:05:00,CUNDINAMARCA
16017,6279645,2026-02-08,4:00:00,CUNDINAMARCA
16018,6279652,2026-02-08,1:45:00,CUNDINAMARCA
16019,6279647,2026-02-08,4:00:00,ANTIOQUIA
16021,62796498,2026-02-08,2:00:00,ANTIOQUIA
16022,6279651,2026-02-08,4:00:00,ANTIOQUIA
16023,6279656,2026-02-08,3:45:00,ANTIOQUIA
16030,6279663,2026-02-08,2:30:00,ANTIOQUIA
16031,6279665,2026-02-08,4:00:00,ANTIOQUIA
16033,6279666,2026-02-08,3:00:00,CUNDINAMARCA
16034,6279671,2026-02-08,2:10:00,CUNDINAMARCA
16036,6279675,2026-02-08,2:30:00,CUNDINAMARCA
16038,6279677,2026-02-08,3:00:00,CUNDINAMARCA
16040,6279679,2026-02-08,3:00:00,CUNDINAMARCA
16041,6279681,2026-02-08,4:00:00,ANTIOQUIA
16046,6279686,2026-02-08,5:00:00,CUNDINAMARCA
16049,6279688,2026-02-08,3:00:00,ANTIOQUIA
16050,6279691,2026-02-08,4:00:00,ANTIOQUIA
16054,6279704,2026-02-08,3:30:00,CUNDINAMARCA
16056,6279707,2026-02-08,4:00:00,CUNDINAMARCA
16057,6279709,2026-02-08,3:20:00,CUNDINAMARCA
16058,6279710,2026-02-08,4:00:00,ANTIOQUIA
16061,6279716,2026-02-08,4:30:00,ANTIOQUIA
16063,6279720,2026-02-08,3:45:00,CUNDINAMARCA
16064,6279723,2026-02-08,5:00:00,CUNDINAMARCA
16071,6279001,2026-02-08,4:00:00,ANTIOQUIA
16074,6279745,2026-02-08,5:50:00,CUNDINAMARCA
16103,6279797,2026-02-08,21:00:00,CUNDINAMARCA
16112,6279827,2026-02-08,19:00:00,CUNDINAMARCA
16140,6279890,2026-02-08,18:00:00,CUNDINAMARCA
16161,6279937,2026-02-08,22:30:00,CUNDINAMARCA
16163,6279954,2026-02-08,18:00:00,CUNDINAMARCA
16183,6280007,2026-02-09,0:00:00,ANTIOQUIA
16187,6280022,2026-02-09,6:50:00,CUNDINAMARCA
16194,6280027,2026-02-08,19:30:00,CUNDINAMARCA
16197,6280042,2026-02-08,20:00:00,CUNDINAMARCA
16200,6280044,2026-02-08,19:30:00,CUNDINAMARCA
16203,6280048,2026-02-08,20:00:00,ANTIOQUIA
16210,6280057,2026-02-08,20:00:00,CUNDINAMARCA
16223,6280114,2026-02-09,6:45:00,CUNDINAMARCA
16229,6280115,2026-02-08,22:15:00,CUNDINAMARCA
16232,6280134,2026-02-08,21:00:00,CUNDINAMARCA
16235,6280133,2026-02-08,22:00:00,ANTIOQUIA
16237,6280135,2026-02-08,21:30:00,ANTIOQUIA
16246,6280154,2026-02-08,23:30:00,ANTIOQUIA
16248,6280159,2026-02-08,22:00:00,CUNDINAMARCA
16275,6280220,2026-02-08,23:45:00,CUNDINAMARCA
16291,6280262,2026-02-08,23:20:00,CUNDINAMARCA
16298,6280275,2026-02-09,8:00:00,CUNDINAMARCA
16299,6280281,2026-02-09,12:00:00,CUNDINAMARCA
16303,6280288,2026-02-09,10:00:00,ANTIOQUIA
16329,6280395,2026-02-09,2:45:00,ANTIOQUIA
16481,6280933,2026-02-09,17:30:00,CUNDINAMARCA
16486,6280942,2026-02-10,9:00:00,CUNDINAMARCA
16506,6281037,2026-02-11,4:15:00,CUNDINAMARCA
16546,6281219,2026-02-09,16:20:00,CUNDINAMARCA
16561,6281285,2026-02-10,18:00:00,CUNDINAMARCA
16563,6281286,2026-02-09,17:15:00,CUNDINAMARCA
16591,6281342,2026-02-14,2:15:00,CUNDINAMARCA
16603,6281480,2026-02-15,1:00:00,CUNDINAMARCA
16619,6281572,2026-02-09,18:00:00,CUNDINAMARCA
16641,6281684,2026-02-10,8:00:00,ANTIOQUIA
16648,6281719,2026-02-09,20:30:00,ANTIOQUIA
16660,6281758,2026-02-11,9:00:00,CUNDINAMARCA
16679,6281870,2026-02-11,1:05:00,CUNDINAMARCA
16693,6281956,2026-02-10,8:40:00,ANTIOQUIA
16723,6282063,2026-02-10,0:00:00,CUNDINAMARCA
16724,6282068,2026-02-10,6:00:00,ANTIOQUIA
16731,6282075,2026-02-10,10:00:00,CUNDINAMARCA
16812,6282335,2026-02-11,21:00:00,CUNDINAMARCA
16841,6282429,2026-02-10,21:15:00,ANTIOQUIA
16845,6282445,2026-02-10,15:30:00,CUNDINAMARCA
16863,6282540,2026-02-14,3:00:00,CUNDINAMARCA
16921,6282866,2026-02-10,21:00:00,ANTIOQUIA
16930,6282921,2026-02-10,21:10:00,ANTIOQUIA
16950,6283028,2026-02-10,17:55:00,ANTIOQUIA
17009,6283328,2026-02-11,10:30:00,ANTIOQUIA
17013,6283342,2026-02-10,20:30:00,ANTIOQUIA
17016,6283347,2026-02-11,11:00:00,CUNDINAMARCA
17024,6283387,2026-02-10,20:45:00,CUNDINAMARCA
17041,62,2026-02-14,23:55:00,CUNDINAMARCA
17055,6283485,2026-02-11,6:45:00,CUNDINAMARCA
17072,6283540,2026-02-11,12:45:00,CUNDINAMARCA
17078,6283573,2026-02-11,5:00:00,ANTIOQUIA
17098,6283628,2026-02-11,8:30:00,ANTIOQUIA
17104,6283644,2026-02-11,8:00:00,ANTIOQUIA
17109,6283659,2026-02-11,19:15:00,CUNDINAMARCA
17222,6283950,2026-02-11,16:30:00,CUNDINAMARCA
17236,6284019,2026-02-14,7:15:00,CUNDINAMARCA
17242,6284020,2026-02-11,14:30:00,CUNDINAMARCA
17280,6284196,2026-02-11,16:00:00,CUNDINAMARCA
17295,6284239,2026-02-11,16:00:00,ANTIOQUIA
17314,6284287,2026-02-11,16:35:00,ANTIOQUIA
17321,6284330,2026-02-11,19:00:00,CUNDINAMARCA
17366,6284516,2026-02-11,20:00:00,CUNDINAMARCA
17378,6284572,2026-02-11,19:05:00,CUNDINAMARCA
17391,6284610,2026-02-11,20:00:00,ANTIOQUIA
17397,6284631,2026-02-11,20:00:00,CUNDINAMARCA
17404,6284610,2026-02-11,20:00:00,ANTIOQUIA
17409,6284684,2026-02-11,20:30:00,CUNDINAMARCA
17421,6284745,2026-02-11,21:00:00,CUNDINAMARCA
17423,6284747,2026-02-11,22:00:00,CUNDINAMARCA
17440,6284789,2026-02-11,22:00:00,CUNDINAMARCA
17442,6284791,2026-02-11,21:30:00,CUNDINAMARCA
17444,6284799,2026-02-11,23:00:00,ANTIOQUIA
17451,6284815,2026-02-15,1:30:00,ANTIOQUIA
17460,6284828,2026-02-12,20:00:00,CUNDINAMARCA
17465,6284850,2026-02-11,23:15:00,CUNDINAMARCA
17479,6284893,2026-02-12,19:00:00,ANTIOQUIA
17485,6284901,2026-02-12,0:30:00,ANTIOQUIA
17496,6284953,2026-02-12,1:15:00,CUNDINAMARCA
17499,6284968,2026-02-12,1:00:00,ANTIOQUIA
17515,6284943,2026-02-12,17:30:00,CUNDINAMARCA
17540,6285086,2026-02-13,6:45:00,CUNDINAMARCA
17575,6285169,2026-02-14,21:30:00,CUNDINAMARCA
17585,6285178,2026-02-14,1:00:00,CUNDINAMARCA
17662,6285416,2026-02-12,22:00:00,CUNDINAMARCA
17682,6285520,2026-02-12,15:45:00,CUNDINAMARCA
17745,6285749,2026-02-14,0:05:00,CUNDINAMARCA
17746,6285755,2026-02-12,23:30:00,ANTIOQUIA
17747,6285743,2026-02-12,19:30:00,CUNDINAMARCA
17750,6285751,2026-02-12,22:15:00,CUNDINAMARCA
17760,6285801,2026-02-12,22:45:00,ANTIOQUIA
17772,6285820,2026-02-13,9:00:00,CUNDINAMARCA
17787,6285884,2026-02-14,23:30:00,CUNDINAMARCA
17818,6286011,2026-02-12,19:20:00,CUNDINAMARCA
17826,6286036,2026-02-12,20:30:00,CUNDINAMARCA
17828,6286037,2026-02-12,23:30:00,CUNDINAMARCA
17830,6286041,2026-02-12,23:30:00,ANTIOQUIA
17848,6286093,2026-02-12,22:30:00,CUNDINAMARCA
17851,6286091,2026-02-12,22:30:00,ANTIOQUIA
17858,6286112,2026-02-12,22:00:00,CUNDINAMARCA
17865,6286122,2026-02-12,22:30:00,ANTIOQUIA
17866,6286125,2026-02-13,6:30:00,CUNDINAMARCA
17870,6286144,2026-02-12,23:30:00,CUNDINAMARCA
17872,6286148,2026-02-12,23:40:00,ANTIOQUIA
17879,6286177,2026-02-12,23:30:00,CUNDINAMARCA
17889,6286190,2026-02-13,13:00:00,ANTIOQUIA
17892,6286197,2026-02-13,0:45:00,ANTIOQUIA
17896,6286041,2026-02-12,23:30:00,ANTIOQUIA
17900,6286206,2026-02-13,0:30:00,CUNDINAMARCA
17902,6286213,2026-02-13,3:30:00,CUNDINAMARCA
17905,6286215,2026-02-13,0:00:00,ANTIOQUIA
17915,6286235,2026-02-13,0:30:00,ANTIOQUIA
17930,6286253,2026-03-01,2:30:00,ANTIOQUIA
17939,6286268,2026-02-13,6:45:00,CUNDINAMARCA
17942,6286277,2026-02-13,2:30:00,CUNDINAMARCA
17951,6286302,2026-03-21,2:00:00,CUNDINAMARCA
17954,6286305,2026-02-13,2:30:00,CUNDINAMARCA
18052,6286551,2026-02-14,21:55:00,CUNDINAMARCA
18068,6286634,2026-02-13,15:30:00,CUNDINAMARCA
18075,6286653,2026-02-13,15:30:00,ANTIOQUIA
18078,6286661,2026-02-14,1:00:00,CUNDINAMARCA
18082,6286678,2026-02-13,15:20:00,ANTIOQUIA
18088,6286697,2026-02-14,22:00:00,ANTIOQUIA
18089,4725619,2026-02-14,22:00:00,ANTIOQUIA
18130,6286868,2026-02-13,18:00:00,CUNDINAMARCA
18135,6286877,2026-02-13,22:00:00,CUNDINAMARCA
18151,6286915,2026-02-13,18:30:00,CUNDINAMARCA
18172,6286984,2026-02-13,21:30:00,ANTIOQUIA
18175,6286970,2026-02-14,1:20:00,ANTIOQUIA
18176,6286993,2026-02-14,0:45:00,ANTIOQUIA
18178,6286994,2026-02-13,21:00:00,ANTIOQUIA
18181,6286997,2026-02-23,23:00:00,CUNDINAMARCA
18182,6287015,2026-02-14,2:00:00,CUNDINAMARCA
18187,6287044,2026-02-13,22:00:00,CUNDINAMARCA
18190,6287057,2026-02-13,0:30:00,ANTIOQUIA
18192,6287060,2026-02-14,2:30:00,ANTIOQUIA
18197,6287077,2026-02-13,20:00:00,CUNDINAMARCA
18198,6287081,2026-02-14,11:00:00,ANTIOQUIA
18199,6287084,2026-02-15,1:30:00,ANTIOQUIA
18204,6287103,2026-02-13,21:00:00,CUNDINAMARCA
18210,6287126,2026-02-14,2:05:00,ANTIOQUIA
18213,6287134,2026-02-14,1:45:00,ANTIOQUIA
18216,6287152,2026-02-14,2:00:00,ANTIOQUIA
18221,6287156,2026-02-13,21:00:00,CUNDINAMARCA
18237,6287210,2026-02-14,8:00:00,CUNDINAMARCA
18240,6287213,2026-02-13,22:30:00,ANTIOQUIA
18244,6287217,2026-02-13,21:30:00,CUNDINAMARCA
18245,6287224,2026-02-13,22:00:00,CUNDINAMARCA
18252,6287257,2026-02-13,23:00:00,CUNDINAMARCA
18253,6287233,2026-02-13,21:30:00,ANTIOQUIA
18256,6287252,2026-02-14,8:30:00,CUNDINAMARCA
18261,6287269,2026-02-13,23:00:00,ANTIOQUIA
18268,6287283,2026-02-14,1:00:00,CUNDINAMARCA
18273,6287291,2026-02-13,23:00:00,CUNDINAMARCA
18280,6287298,2026-02-23,23:00:00,CUNDINAMARCA
18282,6287309,2026-02-24,1:30:00,CUNDINAMARCA
18283,6287310,2026-02-14,0:15:00,CUNDINAMARCA
18284,6287313,2026-02-13,22:30:00,ANTIOQUIA
18287,6287318,2026-02-13,22:45:00,CUNDINAMARCA
18290,6287325,2026-02-13,21:00:00,CUNDINAMARCA
18292,6287328,2026-02-14,1:00:00,ANTIOQUIA
18295,6287327,2026-02-14,0:00:00,CUNDINAMARCA
18296,6287335,2026-02-13,23:00:00,ANTIOQUIA
18297,6287342,2026-02-14,1:00:00,ANTIOQUIA
18298,6287344,2026-02-14,1:00:00,ANTIOQUIA
18301,6287345,2026-02-14,1:00:00,CUNDINAMARCA
18302,6287354,2026-02-14,2:00:00,CUNDINAMARCA
18304,6287347,2026-02-14,1:00:00,CUNDINAMARCA
18311,6287359,2026-02-14,1:00:00,CUNDINAMARCA
18314,6287365,2026-02-13,23:30:00,CUNDINAMARCA
18315,6726158,2026-02-14,0:00:00,ANTIOQUIA
18318,6287369,2026-02-14,0:30:00,ANTIOQUIA
18322,6287374,2026-02-14,1:45:00,ANTIOQUIA
18325,6287383,2026-02-14,8:00:00,CUNDINAMARCA
18326,6287379,2026-02-14,17:30:00,CUNDINAMARCA
18327,6287384,2026-02-24,1:00:00,CUNDINAMARCA
18329,6287390,2026-02-24,1:00:00,CUNDINAMARCA
18331,6287386,2026-02-14,1:00:00,ANTIOQUIA
18332,6287394,2026-02-14,1:00:00,CUNDINAMARCA
18336,HQO777,2026-02-14,2:00:00,ANTIOQUIA
18340,6287405,2026-02-14,2:00:00,ANTIOQUIA
18343,6287417,2026-02-14,0:30:00,ANTIOQUIA
18344,6287419,2026-02-14,0:30:00,CUNDINAMARCA
18349,6287424,2026-02-14,2:30:00,ANTIOQUIA
18350,6287425,2026-02-14,2:00:00,CUNDINAMARCA
18351,6287428,2026-02-14,0:25:00,ANTIOQUIA
18355,6287427,2026-02-14,0:30:00,ANTIOQUIA
18356,6287434,2026-02-14,2:30:00,ANTIOQUIA
18357,6287436,2026-02-14,0:00:00,ANTIOQUIA
18358,6287439,2026-02-14,1:00:00,CUNDINAMARCA
18361,6287438,2026-02-14,0:20:00,CUNDINAMARCA
18362,6287442,2026-02-14,3:00:00,ANTIOQUIA
18364,6287417,2026-02-14,0:30:00,ANTIOQUIA
18365,6287445,2026-02-14,0:35:00,ANTIOQUIA
18368,6287450,2026-02-14,1:30:00,CUNDINAMARCA
18370,6287417,2026-02-14,0:30:00,ANTIOQUIA
18375,6287469,2026-02-14,1:05:00,CUNDINAMARCA
18376,6287468,2026-02-14,1:30:00,ANTIOQUIA
18378,6287483,2026-02-14,0:15:00,ANTIOQUIA
18380,6287486,2026-02-13,23:30:00,CUNDINAMARCA
18382,6287491,2026-02-14,1:30:00,CUNDINAMARCA
18385,6287492,2026-02-14,5:00:00,CUNDINAMARCA
18391,6287461,2026-02-14,1:15:00,CUNDINAMARCA
18393,6287502,2026-02-14,1:00:00,ANTIOQUIA
18394,6287475,2026-02-14,1:30:00,CUNDINAMARCA
18400,6287487,2026-02-14,1:30:00,CUNDINAMARCA
18401,6287514,2026-02-14,2:00:00,ANTIOQUIA
18404,6287506,2026-02-14,3:30:00,CUNDINAMARCA
18405,6287516,2026-02-14,2:00:00,CUNDINAMARCA
18410,6287520,2026-02-15,2:00:00,CUNDINAMARCA
18412,6287525,2026-02-14,2:30:00,CUNDINAMARCA
18413,6287521,2026-02-14,2:15:00,ANTIOQUIA
18414,6287528,2026-02-14,23:50:00,ANTIOQUIA
18417,6287530,2026-02-14,2:55:00,ANTIOQUIA
18424,6287541,2026-02-14,16:00:00,ANTIOQUIA
18425,6287542,2026-02-14,2:40:00,CUNDINAMARCA
18428,6287545,2026-02-14,2:30:00,ANTIOQUIA
18433,6287553,2026-02-14,3:00:00,CUNDINAMARCA
18435,6287555,2026-02-14,3:00:00,ANTIOQUIA
18438,6287560,2026-02-14,21:00:00,ANTIOQUIA
18439,6287560,2026-02-14,21:00:00,ANTIOQUIA
18441,6287561,2026-02-14,4:00:00,CUNDINAMARCA
18442,6287563,2026-02-14,3:35:00,ANTIOQUIA
18443,6287566,2026-02-15,2:05:00,ANTIOQUIA
18444,6287565,2026-02-14,3:30:00,ANTIOQUIA
18447,6287561,2026-02-14,4:00:00,CUNDINAMARCA
18451,6287575,2026-02-14,4:00:00,CUNDINAMARCA
18457,6287593,2026-02-14,4:30:00,CUNDINAMARCA
18471,6287618,2026-02-15,2:00:00,ANTIOQUIA
18483,6287635,2026-02-14,16:15:00,CUNDINAMARCA
18522,6287715,2026-02-15,1:00:00,ANTIOQUIA
18523,6287713,2026-02-15,1:30:00,CUNDINAMARCA
18530,6287716,2026-02-14,23:45:00,CUNDINAMARCA
18549,6287766,2026-02-15,2:00:00,CUNDINAMARCA
18551,6287758,2026-02-15,3:00:00,ANTIOQUIA
18556,6287780,2026-02-14,16:00:00,CUNDINAMARCA
18560,6287791,2026-02-15,2:30:00,ANTIOQUIA
18568,6287810,2026-02-14,23:30:00,CUNDINAMARCA
18571,6287821,2026-02-15,2:45:00,CUNDINAMARCA
18575,6287824,2026-02-14,23:00:00,ANTIOQUIA
18578,6287834,2026-02-15,0:00:00,CUNDINAMARCA
18579,6287833,2026-02-15,2:15:00,ANTIOQUIA
18591,6287883,2026-02-15,0:30:00,ANTIOQUIA
18599,6287899,2026-02-15,1:00:00,CUNDINAMARCA
18602,6287911,2026-02-15,3:00:00,CUNDINAMARCA
18605,6287920,2026-02-15,0:30:00,CUNDINAMARCA
18606,6287923,2026-02-14,23:00:00,CUNDINAMARCA
18609,6287934,2026-02-15,0:30:00,CUNDINAMARCA
18611,6287928,2026-02-14,20:15:00,CUNDINAMARCA
18612,6287935,2026-02-15,1:45:00,CUNDINAMARCA
18614,6287943,2026-02-15,2:30:00,CUNDINAMARCA
18616,6287945,2026-02-14,16:00:00,CUNDINAMARCA
18619,6287955,2026-02-15,1:00:00,CUNDINAMARCA
18621,6287962,2026-02-14,22:00:00,CUNDINAMARCA
18622,6287959,2026-02-15,1:00:00,ANTIOQUIA
18630,6287979,2026-02-15,2:45:00,ANTIOQUIA
18633,6287977,2026-02-14,13:00:00,CUNDINAMARCA
18634,6287986,2026-02-14,23:00:00,ANTIOQUIA
18635,6287987,2026-02-15,2:40:00,ANTIOQUIA
18639,6287982,2026-02-15,3:30:00,ANTIOQUIA
18642,6287997,2026-02-14,22:00:00,CUNDINAMARCA
18651,6288024,2026-02-15,3:00:00,CUNDINAMARCA
18656,6288035,2026-02-15,1:30:00,CUNDINAMARCA
18657,6288039,2026-02-15,1:30:00,CUNDINAMARCA
18663,6288051,2026-02-14,23:00:00,CUNDINAMARCA
18669,6288061,2026-02-15,3:30:00,ANTIOQUIA
18670,6288064,2026-02-14,23:00:00,CUNDINAMARCA
18671,6288055,2026-02-14,22:30:00,ANTIOQUIA
18672,6288063,2026-02-14,18:00:00,CUNDINAMARCA
18674,6288070,2026-02-15,1:30:00,CUNDINAMARCA
18675,6288025,2026-02-14,21:30:00,CUNDINAMARCA
18677,6288080,2026-02-14,23:45:00,CUNDINAMARCA
18680,6288086,2026-02-14,21:30:00,CUNDINAMARCA
18685,6288087,2026-02-15,1:30:00,ANTIOQUIA
18697,6288115,2026-02-14,19:15:00,CUNDINAMARCA
18698,6288114,2026-02-14,23:00:00,ANTIOQUIA
18701,6288118,2026-02-14,23:30:00,CUNDINAMARCA
18705,6288123,2026-02-14,20:00:00,CUNDINAMARCA
18708,6288126,2026-02-15,0:30:00,CUNDINAMARCA
18709,6288134,2026-02-15,0:35:00,CUNDINAMARCA
18713,6288132,2026-02-14,23:00:00,CUNDINAMARCA
18715,6288139,2026-02-15,2:30:00,CUNDINAMARCA
18721,6288144,2026-02-14,22:00:00,ANTIOQUIA
18723,6288150,2026-02-15,1:30:00,ANTIOQUIA
18728,6288159,2026-02-15,3:15:00,CUNDINAMARCA
18729,6288165,2026-02-15,4:00:00,CUNDINAMARCA
18730,6288156,2026-02-15,1:30:00,CUNDINAMARCA
18731,6288166,2026-02-14,22:30:00,ANTIOQUIA
18734,6288169,2026-02-14,20:00:00,ANTIOQUIA
18738,6288182,2026-02-14,20:00:00,ANTIOQUIA
18739,6288185,2026-02-14,23:00:00,CUNDINAMARCA
18742,6288190,2026-02-15,0:00:00,CUNDINAMARCA
18743,6288184,2026-02-15,2:00:00,CUNDINAMARCA
18745,6288170,2026-02-15,0:00:00,CUNDINAMARCA
18750,6288197,2026-02-14,20:30:00,CUNDINAMARCA
18754,6288210,2026-02-15,0:15:00,CUNDINAMARCA
18758,6288196,2026-02-14,23:45:00,CUNDINAMARCA
18759,6288204,2026-02-15,2:00:00,CUNDINAMARCA
18760,6288219,2026-02-14,19:00:00,ANTIOQUIA
18761,6288206,2026-02-15,3:00:00,ANTIOQUIA
18764,6288215,2026-02-14,21:00:00,CUNDINAMARCA
18766,6288225,2026-02-14,22:00:00,ANTIOQUIA
18768,6288218,2026-02-14,23:30:00,ANTIOQUIA
18771,6288229,2026-02-14,21:30:00,CUNDINAMARCA
18774,6288236,2026-02-14,23:30:00,ANTIOQUIA
18776,6288233,2026-02-14,18:00:00,CUNDINAMARCA
18777,6288244,2026-02-15,2:30:00,CUNDINAMARCA
18779,6288246,2026-02-14,20:50:00,CUNDINAMARCA
18781,6288252,2026-02-14,23:00:00,ANTIOQUIA
18784,6288251,2026-02-14,23:30:00,CUNDINAMARCA
18786,6288255,2026-02-15,0:50:00,CUNDINAMARCA
18788,6288250,2026-02-15,0:30:00,CUNDINAMARCA
18789,6288258,2026-02-14,23:00:00,ANTIOQUIA
18791,6288264,2026-02-15,3:00:00,ANTIOQUIA
18793,6288273,2026-02-15,2:30:00,CUNDINAMARCA
18794,6288267,2026-02-14,22:30:00,CUNDINAMARCA
18797,6288274,2026-02-14,23:00:00,CUNDINAMARCA
18798,6288276,2026-02-14,21:20:00,CUNDINAMARCA
18799,6288279,2026-02-14,21:15:00,CUNDINAMARCA
18803,6288285,2026-02-15,2:00:00,CUNDINAMARCA
18805,6288286,2026-02-14,21:45:00,CUNDINAMARCA
18806,6288293,2026-02-14,22:30:00,CUNDINAMARCA
18807,6288299,2026-02-14,21:45:00,ANTIOQUIA
18808,6288298,2026-02-15,2:00:00,ANTIOQUIA
18811,6288295,2026-02-14,23:00:00,CUNDINAMARCA
18813,6288303,2026-02-15,2:00:00,ANTIOQUIA
18815,6288305,2026-02-14,21:35:00,ANTIOQUIA
18816,6288306,2026-02-15,2:00:00,CUNDINAMARCA
18819,6288311,2026-02-14,22:30:00,CUNDINAMARCA
18820,6288290,2026-02-15,1:00:00,ANTIOQUIA
18821,6288307,2026-02-14,23:30:00,ANTIOQUIA
18822,6288314,2026-02-15,0:30:00,ANTIOQUIA
18824,6288318,2026-02-15,4:00:00,CUNDINAMARCA
18825,6288317,2026-02-15,4:00:00,ANTIOQUIA
18826,6288327,2026-02-14,22:30:00,CUNDINAMARCA
18829,6288319,2026-02-14,23:30:00,CUNDINAMARCA
18830,6288330,2026-02-14,22:05:00,CUNDINAMARCA
18836,6288326,2026-02-14,23:00:00,CUNDINAMARCA
18837,6288336,2026-02-15,3:00:00,CUNDINAMARCA
18838,6288339,2026-02-14,22:10:00,CUNDINAMARCA
18839,6288335,2026-02-15,2:00:00,CUNDINAMARCA
18841,6288341,2026-02-15,1:30:00,CUNDINAMARCA
18842,6288344,2026-02-14,22:30:00,ANTIOQUIA
18843,6288342,2026-02-15,2:30:00,CUNDINAMARCA
18844,6288343,2026-02-14,22:25:00,CUNDINAMARCA
18846,6288350,2026-02-15,2:15:00,CUNDINAMARCA
18849,6288348,2026-02-15,0:50:00,CUNDINAMARCA
18853,6288354,2026-02-15,1:00:00,CUNDINAMARCA
18855,6287834,2026-02-15,0:00:00,CUNDINAMARCA
18856,6288356,2026-02-14,22:35:00,ANTIOQUIA
18857,6288357,2026-02-15,4:00:00,CUNDINAMARCA
18858,6288359,2026-02-14,22:35:00,ANTIOQUIA
18859,6288360,2026-02-15,1:00:00,CUNDINAMARCA
18861,6288367,2026-02-15,1:30:00,CUNDINAMARCA
18862,6288365,2026-02-14,22:40:00,CUNDINAMARCA
18863,6288362,2026-02-15,1:30:00,CUNDINAMARCA
18864,6288370,2026-02-15,0:10:00,CUNDINAMARCA
18866,6288369,2026-02-15,0:10:00,CUNDINAMARCA
18870,6288380,2026-02-15,2:30:00,CUNDINAMARCA
18871,6288364,2026-02-14,22:45:00,CUNDINAMARCA
18875,6288386,2026-02-15,2:30:00,CUNDINAMARCA
18876,6288372,2026-02-15,1:00:00,CUNDINAMARCA
18879,6288392,2026-02-14,23:00:00,CUNDINAMARCA
18880,6288375,2026-02-14,23:00:00,ANTIOQUIA
18881,6288378,2026-02-14,22:30:00,ANTIOQUIA
18882,6288379,2026-02-14,23:00:00,ANTIOQUIA
18884,6288382,2026-02-14,23:00:00,CUNDINAMARCA
18885,6288388,2026-02-15,1:00:00,ANTIOQUIA
18887,6288397,2026-02-15,3:05:00,CUNDINAMARCA
18889,6288389,2026-02-15,0:00:00,CUNDINAMARCA
18891,6288401,2026-02-14,23:10:00,CUNDINAMARCA
18893,6288406,2026-02-14,23:00:00,CUNDINAMARCA
18895,6284808,2026-02-15,1:00:00,CUNDINAMARCA
18897,6288412,2026-02-14,23:15:00,CUNDINAMARCA
18898,6288411,2026-02-14,23:30:00,ANTIOQUIA
18900,6288417,2026-02-14,23:15:00,ANTIOQUIA
18901,6288418,2026-02-14,23:50:00,CUNDINAMARCA
18903,6288421,2026-02-14,23:55:00,ANTIOQUIA
18906,6288422,2026-02-14,23:30:00,CUNDINAMARCA
18907,6288426,2026-02-15,2:00:00,CUNDINAMARCA
18908,6288425,2026-02-15,0:00:00,ANTIOQUIA
18910,6288428,2026-02-15,2:00:00,ANTIOQUIA
18913,6288427,2026-02-15,5:15:00,CUNDINAMARCA
18918,6288435,2026-02-15,3:30:00,CUNDINAMARCA
18919,6288441,2026-02-15,1:30:00,CUNDINAMARCA
18920,6288446,2026-02-14,23:30:00,CUNDINAMARCA
18921,6288443,2026-02-15,0:00:00,ANTIOQUIA
18922,6284847,2026-02-15,2:05:00,CUNDINAMARCA
18923,6288444,2026-02-15,1:00:00,ANTIOQUIA
18925,6288450,2026-02-15,2:00:00,ANTIOQUIA
18926,6288452,2026-02-14,23:50:00,CUNDINAMARCA
18928,6288449,2026-02-15,0:00:00,CUNDINAMARCA
18930,6288454,2026-02-14,23:55:00,ANTIOQUIA
18932,6288456,2026-02-15,2:00:00,ANTIOQUIA
18933,6288457,2026-02-15,0:00:00,ANTIOQUIA
18934,6288460,2026-02-15,1:00:00,CUNDINAMARCA
18935,6288466,2026-02-14,23:00:00,CUNDINAMARCA
18937,6288472,2026-02-15,2:30:00,ANTIOQUIA
18938,6288464,2026-02-14,23:55:00,CUNDINAMARCA
18939,6288465,2026-02-15,2:10:00,CUNDINAMARCA
18940,6288470,2026-02-15,0:15:00,CUNDINAMARCA
18941,6288476,2026-02-15,2:00:00,ANTIOQUIA
18943,6288474,2026-02-15,2:00:00,CUNDINAMARCA
18944,6288475,2026-02-15,0:05:00,CUNDINAMARCA
18945,6288473,2026-02-15,0:15:00,CUNDINAMARCA
18948,6288485,2026-02-15,0:00:00,CUNDINAMARCA
18949,6288482,2026-02-15,0:30:00,ANTIOQUIA
18951,6288487,2026-02-15,0:30:00,CUNDINAMARCA
18952,6288087,2026-02-15,1:30:00,ANTIOQUIA
18953,6288489,2026-02-15,2:00:00,CUNDINAMARCA
18954,6288493,2026-02-15,1:00:00,ANTIOQUIA
18955,6288492,2026-02-15,1:00:00,ANTIOQUIA
18956,6288490,2026-02-15,3:00:00,CUNDINAMARCA
18958,6288494,2026-02-15,2:00:00,CUNDINAMARCA
18959,6288497,2026-02-15,2:00:00,CUNDINAMARCA
18962,6288503,2026-02-15,1:00:00,CUNDINAMARCA
18963,6288501,2026-02-15,1:15:00,ANTIOQUIA
18965,6288506,2026-02-15,0:30:00,CUNDINAMARCA
18967,6288508,2026-02-10,2:45:00,ANTIOQUIA
18969,6288513,2026-02-15,2:05:00,CUNDINAMARCA
18973,6288518,2026-02-15,1:40:00,CUNDINAMARCA
18974,6288519,2026-02-15,0:30:00,CUNDINAMARCA
18975,6288520,2026-02-15,3:00:00,CUNDINAMARCA
18976,6288521,2026-02-15,1:00:00,ANTIOQUIA
18978,6288524,2026-02-15,2:05:00,CUNDINAMARCA
18979,6288523,2026-02-15,2:30:00,ANTIOQUIA
18980,6288514,2026-02-15,1:00:00,CUNDINAMARCA
18982,6288525,2026-02-15,3:30:00,CUNDINAMARCA
18984,6288529,2026-02-15,0:05:00,CUNDINAMARCA
18987,6288535,2026-02-15,3:00:00,CUNDINAMARCA
18989,6288536,2026-02-15,1:10:00,CUNDINAMARCA
18990,6288534,2026-02-15,2:00:00,CUNDINAMARCA
18991,6288537,2026-02-15,3:00:00,CUNDINAMARCA
18992,6288540,2026-02-15,1:00:00,ANTIOQUIA
18993,6288539,2026-02-15,2:00:00,CUNDINAMARCA
18994,6288542,2026-02-15,3:00:00,CUNDINAMARCA
18996,6288541,2026-02-15,1:30:00,ANTIOQUIA
18997,6288547,2026-02-15,4:00:00,ANTIOQUIA
18999,6288546,2026-02-15,2:00:00,CUNDINAMARCA
19000,6288543,2026-02-15,2:00:00,CUNDINAMARCA
19001,6288550,2026-02-15,5:00:00,CUNDINAMARCA
19004,6288545,2026-02-15,3:00:00,CUNDINAMARCA
19008,6288553,2026-02-15,2:00:00,CUNDINAMARCA
19009,6288558,2026-02-15,3:30:00,CUNDINAMARCA
19013,6288563,2026-02-15,1:45:00,CUNDINAMARCA
19014,6288567,2026-02-15,2:00:00,ANTIOQUIA
19016,6288547,2026-02-15,4:00:00,ANTIOQUIA
19018,6288579,2026-02-15,3:00:00,CUNDINAMARCA
19021,6288578,2026-02-15,3:00:00,ANTIOQUIA
19023,6288577,2026-02-15,1:40:00,CUNDINAMARCA
19024,6288580,2026-02-15,3:30:00,ANTIOQUIA
19026,6288586,2026-02-15,2:00:00,CUNDINAMARCA
19027,6288585,2026-02-15,3:00:00,ANTIOQUIA
19028,6288589,2026-02-15,3:00:00,ANTIOQUIA
19030,6288582,2026-02-15,14:30:00,CUNDINAMARCA
19032,6288591,2026-02-15,3:30:00,ANTIOQUIA
19034,6288584,2026-02-15,3:00:00,ANTIOQUIA
19035,6288595,2026-02-15,2:15:00,CUNDINAMARCA
19036,6288596,2026-02-15,2:30:00,CUNDINAMARCA
19037,6288587,2026-02-15,2:15:00,CUNDINAMARCA
19046,6288609,2026-02-15,3:00:00,ANTIOQUIA
19048,6288601,2026-02-15,3:45:00,ANTIOQUIA
19050,6288604,2026-02-15,4:30:00,CUNDINAMARCA
19051,6288618,2026-02-15,5:00:00,ANTIOQUIA
19053,6288614,2026-02-15,14:30:00,CUNDINAMARCA
19057,6288627,2026-02-15,5:00:00,CUNDINAMARCA
19061,6288632,2026-02-15,4:00:00,CUNDINAMARCA
19062,,2026-02-15,3:30:00,ANTIOQUIA
19066,6288646,2026-02-15,5:35:00,CUNDINAMARCA
19067,6288642,2026-02-15,15:00:00,ANTIOQUIA
19068,6288640,2026-02-15,5:30:00,CUNDINAMARCA
19071,6288650,2026-02-15,7:00:00,CUNDINAMARCA
19073,6288654,2026-02-15,6:30:00,CUNDINAMARCA
19075,6288653,2026-02-15,6:45:00,CUNDINAMARCA
19076,6288656,2026-02-15,6:00:00,CUNDINAMARCA
19090,6288682,2026-02-15,13:00:00,CUNDINAMARCA
19092,6288687,2026-02-15,12:00:00,CUNDINAMARCA
19093,6288684,2026-02-15,15:15:00,ANTIOQUIA
19130,6288748,2026-02-15,19:00:00,CUNDINAMARCA
19138,6288762,2026-02-15,15:30:00,CUNDINAMARCA
19146,6288778,2026-02-16,5:00:00,CUNDINAMARCA
19159,6288803,2026-02-16,8:30:00,ANTIOQUIA
19160,6288806,2026-02-15,17:00:00,ANTIOQUIA
19167,6288812,2026-02-15,17:00:00,ANTIOQUIA
19180,6288828,2026-02-15,19:00:00,CUNDINAMARCA
19184,6288846,2026-02-15,18:10:00,ANTIOQUIA
19185,6288849,2026-02-16,11:00:00,CUNDINAMARCA
19186,6288848,2026-02-15,18:30:00,CUNDINAMARCA
19202,6288871,2026-02-15,19:00:00,CUNDINAMARCA
19215,6288901,2026-02-15,21:00:00,ANTIOQUIA
19216,6288902,2026-02-15,19:05:00,CUNDINAMARCA
19221,6288911,2026-02-15,19:45:00,CUNDINAMARCA
19224,6288916,2026-02-15,20:00:00,CUNDINAMARCA
19251,6288967,2026-02-15,20:30:00,ANTIOQUIA
19274,6289002,2026-02-15,22:45:00,ANTIOQUIA
19278,6289004,2026-02-15,22:15:00,ANTIOQUIA
19281,6289009,2026-02-15,21:30:00,ANTIOQUIA
19283,6289013,2026-02-15,23:00:00,CUNDINAMARCA
19298,6289045,2026-02-16,0:05:00,ANTIOQUIA
19315,6289081,2026-02-16,2:00:00,ANTIOQUIA
19318,6289092,2026-02-16,1:00:00,CUNDINAMARCA
19321,6289095,2026-02-16,0:00:00,CUNDINAMARCA
19327,6289104,2026-02-16,14:00:00,ANTIOQUIA
19333,6289109,2026-02-16,7:10:00,CUNDINAMARCA
19338,6289118,2026-02-16,2:00:00,ANTIOQUIA
19340,6289129,2026-02-16,1:55:00,CUNDINAMARCA
19406,6289255,2026-02-16,14:30:00,ANTIOQUIA
19421,6289289,2026-02-16,15:40:00,ANTIOQUIA
19424,6289308,2026-02-16,13:00:00,ANTIOQUIA
19493,6289490,2026-02-17,8:30:00,ANTIOQUIA
19513,6289308,2026-02-16,2:00:00,ANTIOQUIA
19538,6289618,2026-01-22,1:00:00,CUNDINAMARCA
19561,6289685,2026-02-17,17:05:00,CUNDINAMARCA
19573,6289696,2026-02-16,21:30:00,CUNDINAMARCA
19623,6289848,2026-02-17,5:00:00,ANTIOQUIA
19644,6289907,2026-02-16,19:00:00,ANTIOQUIA
19659,6289933,2026-02-16,20:15:00,CUNDINAMARCA
19695,6290068,2026-02-22,0:30:00,CUNDINAMARCA
19709,6290117,2026-02-16,22:00:00,CUNDINAMARCA
19713,6290140,2026-02-16,21:20:00,ANTIOQUIA
19723,6290160,2026-02-16,22:00:00,CUNDINAMARCA
19787,6290265,2026-02-17,3:00:00,CUNDINAMARCA
19848,6290408,2026-02-17,19:30:00,ANTIOQUIA
19861,6290432,2026-02-21,9:30:00,CUNDINAMARCA
19881,6290476,2026-02-17,13:15:00,CUNDINAMARCA
19899,6290526,2026-02-17,21:30:00,CUNDINAMARCA
19920,6290602,2026-02-17,15:30:00,CUNDINAMARCA
19981,6290766,2026-02-22,1:00:00,CUNDINAMARCA
19995,6290855,2026-02-17,18:00:00,ANTIOQUIA
19999,6290873,2026-02-17,23:30:00,CUNDINAMARCA
20070,6291095,2026-02-17,20:30:00,CUNDINAMARCA
20076,6291114,2026-02-17,21:00:00,CUNDINAMARCA
20099,6291191,2026-02-17,21:15:00,CUNDINAMARCA
20118,6291237,2026-02-17,21:00:00,CUNDINAMARCA
20120,6291234,2026-02-17,22:45:00,CUNDINAMARCA
20130,6291275,2026-02-17,22:00:00,CUNDINAMARCA
20176,6291392,2026-02-18,0:30:00,CUNDINAMARCA
20214,6291479,2026-02-18,18:00:00,ANTIOQUIA
20323,6291756,2026-02-19,5:00:00,CUNDINAMARCA
20335,6291798,2026-02-18,16:00:00,CUNDINAMARCA
20378,6291935,2026-02-20,0:30:00,ANTIOQUIA
20380,6291924,2026-02-21,2:00:00,ANTIOQUIA
20397,6291988,2026-02-18,22:30:00,CUNDINAMARCA
20436,6292122,2026-02-22,0:30:00,ANTIOQUIA
20456,6292192,2026-02-18,22:00:00,CUNDINAMARCA
20459,6292192,2026-02-18,22:00:00,CUNDINAMARCA
20482,6292254,2026-02-18,22:45:00,CUNDINAMARCA
20484,6292258,2026-02-18,20:15:00,CUNDINAMARCA
20502,6292333,2026-02-19,4:30:00,CUNDINAMARCA
20506,6292349,2026-02-22,1:00:00,ANTIOQUIA
20508,6292354,2026-02-22,1:30:00,CUNDINAMARCA
20526,6292406,2026-02-18,22:30:00,ANTIOQUIA
20528,6292412,2026-02-18,23:00:00,ANTIOQUIA
20548,6292452,2026-02-18,23:30:00,ANTIOQUIA
20561,6292476,2026-02-19,3:00:00,ANTIOQUIA
20596,6292553,2026-02-19,8:30:00,CUNDINAMARCA
20631,6292623,2026-02-19,14:00:00,CUNDINAMARCA
20654,6292695,2026-02-20,0:15:00,CUNDINAMARCA
20670,6292727,2026-02-19,13:15:00,CUNDINAMARCA
20681,6292772,2026-02-19,23:00:00,ANTIOQUIA
20700,6292824,2026-02-26,6:45:00,ANTIOQUIA
20702,6292820,2026-02-19,19:45:00,CUNDINAMARCA
20715,6292863,2026-02-20,9:00:00,CUNDINAMARCA
20719,6292870,2026-02-19,23:30:00,CUNDINAMARCA
20733,6292927,2026-02-19,17:30:00,CUNDINAMARCA
20751,6293002,2026-02-21,2:00:00,ANTIOQUIA
20771,6293062,2026-02-19,16:30:00,ANTIOQUIA
20777,6293068,2026-02-19,23:15:00,ANTIOQUIA
20803,6293169,2026-02-19,20:45:00,CUNDINAMARCA
20809,6293190,2026-02-19,22:00:00,CUNDINAMARCA
20820,6293252,2026-02-21,2:15:00,ANTIOQUIA
20825,6293273,2026-02-19,21:00:00,CUNDINAMARCA
20844,6293343,2026-02-19,20:00:00,CUNDINAMARCA
20845,6293344,2026-02-19,20:30:00,CUNDINAMARCA
20856,6293382,2026-02-19,19:17:00,ANTIOQUIA
20863,6293405,2026-02-22,3:00:00,ANTIOQUIA
20865,6293388,2026-02-19,22:15:00,CUNDINAMARCA
20867,6293419,2026-02-20,11:00:00,ANTIOQUIA
20874,6293430,2026-02-19,21:30:00,CUNDINAMARCA
20885,6293476,2026-02-19,21:30:00,CUNDINAMARCA
20903,6293517,2026-02-19,23:00:00,CUNDINAMARCA
20907,6293532,2026-02-19,22:30:00,ANTIOQUIA
20917,6293558,2026-02-19,22:30:00,ANTIOQUIA
20922,6293575,2026-02-19,23:30:00,CUNDINAMARCA
20923,6293575,2026-02-19,23:05:00,CUNDINAMARCA
20926,6293586,2026-02-19,23:20:00,CUNDINAMARCA
20934,6293601,2026-02-20,1:00:00,CUNDINAMARCA
20935,6293605,2026-02-20,1:15:00,ANTIOQUIA
20936,6293609,2026-02-20,10:30:00,CUNDINAMARCA
20939,6293529,2026-02-21,2:00:00,ANTIOQUIA
20948,6293633,2026-02-20,0:45:00,ANTIOQUIA
20955,6293643,2026-02-20,17:40:00,CUNDINAMARCA
20975,6293684,2026-02-20,2:20:00,CUNDINAMARCA
20977,6293666,2026-02-20,23:30:00,CUNDINAMARCA
20978,6293669,2026-02-20,12:00:00,ANTIOQUIA
20979,6293691,2026-02-20,3:00:00,CUNDINAMARCA
20986,6293711,2026-02-22,3:20:00,CUNDINAMARCA
20990,6293718,2026-02-20,6:30:00,CUNDINAMARCA
21036,6293802,2026-02-21,0:00:00,CUNDINAMARCA
21062,6293865,2026-02-20,22:30:00,CUNDINAMARCA
21064,6293873,2026-02-20,23:40:00,CUNDINAMARCA
21093,6293974,2026-02-21,2:00:00,ANTIOQUIA
21129,6294080,2026-02-21,10:45:00,CUNDINAMARCA
21135,6294089,2026-02-22,2:00:00,CUNDINAMARCA
21139,6294066,2026-02-21,1:30:00,CUNDINAMARCA
21142,6294089,2026-02-22,2:00:00,CUNDINAMARCA
21144,6294123,2026-02-20,13:00:00,ANTIOQUIA
21146,6294115,2026-02-21,3:10:00,CUNDINAMARCA
21149,6294133,2026-02-22,2:00:00,CUNDINAMARCA
21151,6294137,2026-02-21,1:00:00,ANTIOQUIA
21157,6294158,2026-02-20,21:30:00,CUNDINAMARCA
21165,6294165,2026-02-22,2:45:00,CUNDINAMARCA
21170,6294148,2026-02-20,19:30:00,CUNDINAMARCA
21173,6294167,2026-02-20,17:00:00,CUNDINAMARCA
21180,6294216,2026-02-21,12:30:00,CUNDINAMARCA
21186,6294234,2026-02-22,1:30:00,CUNDINAMARCA
21194,6294229,2026-02-21,5:00:00,ANTIOQUIA
21205,6294277,2026-02-20,22:30:00,CUNDINAMARCA
21206,6294279,2026-02-21,23:05:00,CUNDINAMARCA
21215,6294303,2026-02-22,10:00:00,ANTIOQUIA
21223,6294314,2026-02-22,0:00:00,ANTIOQUIA
21225,6294315,2026-02-20,17:30:00,CUNDINAMARCA
21227,6294330,2026-02-20,17:10:00,CUNDINAMARCA
21236,6294357,2026-02-20,18:00:00,CUNDINAMARCA
21241,6294375,2026-02-22,1:00:00,ANTIOQUIA
21242,6294372,2026-02-20,21:00:00,CUNDINAMARCA
21244,6294366,2026-02-20,23:00:00,CUNDINAMARCA
21249,6294362,2026-02-21,0:00:00,ANTIOQUIA
21273,6294434,2026-02-21,2:00:00,ANTIOQUIA
21283,6294485|,2026-02-21,2:00:00,CUNDINAMARCA
21290,6294507,2026-02-21,1:30:00,ANTIOQUIA
21291,6294522,2026-02-20,20:30:00,ANTIOQUIA
21294,6294520,2026-02-22,4:30:00,CUNDINAMARCA
21299,6294538,2026-02-20,4:30:00,CUNDINAMARCA
21303,6294550,2026-02-26,23:30:00,CUNDINAMARCA
21311,6294571,2026-02-21,0:00:00,ANTIOQUIA
21321,6294603,2026-02-20,23:00:00,CUNDINAMARCA
21322,6294612,2026-02-20,20:30:00,ANTIOQUIA
21324,6294613,2026-02-22,1:15:00,CUNDINAMARCA
21339,6294637,2026-02-21,0:00:00,CUNDINAMARCA
21343,6294660,2026-02-20,20:00:00,CUNDINAMARCA
21347,6294668,2026-02-20,23:30:00,CUNDINAMARCA
21349,6294670,2026-02-20,21:10:00,ANTIOQUIA
21351,6294664,2026-02-20,21:45:00,CUNDINAMARCA
21353,6294679,2026-02-21,23:30:00,ANTIOQUIA
21356,6294678,2026-02-20,23:00:00,CUNDINAMARCA
21375,6294717,2026-02-20,23:00:00,ANTIOQUIA
21380,6294727,2026-02-20,22:30:00,ANTIOQUIA
21382,6294729,2026-02-20,22:05:00,CUNDINAMARCA
21384,6294731,2026-02-20,22:15:00,CUNDINAMARCA
21388,6294745,2026-02-21,0:30:00,CUNDINAMARCA
21389,6294741,2026-02-21,4:45:00,ANTIOQUIA
21393,6294751,2026-02-20,23:00:00,ANTIOQUIA
21395,6294753,2026-02-22,3:30:00,CUNDINAMARCA
21396,6294758,2026-02-21,0:15:00,ANTIOQUIA
21397,6294747,2026-02-20,22:30:00,ANTIOQUIA
21399,6294760,2026-02-21,1:00:00,ANTIOQUIA
21400,6294761,2026-02-21,0:30:00,CUNDINAMARCA
21401,6294764,2026-02-20,23:30:00,CUNDINAMARCA
21402,6294765,2026-02-21,1:15:00,ANTIOQUIA
21404,6294770,2026-02-20,22:50:00,CUNDINAMARCA
21409,6294767,2026-02-21,0:00:00,CUNDINAMARCA
21411,6294772,2026-02-21,1:30:00,ANTIOQUIA
21413,6294769,2026-02-21,1:00:00,ANTIOQUIA
21415,6294784,2026-02-20,23:30:00,CUNDINAMARCA
21417,6294787,2026-02-21,3:00:00,ANTIOQUIA
21418,6294786,2026-02-20,23:55:00,ANTIOQUIA
21420,6294791,2026-02-21,2:00:00,CUNDINAMARCA
21423,6294793,2026-02-20,23:05:00,CUNDINAMARCA
21424,6294794,2026-02-20,23:30:00,CUNDINAMARCA
21426,6294795,2026-02-21,2:30:00,CUNDINAMARCA
21427,6294796,2026-02-21,1:00:00,CUNDINAMARCA
21431,6294804,2026-02-21,1:15:00,CUNDINAMARCA
21435,6294810,2026-02-21,2:55:00,ANTIOQUIA
21438,6294814,2026-02-20,23:55:00,CUNDINAMARCA
21441,6294820,2026-02-20,23:30:00,ANTIOQUIA
21448,6294831,2026-02-21,20:30:00,CUNDINAMARCA
21449,6294836,2026-02-21,0:30:00,ANTIOQUIA
21451,6294840,2026-02-21,3:00:00,CUNDINAMARCA
21452,6294844,2026-02-21,2:05:00,CUNDINAMARCA
21453,6294845,2026-02-21,1:00:00,ANTIOQUIA
21454,6294848,2026-02-21,0:25:00,ANTIOQUIA
21457,6294849,2026-02-21,1:30:00,CUNDINAMARCA
21458,6294855,2026-02-21,1:00:00,ANTIOQUIA
21459,6294857,2026-02-21,3:00:00,ANTIOQUIA
21461,6294859,2026-02-21,0:45:00,CUNDINAMARCA
21462,6294858,2026-02-21,2:00:00,ANTIOQUIA
21465,6294874,2026-02-21,1:00:00,ANTIOQUIA
21467,6294875,2026-02-21,2:00:00,ANTIOQUIA
21468,6294880,2026-02-21,1:00:00,ANTIOQUIA
21471,6294883,2026-02-21,2:00:00,CUNDINAMARCA
21472,6294889,2026-02-21,1:30:00,CUNDINAMARCA
21473,6294896,2026-02-21,0:30:00,ANTIOQUIA
21477,6294903,2026-02-21,2:15:00,ANTIOQUIA
21478,6294915,2026-02-21,20:00:00,ANTIOQUIA
21479,6294914,2026-02-21,1:30:00,ANTIOQUIA
21480,6294911,2026-02-21,1:20:00,ANTIOQUIA
21482,6294905,2026-02-22,3:00:00,CUNDINAMARCA
21483,6294917,2026-02-21,2:15:00,CUNDINAMARCA
21485,6294923,2026-02-21,5:15:00,CUNDINAMARCA
21487,6294872,2026-02-21,9:00:00,CUNDINAMARCA
21488,6294930,2026-02-21,2:35:00,CUNDINAMARCA
21489,6294937,2026-02-21,2:05:00,ANTIOQUIA
21491,6294945,2026-02-21,2:00:00,ANTIOQUIA
21493,6294935,2026-02-21,2:00:00,ANTIOQUIA
21496,6294955,2026-02-21,3:00:00,ANTIOQUIA
21497,6294964,2026-02-21,3:30:00,CUNDINAMARCA
21499,6294974,2026-02-21,2:30:00,ANTIOQUIA
21500,6294972,2026-02-21,3:00:00,CUNDINAMARCA
21504,6294992,2026-02-21,2:50:00,CUNDINAMARCA
21505,6295004,2026-02-21,2:10:00,CUNDINAMARCA
21508,6295011,2026-02-21,10:30:00,CUNDINAMARCA
21509,6295015,2026-02-21,5:30:00,ANTIOQUIA
21513,6295014,2026-02-21,3:00:00,CUNDINAMARCA
21514,6295041,2026-02-21,3:30:00,ANTIOQUIA
21519,6295073,2026-02-22,1:30:00,ANTIOQUIA
21520,6295063,2026-02-22,2:00:00,CUNDINAMARCA
21521,6295077,2026-02-21,4:00:00,CUNDINAMARCA
21523,6295088,2026-02-21,4:20:00,CUNDINAMARCA
21527,6295096,2026-02-21,5:00:00,ANTIOQUIA
21530,6294974,2026-02-21,2:30:00,ANTIOQUIA
21535,6295115,2026-02-21,9:00:00,CUNDINAMARCA
21536,6295116,2026-02-21,11:35:00,CUNDINAMARCA
21537,6295118,2026-02-22,0:00:00,CUNDINAMARCA
21548,6295137,2026-02-21,13:00:00,CUNDINAMARCA
21550,6295142,2026-02-21,11:30:00,CUNDINAMARCA
21557,6295165,2026-02-21,21:30:00,ANTIOQUIA
21560,6295173,2026-02-21,14:00:00,CUNDINAMARCA
21563,6295178,2026-02-21,16:40:00,CUNDINAMARCA
21567,6295184,2026-02-22,0:00:00,CUNDINAMARCA
21581,6295214,2026-02-21,12:15:00,ANTIOQUIA
21598,6295275,2026-02-22,2:00:00,ANTIOQUIA
21599,6295277,2026-02-21,23:30:00,ANTIOQUIA
21602,6295267,2026-02-21,20:00:00,CUNDINAMARCA
21604,6295287,2026-02-21,12:30:00,ANTIOQUIA
21605,6295281,2026-02-21,16:30:00,CUNDINAMARCA
21623,6295336,2026-02-22,1:30:00,CUNDINAMARCA
21634,6295369,2026-02-21,16:30:00,CUNDINAMARCA
21644,6295398,2026-02-21,23:00:00,CUNDINAMARCA
21645,6295394,2026-02-21,22:30:00,ANTIOQUIA
21649,6295411,2026-02-22,3:00:00,CUNDINAMARCA
21655,6295423,2026-02-22,3:00:00,CUNDINAMARCA
21656,6295419,2026-02-22,2:00:00,CUNDINAMARCA
21666,6295457,2026-02-22,0:00:00,CUNDINAMARCA
21673,6295475,2026-02-22,2:30:00,ANTIOQUIA
21689,6295525,2026-02-21,13:30:00,CUNDINAMARCA
21696,6295535,2026-02-21,23:00:00,ANTIOQUIA
21700,6295540,2026-02-21,22:45:00,ANTIOQUIA
21703,629,2026-02-22,1:30:00,CUNDINAMARCA
21707,6295549,2026-02-21,17:30:00,ANTIOQUIA
21710,6295561,2026-02-21,23:00:00,ANTIOQUIA
21711,6295562,2026-02-22,0:00:00,CUNDINAMARCA
21713,6295569,2026-02-21,19:00:00,CUNDINAMARCA
21717,6295565,2026-02-22,1:30:00,CUNDINAMARCA
21718,6295583,2026-02-21,17:30:00,CUNDINAMARCA
21720,6295588,2026-02-22,1:00:00,ANTIOQUIA
21723,6295600,2026-02-21,23:00:00,CUNDINAMARCA
21724,6295582,2026-02-22,0:00:00,ANTIOQUIA
21726,6295610,2026-02-21,19:00:00,CUNDINAMARCA
21727,6295597,2026-02-21,21:00:00,CUNDINAMARCA
21728,6295605,2026-02-21,22:00:00,CUNDINAMARCA
21731,6295614,2026-02-22,1:00:00,ANTIOQUIA
21742,6295638,2026-02-21,18:00:00,CUNDINAMARCA
21745,6295644,2026-02-21,22:00:00,ANTIOQUIA
21749,6295649,2026-02-21,22:20:00,CUNDINAMARCA
21755,6295664,2026-02-21,21:00:00,CUNDINAMARCA
21758,6295638,2026-02-21,18:00:00,CUNDINAMARCA
21761,6295676,2026-02-21,22:30:00,CUNDINAMARCA
21763,6295683,2026-02-22,2:45:00,CUNDINAMARCA
21767,6295692,2026-02-21,21:30:00,CUNDINAMARCA
21768,6295694,2026-02-22,3:10:00,CUNDINAMARCA
21773,6295701,2026-02-21,22:00:00,ANTIOQUIA
21779,6295717,2026-02-21,19:20:00,ANTIOQUIA
21780,6295719,2026-02-22,0:00:00,ANTIOQUIA
21782,6295714,2026-02-22,3:30:00,ANTIOQUIA
21784,6295727,2026-02-22,0:00:00,CUNDINAMARCA
21786,6295723,2026-02-21,23:30:00,ANTIOQUIA
21792,6295739,2026-02-22,0:30:00,CUNDINAMARCA
21794,6295737,2026-02-21,21:00:00,ANTIOQUIA
21795,6295747,2026-02-22,0:00:00,ANTIOQUIA
21798,6295757,2026-02-22,3:20:00,CUNDINAMARCA
21801,6295759,2026-02-21,20:00:00,ANTIOQUIA
21802,62957654,2026-02-21,22:00:00,ANTIOQUIA
21803,6295767,2026-02-21,22:00:00,CUNDINAMARCA
21806,6295771,2026-02-22,6:00:00,ANTIOQUIA
21808,6295774,2026-02-21,22:00:00,CUNDINAMARCA
21809,6295777,2026-02-22,1:30:00,ANTIOQUIA
21811,6295782,2026-02-21,20:40:00,CUNDINAMARCA
21812,6295784,2026-02-22,2:00:00,ANTIOQUIA
21813,6295786,2026-02-21,21:00:00,CUNDINAMARCA
21817,6295790,2026-02-22,0:30:00,CUNDINAMARCA
21818,6295802,2026-02-21,20:50:00,CUNDINAMARCA
21820,6295793,2026-02-22,1:00:00,CUNDINAMARCA
21825,6295794,2026-02-21,23:00:00,CUNDINAMARCA
21828,6295817,2026-02-21,21:05:00,CUNDINAMARCA
21838,6295837,2026-02-22,3:00:00,CUNDINAMARCA
21840,6295842,2026-02-22,0:00:00,CUNDINAMARCA
21842,6295845,2026-02-21,23:55:00,CUNDINAMARCA
21843,6295843,2026-02-21,22:30:00,ANTIOQUIA
21844,6295850,2026-02-22,1:00:00,CUNDINAMARCA
21850,6295854,2026-02-22,2:00:00,ANTIOQUIA
21852,6295852,2026-02-22,1:30:00,CUNDINAMARCA
21854,6295859,2026-02-21,22:00:00,CUNDINAMARCA
21856,6295869,2026-02-22,0:30:00,CUNDINAMARCA
21857,6295868,2026-02-22,3:00:00,CUNDINAMARCA
21863,6295887,2026-02-21,22:00:00,CUNDINAMARCA
21864,6295883,2026-02-22,0:35:00,CUNDINAMARCA
21865,6295849,2026-02-21,20:30:00,ANTIOQUIA
21866,6295877,2026-02-22,0:30:00,CUNDINAMARCA
21867,6295881,2026-02-21,23:00:00,CUNDINAMARCA
21868,6295888,2026-02-21,21:30:00,ANTIOQUIA
21873,6295892,2026-02-21,22:05:00,CUNDINAMARCA
21876,6295875,2026-02-22,0:30:00,CUNDINAMARCA
21878,6295902,2026-02-22,1:30:00,CUNDINAMARCA
21879,6295905,2026-02-22,2:00:00,ANTIOQUIA
21881,6295880,2026-02-22,2:00:00,ANTIOQUIA
21885,6295893,2026-02-21,22:30:00,ANTIOQUIA
21887,6295898,2026-02-22,0:00:00,CUNDINAMARCA
21890,6295924,2026-02-22,1:00:00,CUNDINAMARCA
21891,6295922,2026-02-22,2:30:00,CUNDINAMARCA
21893,6295911,2026-02-22,1:00:00,CUNDINAMARCA
21894,6295929,2026-02-21,22:00:00,CUNDINAMARCA
21897,6295917,2026-02-22,1:00:00,CUNDINAMARCA
21898,6295927,2026-02-21,23:30:00,CUNDINAMARCA
21899,6295930,2026-02-22,3:00:00,CUNDINAMARCA
21901,6295943,2026-02-21,23:00:00,ANTIOQUIA
21902,6295935,2026-02-22,0:00:00,CUNDINAMARCA
21904,6295941,2026-02-21,22:10:00,CUNDINAMARCA
21905,6295944,2026-02-21,22:45:00,CUNDINAMARCA
21906,6295931,2026-02-22,2:30:00,ANTIOQUIA
21907,6295938,2026-02-21,23:00:00,ANTIOQUIA
21908,6294946,2026-02-22,2:00:00,CUNDINAMARCA
21912,6295948,2026-02-22,1:00:00,ANTIOQUIA
21914,6295956,2026-02-22,3:15:00,ANTIOQUIA
21915,6295950,2026-02-22,1:00:00,ANTIOQUIA
21917,6295963,2026-02-21,23:00:00,ANTIOQUIA
21918,6295961,2026-02-22,6:05:00,CUNDINAMARCA
21920,6295968,2026-02-22,1:30:00,ANTIOQUIA
21921,6295966,2026-02-22,3:00:00,CUNDINAMARCA
21925,6295975,2026-02-21,23:00:00,CUNDINAMARCA
21927,6295965,2026-02-22,1:30:00,ANTIOQUIA
21928,6295981,2026-02-22,2:00:00,CUNDINAMARCA
21930,6295971,2026-02-22,3:00:00,CUNDINAMARCA
21932,6295972,2026-02-22,0:00:00,CUNDINAMARCA
21933,6295979,2026-02-22,4:05:00,ANTIOQUIA
21935,6295976,2026-02-22,1:00:00,CUNDINAMARCA
21936,6295995,2026-02-22,3:05:00,CUNDINAMARCA
21937,6295982,2026-02-22,1:00:00,CUNDINAMARCA
21938,6294234,2026-02-22,1:30:00,CUNDINAMARCA
21939,6295999,2026-02-21,23:55:00,ANTIOQUIA
21941,6296004,2026-02-22,0:00:00,CUNDINAMARCA
21943,6296003,2026-02-23,0:30:00,ANTIOQUIA
21944,6295983,2026-02-22,1:00:00,CUNDINAMARCA
21945,6296006,2026-02-21,23:50:00,CUNDINAMARCA
21946,6295984,2026-02-22,1:00:00,CUNDINAMARCA
21948,6296011,2026-02-22,1:00:00,CUNDINAMARCA
21949,6295989,2026-02-22,4:00:00,CUNDINAMARCA
21951,6296015,2026-02-21,0:00:00,CUNDINAMARCA
21952,6296013,2026-02-27,23:30:00,CUNDINAMARCA
21954,6295991,2026-02-22,0:15:00,CUNDINAMARCA
21955,6296014,2026-02-22,2:30:00,CUNDINAMARCA
21956,6296017,2026-02-22,3:10:00,CUNDINAMARCA
21957,6296019,2026-02-22,3:35:00,CUNDINAMARCA
21958,6296005,2026-02-22,1:00:00,ANTIOQUIA
21959,6296020,2026-02-22,2:05:00,CUNDINAMARCA
21960,6296023,2026-02-22,0:15:00,CUNDINAMARCA
21961,6295993,2026-02-22,4:00:00,ANTIOQUIA
21962,6296012,2026-02-22,0:00:00,ANTIOQUIA
21964,6296028,2026-02-22,2:00:00,CUNDINAMARCA
21965,6296030,2026-02-21,23:55:00,CUNDINAMARCA
21970,6295398,2026-02-21,23:00:00,CUNDINAMARCA
21971,6296018,2026-02-22,3:00:00,ANTIOQUIA
21976,6296045,2026-02-22,1:00:00,ANTIOQUIA
21978,6296038,2026-02-22,2:35:00,ANTIOQUIA
21982,6296055,2026-02-22,3:10:00,CUNDINAMARCA
21984,6296060,2026-02-22,0:40:00,ANTIOQUIA
21985,6296041,2026-02-22,2:00:00,CUNDINAMARCA
21986,6296062,2026-02-22,3:00:00,CUNDINAMARCA
21987,6296043,2026-02-22,1:30:00,CUNDINAMARCA
21988,6296024,2026-02-22,2:15:00,CUNDINAMARCA
21989,6296061,2026-02-22,2:45:00,CUNDINAMARCA
21990,6296003,2026-02-22,0:30:00,ANTIOQUIA
21991,6296039,2026-02-22,1:30:00,CUNDINAMARCA
21992,6296063,2026-02-22,2:30:00,CUNDINAMARCA
21994,6296046,2026-02-22,2:00:00,CUNDINAMARCA
21996,6296054,2026-03-01,3:00:00,ANTIOQUIA
21998,6296066,2026-02-22,1:00:00,ANTIOQUIA
22000,6296073,2026-02-22,4:00:00,CUNDINAMARCA
22002,6296071,2026-02-22,0:30:00,ANTIOQUIA
22005,6296070,2026-02-22,1:00:00,ANTIOQUIA
22006,6296075,2026-02-22,2:00:00,ANTIOQUIA
22009,6296079,2026-02-22,3:00:00,ANTIOQUIA
22012,6296086,2026-02-22,2:00:00,CUNDINAMARCA
22014,6296085,2026-02-22,4:00:00,ANTIOQUIA
22016,6296084,2026-02-22,3:10:00,CUNDINAMARCA
22018,6296088,2026-02-22,1:20:00,CUNDINAMARCA
22019,6296093,2026-02-22,2:30:00,ANTIOQUIA
22020,6296091,2026-02-22,1:45:00,CUNDINAMARCA
22022,6296094,2026-02-22,4:00:00,CUNDINAMARCA
22023,6296096,2026-02-22,2:00:00,ANTIOQUIA
22026,6296097,2026-02-22,16:00:00,CUNDINAMARCA
22027,6296099,2026-02-22,3:30:00,CUNDINAMARCA
22028,6296101,2026-02-22,1:30:00,CUNDINAMARCA
22029,6296103,2026-02-22,2:00:00,CUNDINAMARCA
22030,6296106,2026-02-22,2:00:00,CUNDINAMARCA
22033,6296107,2026-02-22,0:30:00,CUNDINAMARCA
22035,6296113,2026-02-22,4:00:00,ANTIOQUIA
22036,6296108,2026-02-22,2:45:00,CUNDINAMARCA
22037,6296111,2026-02-22,3:30:00,CUNDINAMARCA
22038,6296117,2026-02-22,2:05:00,ANTIOQUIA
22040,6296122,2026-02-22,2:30:00,CUNDINAMARCA
22041,6296123,2026-02-22,2:30:00,ANTIOQUIA
22043,6296124,2026-02-22,2:30:00,CUNDINAMARCA
22046,6296132,2026-02-22,5:00:00,ANTIOQUIA
22047,6296133,2026-02-22,2:30:00,ANTIOQUIA
22048,6296134,2026-02-22,2:30:00,CUNDINAMARCA
22049,6296135,2026-02-22,4:00:00,CUNDINAMARCA
22051,6296144,2026-02-22,2:50:00,ANTIOQUIA
22054,6296143,2026-02-22,3:30:00,CUNDINAMARCA
22055,6296151,2026-02-22,2:50:00,ANTIOQUIA
22056,6296154,2026-02-22,4:30:00,CUNDINAMARCA
22059,6296153,2026-02-22,3:30:00,CUNDINAMARCA
22060,6296157,2026-02-22,4:00:00,CUNDINAMARCA
22061,6296159,2026-02-22,4:00:00,CUNDINAMARCA
22064,6296162,2026-02-22,5:00:00,CUNDINAMARCA
22066,6296163,2026-02-22,3:00:00,ANTIOQUIA
22069,6296168,2026-02-22,3:30:00,ANTIOQUIA
22071,6296166,2026-02-22,9:00:00,CUNDINAMARCA
22075,6296174,2026-02-22,10:00:00,CUNDINAMARCA
22081,6296157,2026-02-22,4:30:00,CUNDINAMARCA
22082,6296171,2026-02-22,4:00:00,ANTIOQUIA
22083,6296180,2026-02-22,5:00:00,ANTIOQUIA
22086,6296195,2026-02-22,4:50:00,CUNDINAMARCA
22094,6296211,2026-02-22,12:00:00,CUNDINAMARCA
22099,6296219,2026-02-22,11:30:00,ANTIOQUIA
22110,6296239,2026-02-23,4:30:00,CUNDINAMARCA
22129,6296272,2026-02-22,15:30:00,CUNDINAMARCA
22137,6296283,2026-02-22,14:45:00,ANTIOQUIA
22139,6296286,2026-02-23,0:00:00,ANTIOQUIA
22161,6296331,2026-02-22,23:30:00,ANTIOQUIA
22166,6296336,2026-02-22,18:30:00,ANTIOQUIA
22174,6296351,2026-02-22,18:30:00,CUNDINAMARCA
22200,6296397,2026-02-22,17:45:00,CUNDINAMARCA
22202,6296388,2026-02-23,11:00:00,ANTIOQUIA
22205,6296392,2026-02-22,18:00:00,ANTIOQUIA
22224,6296434,2026-02-22,17:45:00,CUNDINAMARCA
22240,6296469,2026-02-22,21:00:00,ANTIOQUIA
22253,6296495,2026-02-22,23:00:00,ANTIOQUIA
22269,6296536,2026-02-22,21:20:00,CUNDINAMARCA
22272,6296544,2026-02-23,0:00:00,ANTIOQUIA
22280,6296568,2026-02-22,19:00:00,CUNDINAMARCA
22289,6296587,2026-02-23,0:15:00,CUNDINAMARCA
22296,6296602,2026-02-23,17:00:00,CUNDINAMARCA
22302,6296607,2026-02-23,11:30:00,ANTIOQUIA
22311,6296628,2026-02-23,0:10:00,ANTIOQUIA
22322,6296646,2026-02-23,12:00:00,ANTIOQUIA
22330,6296670,2026-02-23,3:30:00,ANTIOQUIA
22335,6296683,2026-02-23,2:30:00,CUNDINAMARCA
22343,6296701,2026-02-23,3:00:00,CUNDINAMARCA
22450,6296914,2026-02-23,14:00:00,CUNDINAMARCA
22492,6297030,2026-02-25,13:00:00,ANTIOQUIA
22502,6297090,2026-02-25,18:00:00,ANTIOQUIA
22720,6297819,2026-02-24,0:00:00,ANTIOQUIA
22745,6297855,2026-02-24,16:00:00,CUNDINAMARCA
22750,6297873,2026-02-24,2:20:00,ANTIOQUIA
22921,6298372,2026-02-24,16:00:00,ANTIOQUIA
22923,6298384,2026-02-24,16:00:00,CUNDINAMARCA
22943,6298443,2026-02-24,17:05:00,CUNDINAMARCA
22957,6298474,2026-02-24,17:05:00,CUNDINAMARCA
22991,6298577,2026-02-24,20:45:00,CUNDINAMARCA
23020,6298647,2026-02-25,13:00:00,ANTIOQUIA
23080,6298842,2026-02-25,12:45:00,CUNDINAMARCA
23141,6298970,2026-02-26,9:00:00,CUNDINAMARCA
23145,6298977,2026-02-25,3:30:00,ANTIOQUIA
23166,6299024,2026-02-25,13:00:00,CUNDINAMARCA
23205,6299107,2026-02-25,13:50:00,CUNDINAMARCA
23255,6299217,2026-02-25,16:30:00,CUNDINAMARCA
23288,6299348,2026-02-26,20:30:00,ANTIOQUIA
23323,6299490,2026-02-26,16:30:00,CUNDINAMARCA
23347,6299576,2026-02-26,0:30:00,CUNDINAMARCA
23349,6299560,2026-02-26,5:00:00,CUNDINAMARCA
23387,6299704,2026-02-25,21:30:00,CUNDINAMARCA
23435,6299850,2026-02-25,21:30:00,CUNDINAMARCA
23441,6299864,2026-02-26,2:00:00,ANTIOQUIA
23456,6299903,2026-02-25,23:30:00,CUNDINAMARCA
23464,6299915,2026-02-25,22:30:00,CUNDINAMARCA
23474,6299942,2026-02-26,10:00:00,CUNDINAMARCA
23479,6299957,2026-02-25,23:15:00,CUNDINAMARCA
23487,6299972,2026-02-26,0:00:00,CUNDINAMARCA
23509,6300001,2026-02-26,3:30:00,CUNDINAMARCA
23518,6300012,2026-02-26,7:30:00,CUNDINAMARCA
23539,6300053,2026-02-26,5:15:00,CUNDINAMARCA
23541,6300056,2026-02-26,2:10:00,ANTIOQUIA
23542,6300057,2026-02-26,4:45:00,CUNDINAMARCA
23546,6300022,2026-02-26,5:00:00,CUNDINAMARCA
23548,6300063,2026-02-26,21:10:00,CUNDINAMARCA
23572,6300106,2026-02-26,21:30:00,ANTIOQUIA
23666,6300349,2026-02-26,15:00:00,CUNDINAMARCA
23687,6300439,2026-02-26,23:15:00,CUNDINAMARCA
23711,6300508,2026-02-26,19:30:00,CUNDINAMARCA
23716,6300528,2026-02-26,17:05:00,CUNDINAMARCA
23727,6300556,2026-02-26,21:30:00,ANTIOQUIA
23766,6300688,2026-02-28,1:30:00,ANTIOQUIA
23801,6300828,2026-02-26,19:30:00,ANTIOQUIA
23810,6300850,2026-02-26,19:35:00,CUNDINAMARCA
23811,6300852,2026-02-26,19:30:00,CUNDINAMARCA
23816,6300872,2026-02-27,15:00:00,ANTIOQUIA
23842,6300954,2026-02-26,23:00:00,CUNDINAMARCA
23845,6300960,2026-02-26,20:30:00,CUNDINAMARCA
23850,6300979,2026-02-26,22:30:00,CUNDINAMARCA
23856,6301002,2026-02-26,21:15:00,CUNDINAMARCA
23858,6301015,2026-02-26,23:30:00,ANTIOQUIA
23862,6301030,2026-02-26,21:30:00,ANTIOQUIA
23866,6301028,2026-02-26,21:45:00,ANTIOQUIA
23880,6301067,2026-02-27,23:30:00,CUNDINAMARCA
23886,6301083,2026-02-27,12:30:00,CUNDINAMARCA
23888,6301088,2026-02-26,22:30:00,CUNDINAMARCA
23889,6301087,2026-02-26,23:15:00,ANTIOQUIA
23891,6301092,2026-02-26,22:30:00,ANTIOQUIA
23893,6301098,2026-02-26,22:44:00,CUNDINAMARCA
23907,6301128,2026-02-27,1:00:00,CUNDINAMARCA
23909,6301130,2026-02-26,23:15:00,ANTIOQUIA
23912,6301139,2026-02-26,23:30:00,ANTIOQUIA
23921,6301165,2026-02-27,0:30:00,CUNDINAMARCA
23928,6301178,2026-02-27,0:30:00,CUNDINAMARCA
23940,6301202,2026-02-27,0:30:00,CUNDINAMARCA
23942,6301203,2026-02-28,1:00:00,CUNDINAMARCA
23947,6300556,2026-02-27,21:30:00,ANTIOQUIA
23951,6301209,2026-02-27,2:45:00,ANTIOQUIA
23957,6301209,2026-02-27,2:45:00,ANTIOQUIA
23964,6301244,2026-02-27,3:15:00,CUNDINAMARCA
23977,6301279,2026-02-27,10:00:00,ANTIOQUIA
23978,6301280,2026-02-27,11:30:00,CUNDINAMARCA
24017,6301346,2026-02-27,15:45:00,CUNDINAMARCA
24030,6301384,2026-02-28,2:30:00,ANTIOQUIA
24031,6301395,2026-02-28,1:00:00,ANTIOQUIA
24043,6301404,2026-02-27,16:00:00,ANTIOQUIA
24069,6301483,2026-02-27,21:00:00,CUNDINAMARCA
24070,6301505,2026-02-27,20:30:00,CUNDINAMARCA
24088,6301543,2026-02-27,23:30:00,CUNDINAMARCA
24093,6301546,2026-03-01,1:30:00,ANTIOQUIA
24102,6301576,2026-02-27,23:59:00,CUNDINAMARCA
24108,6301550,2026-02-27,14:30:00,CUNDINAMARCA
24109,6301577,2026-02-27,23:00:00,CUNDINAMARCA
24133,6301673,2026-02-28,1:00:00,CUNDINAMARCA
24151,6301743,2026-03-01,3:00:00,CUNDINAMARCA
24159,6301741,2026-02-28,1:00:00,ANTIOQUIA
24166,6301771,2026-02-28,1:00:00,ANTIOQUIA
24175,6301796,2026-02-28,2:00:00,ANTIOQUIA
24212,6301906,2026-02-28,1:00:00,ANTIOQUIA
24216,6301897,2026-02-27,21:00:00,CUNDINAMARCA
24222,6301929,2026-02-27,19:00:00,CUNDINAMARCA
24229,6301952,2026-02-27,21:30:00,CUNDINAMARCA
24235,6301961,2026-02-27,19:00:00,ANTIOQUIA
24259,6302026,2026-02-27,19:30:00,CUNDINAMARCA
24261,6302031,2026-02-27,23:30:00,ANTIOQUIA
24269,6302048,2026-02-27,23:55:00,ANTIOQUIA
24279,6302076,2026-02-27,19:45:00,CUNDINAMARCA
24284,6302083,2026-02-27,20:00:00,ANTIOQUIA
24286,6302087,2026-02-27,21:00:00,CUNDINAMARCA
24289,6302096,2026-02-27,23:30:00,CUNDINAMARCA
24292,6302121,2026-02-28,1:30:00,ANTIOQUIA
24311,6302130,2026-03-01,1:00:00,CUNDINAMARCA
24314,6302169,2026-02-27,22:00:00,CUNDINAMARCA
24317,6302191,2026-02-28,7:00:00,CUNDINAMARCA
24320,6302178,2026-02-27,22:00:00,CUNDINAMARCA
24322,6302200,2026-03-02,0:30:00,ANTIOQUIA
24325,6302211,2026-02-28,0:00:00,CUNDINAMARCA
24329,6302227,2026-02-28,1:00:00,ANTIOQUIA
24332,6302238,2026-02-27,22:30:00,ANTIOQUIA
24335,6302221,2026-02-27,23:00:00,CUNDINAMARCA
24336,6302230,2026-02-27,23:00:00,ANTIOQUIA
24340,6302249,2026-02-27,22:00:00,ANTIOQUIA
24343,6302261,2026-02-28,1:00:00,ANTIOQUIA
24344,6302260,2026-02-27,22:00:00,ANTIOQUIA
24350,6302252,2026-02-28,1:30:00,CUNDINAMARCA
24353,6302279,2026-02-28,2:15:00,ANTIOQUIA
24355,6302237,2026-02-28,10:00:00,CUNDINAMARCA
24358,6302288,2026-02-28,2:00:00,ANTIOQUIA
24359,6302278,2026-02-28,5:15:00,CUNDINAMARCA
24361,6302291,2026-02-28,2:15:00,ANTIOQUIA
24362,6302286,2026-02-27,22:30:00,CUNDINAMARCA
24366,6302303,2026-02-28,0:00:00,CUNDINAMARCA
24368,6302309,2026-03-01,3:00:00,CUNDINAMARCA
24377,6302321,2026-02-28,2:00:00,CUNDINAMARCA
24378,6302311,2026-02-27,23:30:00,ANTIOQUIA
24381,6302320,2026-02-27,23:00:00,ANTIOQUIA
24382,6302326,2026-02-27,23:55:00,ANTIOQUIA
24384,6302329,2026-02-28,0:00:00,CUNDINAMARCA
24385,6302333,2026-02-28,0:00:00,CUNDINAMARCA
24388,6302338,2026-02-28,0:00:00,CUNDINAMARCA
24393,6302345,2026-02-28,1:00:00,ANTIOQUIA
24398,6302351,2026-02-28,1:30:00,ANTIOQUIA
24401,6302362,2026-03-01,0:30:00,CUNDINAMARCA
24403,6302363,2026-02-28,18:20:00,ANTIOQUIA
24404,6302356,2026-02-28,0:00:00,CUNDINAMARCA
24406,6302367,2026-02-28,1:45:00,CUNDINAMARCA
24410,6302368,2026-02-27,23:55:00,CUNDINAMARCA
24411,6302369,2026-02-28,1:30:00,ANTIOQUIA
24419,6302384,2026-02-28,0:50:00,ANTIOQUIA
24420,6302386,2026-02-28,2:00:00,CUNDINAMARCA
24421,6302387,2026-02-28,0:00:00,ANTIOQUIA
24422,6302391,2026-02-28,0:00:00,ANTIOQUIA
24424,6302394,2026-02-28,1:30:00,CUNDINAMARCA
24429,6302397,2026-02-28,0:30:00,ANTIOQUIA
24432,6302390,2026-02-28,0:30:00,CUNDINAMARCA
24433,6302401,2026-02-28,2:00:00,CUNDINAMARCA
24434,6302402,2026-02-28,0:10:00,ANTIOQUIA
24441,6302412,2026-02-28,0:45:00,ANTIOQUIA
24444,6302415,2026-02-28,0:00:00,ANTIOQUIA
24445,6302420,2026-02-28,1:00:00,CUNDINAMARCA
24446,4737986,2026-02-28,2:30:00,CUNDINAMARCA
24447,6302426,2026-02-28,0:45:00,ANTIOQUIA
24448,4737991,2026-02-28,1:30:00,CUNDINAMARCA
24449,6302430,2026-02-28,1:30:00,ANTIOQUIA
24451,6302434,2026-02-28,1:00:00,CUNDINAMARCA
24452,6302431,2026-02-28,1:55:00,ANTIOQUIA
24453,6302442,2026-02-28,10:30:00,CUNDINAMARCA
24454,6302440,2026-02-28,0:10:00,CUNDINAMARCA
24456,6302439,2026-02-28,1:00:00,CUNDINAMARCA
24459,6302446,2026-02-28,16:30:00,CUNDINAMARCA
24460,6302447,2026-02-28,1:05:00,ANTIOQUIA
24464,6302450,2026-02-28,3:20:00,CUNDINAMARCA
24465,6302436,2026-02-28,1:30:00,ANTIOQUIA
24466,6302423,2026-01-03,1:00:00,CUNDINAMARCA
24467,6302452,2026-02-28,1:30:00,CUNDINAMARCA
24468,6302453,2026-02-28,8:00:00,CUNDINAMARCA
24471,6302455,2026-02-28,2:00:00,ANTIOQUIA
24472,6302456,2026-02-28,2:00:00,ANTIOQUIA
24473,6302425,2026-02-28,1:00:00,ANTIOQUIA
24474,6302429,2026-02-28,1:00:00,CUNDINAMARCA
24478,6302461,2026-02-28,2:00:00,ANTIOQUIA
24481,6302464,2026-02-28,2:00:00,CUNDINAMARCA
24482,6302469,2026-02-28,2:15:00,CUNDINAMARCA
24485,6302471,2026-02-28,1:30:00,CUNDINAMARCA
24486,6302477,2026-02-28,2:30:00,ANTIOQUIA
24487,6302472,2026-03-01,0:30:00,ANTIOQUIA
24489,6302473,2026-02-28,2:00:00,CUNDINAMARCA
24490,6302482,2026-02-28,11:00:00,CUNDINAMARCA
24491,6302479,2026-02-28,2:15:00,ANTIOQUIA
24493,6302483,2026-02-28,19:00:00,CUNDINAMARCA
24494,6302480,2026-02-28,2:00:00,CUNDINAMARCA
24495,6302486,2026-02-28,1:30:00,CUNDINAMARCA
24496,6302490,2026-02-28,3:00:00,ANTIOQUIA
24497,6302489,2026-03-01,1:00:00,ANTIOQUIA
24500,6302491,2026-02-28,4:00:00,CUNDINAMARCA
24502,6302495,2026-02-28,2:55:00,CUNDINAMARCA
24509,6302509,2026-02-28,15:00:00,CUNDINAMARCA
24510,6302493,2026-02-28,2:30:00,ANTIOQUIA
24511,6302516,2026-02-28,2:20:00,CUNDINAMARCA
24512,6302496,2026-02-28,3:00:00,ANTIOQUIA
24513,6302496,2026-02-28,3:00:00,ANTIOQUIA
24516,6302498,2026-02-28,2:30:00,CUNDINAMARCA
24517,6302503,2026-02-28,2:30:00,CUNDINAMARCA
24518,6302515,2026-02-28,2:30:00,CUNDINAMARCA
24522,6302525,2026-03-01,3:00:00,CUNDINAMARCA
24524,6302528,2026-03-01,1:35:00,ANTIOQUIA
24527,6302535,2026-03-01,3:00:00,CUNDINAMARCA
24530,6302541,2026-02-28,3:15:00,CUNDINAMARCA
24532,6302544,2026-02-28,4:00:00,ANTIOQUIA
24537,6302549,2026-02-28,8:30:00,CUNDINAMARCA
24540,6302554,2026-02-28,4:15:00,CUNDINAMARCA
24541,6302560,2026-02-28,4:30:00,CUNDINAMARCA
24542,6302558,2026-02-28,5:15:00,CUNDINAMARCA
24543,6302555,2026-02-28,4:30:00,ANTIOQUIA
24544,6302557,2026-02-28,4:30:00,CUNDINAMARCA
24545,6302561,2026-02-28,4:30:00,CUNDINAMARCA
24546,63202562,2026-02-28,4:45:00,CUNDINAMARCA
24548,6302563,2026-02-28,4:20:00,ANTIOQUIA
24551,6302568,2026-02-28,5:10:00,CUNDINAMARCA
24554,6302574,2026-02-28,9:00:00,CUNDINAMARCA
24592,6302639,2026-03-01,1:00:00,CUNDINAMARCA
24598,6302652,2026-03-01,2:30:00,ANTIOQUIA
24602,6302661,2026-03-01,1:00:00,ANTIOQUIA
24607,6302680,2026-03-01,2:05:00,CUNDINAMARCA
24612,6302666,2026-03-01,3:00:00,CUNDINAMARCA
24624,6302719,2026-03-01,1:00:00,ANTIOQUIA
24636,6302737,2026-03-01,1:00:00,ANTIOQUIA
24641,6302749,2026-02-28,18:30:00,CUNDINAMARCA
24643,6302759,2026-03-01,2:00:00,CUNDINAMARCA
24644,6302767,2026-03-01,1:00:00,CUNDINAMARCA
24651,6302788,2026-03-01,4:00:00,CUNDINAMARCA
24660,6302805,2026-02-28,15:00:00,CUNDINAMARCA
24674,6302737,2026-03-01,1:00:00,ANTIOQUIA
24686,6302850,2026-02-28,15:00:00,ANTIOQUIA
24687,6302856,2026-02-28,15:10:00,CUNDINAMARCA
24696,6302886,2026-02-28,17:30:00,CUNDINAMARCA
24699,6302900,2026-02-28,18:00:00,CUNDINAMARCA
24709,6302896,2026-02-28,23:30:00,CUNDINAMARCA
24719,6302944,2026-03-01,1:30:00,CUNDINAMARCA
24723,6302949,2026-02-28,22:00:00,ANTIOQUIA
24728,6302957,2026-02-28,18:30:00,CUNDINAMARCA
24731,6302961,2026-03-01,0:00:00,CUNDINAMARCA
24745,6302997,2026-02-28,23:30:00,ANTIOQUIA
24746,6302993,2026-03-01,1:30:00,ANTIOQUIA
24752,6303016,2026-03-01,3:00:00,CUNDINAMARCA
24759,6303025,2026-02-28,18:00:00,CUNDINAMARCA
24769,6303041,2026-03-01,1:00:00,CUNDINAMARCA
24772,6303049,2026-03-01,1:00:00,CUNDINAMARCA
24780,6303072,2026-02-28,19:00:00,ANTIOQUIA
24784,6303068,2026-03-01,1:00:00,ANTIOQUIA
24787,6303075,2026-02-28,19:00:00,CUNDINAMARCA
24792,6303081,2026-03-01,1:00:00,ANTIOQUIA
24797,6303088,2026-02-28,23:00:00,ANTIOQUIA
24799,6303090,2026-03-01,1:00:00,CUNDINAMARCA
24802,6303099,2026-02-28,22:15:00,CUNDINAMARCA
24803,6303106,2026-02-28,19:00:00,CUNDINAMARCA
24804,6303105,2026-02-28,19:00:00,CUNDINAMARCA
24811,6303117,2026-02-28,19:00:00,ANTIOQUIA
24814,6303120,2026-02-28,18:30:00,ANTIOQUIA
24817,6303121,2026-02-28,22:00:00,ANTIOQUIA
24819,6303130,2026-02-28,20:30:00,CUNDINAMARCA
24823,6303125,2026-03-01,2:00:00,ANTIOQUIA
24825,6303132,2026-02-28,23:30:00,ANTIOQUIA
24828,6303142,2026-02-28,23:00:00,ANTIOQUIA
24829,6303141,2026-02-28,22:35:00,CUNDINAMARCA
24830,6303138,2026-03-01,3:30:00,ANTIOQUIA
24833,6303137,2026-03-01,2:00:00,ANTIOQUIA
24834,6303148,2026-02-28,20:30:00,CUNDINAMARCA
24835,6303143,2026-02-28,20:00:00,CUNDINAMARCA
24839,6303153,2026-03-01,1:30:00,CUNDINAMARCA
24841,6303157,2026-02-28,22:00:00,ANTIOQUIA
24844,6303161,2026-02-28,22:00:00,CUNDINAMARCA
24845,6303164,2026-02-28,19:35:00,ANTIOQUIA
24846,6303166,2026-02-28,21:00:00,CUNDINAMARCA
24847,6303169,2026-03-01,1:00:00,CUNDINAMARCA
24848,6303167,2026-02-28,19:45:00,ANTIOQUIA
24849,6303170,2026-02-28,22:00:00,CUNDINAMARCA
24852,6303171,2026-02-28,19:40:00,CUNDINAMARCA
24854,6303173,2026-02-28,19:45:00,CUNDINAMARCA
24855,6303175,2026-02-28,20:00:00,ANTIOQUIA
24861,6303190,2026-02-28,22:35:00,CUNDINAMARCA
24862,6303191,2026-02-28,20:30:00,CUNDINAMARCA
24865,6303184,2026-02-28,20:00:00,CUNDINAMARCA
24869,6303177,2026-03-01,3:00:00,CUNDINAMARCA
24870,6303193,2026-03-01,1:00:00,ANTIOQUIA
24871,6303189,2026-03-01,1:00:00,ANTIOQUIA
24874,6303201,2026-02-28,21:30:00,CUNDINAMARCA
24876,6303210,2026-02-28,20:30:00,CUNDINAMARCA
24880,6303220,2026-02-28,21:00:00,CUNDINAMARCA
24884,6303224,2026-02-28,23:30:00,CUNDINAMARCA
24887,6303235,2026-02-28,20:00:00,CUNDINAMARCA
24889,6303231,2026-03-01,1:00:00,CUNDINAMARCA
24890,6303238,2026-02-28,23:00:00,CUNDINAMARCA
24891,6303240,2026-03-01,3:00:00,ANTIOQUIA
24892,6303242,2026-03-01,2:35:00,ANTIOQUIA
24894,6303241,2026-02-28,20:45:00,CUNDINAMARCA
24899,6303245,2026-02-28,21:00:00,ANTIOQUIA
24910,6303262,2026-03-01,2:00:00,ANTIOQUIA
24911,6303266,2026-03-01,1:15:00,CUNDINAMARCA
24912,6303267,2026-02-28,22:30:00,CUNDINAMARCA
24915,6303278,2026-03-01,2:00:00,ANTIOQUIA
24916,6303269,2026-02-28,23:00:00,CUNDINAMARCA
24918,6303277,2026-03-01,1:00:00,CUNDINAMARCA
24924,6303283,2026-02-28,21:30:00,CUNDINAMARCA
24925,6303287,2026-03-01,1:00:00,CUNDINAMARCA
24926,6303298,2026-02-28,21:30:00,ANTIOQUIA
24927,6303297,2026-02-28,21:40:00,ANTIOQUIA
24929,6303299,2026-02-28,23:00:00,CUNDINAMARCA
24931,6303304,2026-02-28,23:00:00,CUNDINAMARCA
24932,6303307,2026-02-28,21:30:00,CUNDINAMARCA
24933,6303300,2026-02-28,21:45:00,CUNDINAMARCA
24937,6303313,2026-02-28,23:00:00,CUNDINAMARCA
24940,6303315,2026-02-28,22:00:00,CUNDINAMARCA
24941,6303316,2026-02-28,23:00:00,CUNDINAMARCA
24942,6303309,2026-02-28,21:45:00,CUNDINAMARCA
24943,6303310,2026-02-28,23:30:00,ANTIOQUIA
24944,6303318,2026-03-01,3:00:00,CUNDINAMARCA
24945,6303319,2026-02-28,23:00:00,CUNDINAMARCA
24946,6303321,2026-02-28,23:00:00,CUNDINAMARCA
24947,6303320,2026-02-28,22:00:00,CUNDINAMARCA
24948,6303322,2026-03-01,1:10:00,CUNDINAMARCA
24949,6303323,2026-03-01,0:00:00,CUNDINAMARCA
24951,6303329,2026-02-28,22:00:00,CUNDINAMARCA
24953,6303325,2026-03-01,3:15:00,CUNDINAMARCA
24955,6303334,2026-02-28,22:00:00,ANTIOQUIA
24957,6303330,2026-03-01,0:30:00,ANTIOQUIA
24958,6303333,2026-02-28,22:30:00,CUNDINAMARCA
24962,6303345,2026-02-28,22:15:00,CUNDINAMARCA
24965,6303342,2026-03-01,2:00:00,CUNDINAMARCA
24966,6303347,2026-03-01,1:00:00,CUNDINAMARCA
24969,6303349,2026-03-01,2:20:00,CUNDINAMARCA
24970,6303351,2026-03-01,1:00:00,ANTIOQUIA
24971,6303348,2026-02-28,23:00:00,ANTIOQUIA
24974,6303352,2026-02-28,23:00:00,CUNDINAMARCA
24975,6303354,2026-02-28,23:55:00,ANTIOQUIA
24976,6303355,2026-03-01,2:00:00,CUNDINAMARCA
24977,6303356,2026-02-28,23:00:00,CUNDINAMARCA
24978,6303358,2026-02-28,23:00:00,CUNDINAMARCA
24981,6303364,2026-03-01,1:00:00,CUNDINAMARCA
24982,6303359,2026-03-01,1:45:00,CUNDINAMARCA
24984,6303368,2026-03-01,0:30:00,ANTIOQUIA
24985,6303361,2026-03-01,2:00:00,ANTIOQUIA
24987,6303372,2026-02-28,22:55:00,CUNDINAMARCA
24990,6303375,2026-03-01,3:00:00,CUNDINAMARCA
24991,6303373,2026-03-01,1:30:00,CUNDINAMARCA
24992,6303379,2026-03-01,1:00:00,ANTIOQUIA
24994,6303377,2026-02-28,22:40:00,CUNDINAMARCA
24995,6303378,2026-03-01,2:30:00,CUNDINAMARCA
24996,6303382,2026-02-28,23:55:00,CUNDINAMARCA
24998,6303380,2026-03-01,0:15:00,ANTIOQUIA
24999,6303381,2026-03-01,1:30:00,ANTIOQUIA
25002,6303386,2026-02-28,23:00:00,CUNDINAMARCA
25004,6303391,2026-03-01,1:00:00,CUNDINAMARCA
25005,6303393,2026-03-01,1:00:00,CUNDINAMARCA
25007,6303399,2026-02-28,23:00:00,CUNDINAMARCA
25010,6303409,2026-02-28,22:30:00,ANTIOQUIA
25011,6303405,2026-02-28,23:30:00,ANTIOQUIA
25012,6303410,2026-02-28,23:10:00,CUNDINAMARCA
25013,6303407,2026-03-01,1:00:00,CUNDINAMARCA
25014,6303408,2026-03-01,2:00:00,CUNDINAMARCA
25015,6303414,2026-02-28,22:00:00,CUNDINAMARCA
25017,6303412,2026-02-28,23:00:00,ANTIOQUIA
25018,4738764,2026-03-01,7:30:00,CUNDINAMARCA
25019,6303416,2026-03-01,2:00:00,CUNDINAMARCA
25021,6303421,2026-02-28,23:30:00,CUNDINAMARCA
25025,6303420,2026-03-01,0:30:00,CUNDINAMARCA
25026,6303428,2026-03-01,4:00:00,ANTIOQUIA
25027,6303419,2026-03-01,2:30:00,CUNDINAMARCA
25031,6303436,2026-03-01,0:00:00,CUNDINAMARCA
25033,6303424,2026-03-01,3:30:00,CUNDINAMARCA
25034,6303422,2026-03-01,0:30:00,CUNDINAMARCA
25036,6303441,2026-03-01,0:00:00,ANTIOQUIA
25037,6303427,2026-03-01,1:00:00,CUNDINAMARCA
25041,6303444,2026-03-01,3:00:00,ANTIOQUIA
25042,6303429,2026-03-01,3:00:00,CUNDINAMARCA
25043,6303433,2026-03-01,3:30:00,CUNDINAMARCA
25048,6303453,2026-03-10,6:10:00,ANTIOQUIA
25053,6303448,2026-03-01,3:00:00,ANTIOQUIA
25054,6303458,2026-03-01,1:00:00,CUNDINAMARCA
25055,6303460,2026-03-01,3:00:00,ANTIOQUIA
25057,6303465,2026-03-01,1:30:00,ANTIOQUIA
25058,6303462,2026-02-28,23:45:00,CUNDINAMARCA
25059,6303461,2026-03-01,1:00:00,CUNDINAMARCA
25060,6303466,2026-03-01,0:30:00,ANTIOQUIA
25061,6303468,2026-03-01,3:00:00,CUNDINAMARCA
25062,6303451,2026-03-01,0:30:00,CUNDINAMARCA
25064,6303467,2026-03-01,0:30:00,ANTIOQUIA
25068,6303470,2026-03-01,2:30:00,ANTIOQUIA
25070,6303455,2026-03-01,3:00:00,CUNDINAMARCA
25071,6303481,2026-03-01,0:10:00,ANTIOQUIA
25072,6303480,2026-03-01,0:05:00,CUNDINAMARCA
25073,6303473,2026-03-01,1:30:00,CUNDINAMARCA
25075,6303483,2026-03-01,2:00:00,CUNDINAMARCA
25076,6303488,2026-03-01,1:30:00,ANTIOQUIA
25078,6303484,2026-03-01,3:00:00,ANTIOQUIA
25079,6303485,2026-03-01,1:00:00,CUNDINAMARCA
25080,6303490,2026-03-01,1:30:00,ANTIOQUIA
25081,6303494,2026-02-01,2:00:00,ANTIOQUIA
25082,6303495,2026-03-01,0:00:00,ANTIOQUIA
25083,6303492,2026-03-01,2:00:00,ANTIOQUIA
25085,6303502,2026-03-01,0:30:00,CUNDINAMARCA
25090,6303500,2026-03-01,5:00:00,CUNDINAMARCA
25091,6303507,2026-03-01,1:00:00,CUNDINAMARCA
25092,6303509,2026-03-01,0:30:00,ANTIOQUIA
25093,6303508,2026-03-01,1:30:00,ANTIOQUIA
25097,6303514,2026-03-01,2:00:00,ANTIOQUIA
25098,6303517,2026-03-01,3:00:00,ANTIOQUIA
25105,6303537,2026-03-01,1:15:00,CUNDINAMARCA
25107,6303533,2026-03-01,1:00:00,CUNDINAMARCA
25108,6303538,2026-03-01,2:00:00,ANTIOQUIA
25110,6303515,2026-03-01,2:15:00,CUNDINAMARCA
25111,HGT773,2026-03-01,1:30:00,ANTIOQUIA
25112,6303519,2026-03-01,1:00:00,CUNDINAMARCA
25113,6303530,2026-03-01,2:00:00,ANTIOQUIA
25115,6303536,2026-03-01,2:00:00,ANTIOQUIA
25117,6303543,2026-03-01,2:00:00,ANTIOQUIA
25118,6303540,2026-03-01,3:00:00,ANTIOQUIA
25121,6305553,2026-03-01,4:00:00,CUNDINAMARCA
25122,6303558,2026-03-01,3:00:00,CUNDINAMARCA
25124,"AUTORI: 6303539
",2026-03-01,2:00:00,CUNDINAMARCA
25125,6303555,2026-03-01,2:00:00,ANTIOQUIA
25126,6303554,2026-03-01,3:30:00,ANTIOQUIA
25129,6303561,2026-03-01,1:30:00,ANTIOQUIA
25131,6303567,2026-03-01,2:00:00,CUNDINAMARCA
25132,6303565,2026-03-01,2:30:00,CUNDINAMARCA
25133,6303563,2026-03-01,2:00:00,CUNDINAMARCA
25134,6303564,2026-03-01,3:30:00,CUNDINAMARCA
25135,6303571,2026-03-01,4:30:00,ANTIOQUIA
25136,6303562,2026-03-01,3:00:00,CUNDINAMARCA
25137,6303566,2026-03-01,2:00:00,ANTIOQUIA
25138,6303575,2026-03-01,3:00:00,CUNDINAMARCA
25139,6303576,2026-03-01,2:00:00,CUNDINAMARCA
25140,6303568,2026-03-01,2:00:00,ANTIOQUIA
25143,6303573,2026-03-01,3:00:00,CUNDINAMARCA
25146,6303582,2026-03-01,2:00:00,ANTIOQUIA
25147,6303578,2026-03-01,2:00:00,CUNDINAMARCA
25149,6303585,2026-03-01,1:30:00,ANTIOQUIA
25150,6303580,2026-03-01,3:30:00,ANTIOQUIA
25151,6303587,2026-03-02,4:45:00,CUNDINAMARCA
25153,6303590,2026-03-01,3:00:00,CUNDINAMARCA
25154,6303598,2026-03-01,3:10:00,ANTIOQUIA
25155,6303577,2026-03-01,2:55:00,ANTIOQUIA
25156,6303591,2026-03-01,3:30:00,CUNDINAMARCA
25157,6303602,2026-03-01,3:00:00,CUNDINAMARCA
25158,6303604,2026-03-01,1:05:00,CUNDINAMARCA
25159,6303593,2026-03-01,3:30:00,CUNDINAMARCA
25160,6303608,2026-03-01,2:15:00,CUNDINAMARCA
25163,6303607,2026-03-01,3:00:00,CUNDINAMARCA
25164,6303611,2026-03-01,3:00:00,CUNDINAMARCA
25166,6303599,2026-03-01,3:00:00,CUNDINAMARCA
25167,6303600,2026-03-01,2:30:00,ANTIOQUIA
25170,6303617,2026-03-01,3:00:00,CUNDINAMARCA
25171,6303601,2026-03-01,3:00:00,CUNDINAMARCA
25172,6303620,2026-03-01,3:10:00,CUNDINAMARCA
25173,6303621,2026-03-01,4:00:00,ANTIOQUIA
25174,6303622,2026-03-01,1:30:00,CUNDINAMARCA
25175,6303630,2026-03-01,4:30:00,ANTIOQUIA
25177,6303629,2026-03-01,4:00:00,ANTIOQUIA
25179,6303638 BONO CABIFY,2026-03-01,3:00:00,CUNDINAMARCA
25180,6303640,2026-03-01,4:00:00,CUNDINAMARCA
25181,6303643,2026-03-01,4:00:00,CUNDINAMARCA
25185,6303648,2026-03-01,11:30:00,CUNDINAMARCA
25186,6303658,2026-03-01,5:00:00,CUNDINAMARCA
25189,6303661,2026-03-01,5:00:00,ANTIOQUIA
25190,6303662,2026-03-01,5:00:00,CUNDINAMARCA
25191,6303660,2026-03-01,4:30:00,ANTIOQUIA
25193,6303644,2026-03-01,4:00:00,ANTIOQUIA
25194,6303591,2026-03-01,3:30:00,CUNDINAMARCA
25195,6303667,2026-03-01,5:00:00,CUNDINAMARCA
25198,6303675,2026-03-01,3:00:00,ANTIOQUIA
25226,6303735,2026-03-01,13:00:00,ANTIOQUIA
25252,6303785,2026-03-01,17:00:00,CUNDINAMARCA
25253,6303789,2026-03-02,5:00:00,CUNDINAMARCA
25255,6303788,2026-03-02,5:00:00,CUNDINAMARCA
25278,6303839,2026-03-01,18:00:00,CUNDINAMARCA
25283,6303851,2026-03-02,2:40:00,ANTIOQUIA
25295,6303881,2026-03-01,17:45:00,ANTIOQUIA
25306,6303907,2026-03-01,22:30:00,ANTIOQUIA
25317,6303931,2026-03-01,19:00:00,CUNDINAMARCA
25329,6303951,2026-03-01,20:00:00,ANTIOQUIA
25333,6303970,2026-03-01,20:25:00,ANTIOQUIA
25338,6303980,2026-03-01,19:25:00,CUNDINAMARCA
25340,6303988,2026-03-01,20:20:00,ANTIOQUIA
25342,6303984,2026-03-01,20:00:00,CUNDINAMARCA
25355,6304016,2026-03-01,21:35:00,ANTIOQUIA
25365,6304039,2026-03-01,21:30:00,CUNDINAMARCA
25385,6304073,2026-03-02,1:00:00,ANTIOQUIA
25390,6304083,2026-03-01,22:10:00,ANTIOQUIA
25399,6304103,2026-03-01,23:00:00,CUNDINAMARCA
25437,6304164,2026-03-02,1:00:00,CUNDINAMARCA
25439,6304182,2026-03-02,0:00:00,ANTIOQUIA
25452,6304207,2026-03-02,1:30:00,CUNDINAMARCA
25454,6304225,2026-03-02,7:30:00,ANTIOQUIA
25486,6304293,2026-03-02,10:35:00,CUNDINAMARCA
25511,6304330,2026-03-02,13:00:00,CUNDINAMARCA
25524,6304386,2026-03-03,10:00:00,CUNDINAMARCA
25587,6304579,2026-03-02,20:00:00,CUNDINAMARCA
25727,6304998,2026-03-02,19:15:00,CUNDINAMARCA
25804,6305290,2026-03-03,5:30:00,CUNDINAMARCA
25821,6305344,2026-03-03,0:00:00,CUNDINAMARCA
25823,6305348,2026-03-03,5:30:00,CUNDINAMARCA
25836,6305348,2026-03-03,5:30:00,CUNDINAMARCA
25845,6305392,2026-03-08,1:45:00,CUNDINAMARCA
25858,6305433,2026-03-03,0:30:00,CUNDINAMARCA
25906,6305547,2026-03-06,23:55:00,ANTIOQUIA
25954,6305661,2026-03-03,15:30:00,ANTIOQUIA
26019,6305835,2026-03-03,16:30:00,CUNDINAMARCA
26038,6305936,2026-03-03,19:15:00,ANTIOQUIA
26095,6306213 / 6306215,2026-03-05,11:30:00,CUNDINAMARCA
26102,6306192,2026-03-03,19:00:00,ANTIOQUIA
26109,6306252,2026-03-04,19:00:00,ANTIOQUIA
26125,6306318,2026-03-03,19:30:00,CUNDINAMARCA
26135,6306358,2026-03-08,5:00:00,CUNDINAMARCA
26181,6306468,2026-03-04,6:00:00,CUNDINAMARCA
26184,6306502,2026-03-04,14:00:00,CUNDINAMARCA
26193,6306520,2026-03-04,11:00:00,CUNDINAMARCA
26205,6306548,2026-03-03,23:00:00,CUNDINAMARCA
26215,6306577,2026-03-03,22:15:00,CUNDINAMARCA
26242,6306630,2026-03-03,23:15:00,CUNDINAMARCA
26261,6306683,2026-03-04,11:15:00,ANTIOQUIA
26263,6306684,2026-03-04,5:00:00,CUNDINAMARCA
26373,6306933,2026-03-04,13:20:00,ANTIOQUIA
26460,6307222,2026-03-04,20:45:00,ANTIOQUIA
26466,6307236,2026-03-05,5:00:00,CUNDINAMARCA
26473,6307246,2026-03-04,16:00:00,ANTIOQUIA
26474,6307256,2026-03-04,17:00:00,ANTIOQUIA
26495,6307341,2026-03-05,3:00:00,ANTIOQUIA
26500,6307362,2026-03-04,20:40:00,CUNDINAMARCA
26512,6307401,2026-03-04,18:30:00,CUNDINAMARCA
26533,6307447,2026-03-04,20:30:00,ANTIOQUIA
26547,6307501,2026-03-04,20:00:00,ANTIOQUIA
26558,6307544,2026-03-04,19:45:00,CUNDINAMARCA
26565,6307585,2026-03-04,20:00:00,ANTIOQUIA
26593,6307711,2026-03-05,8:00:00,ANTIOQUIA
26607,6307754,2026-03-05,10:00:00,CUNDINAMARCA
26614,6307776,2026-03-08,9:00:00,CUNDINAMARCA
26638,6307836,2026-03-05,0:15:00,ANTIOQUIA
26640,6307843,2026-03-04,21:00:00,CUNDINAMARCA
26642,6307844,2026-03-04,23:05:00,CUNDINAMARCA
26644,6307845,2026-03-04,22:30:00,CUNDINAMARCA
26645,6307853,2026-03-05,1:00:00,ANTIOQUIA
26648,6307849,2026-03-04,23:00:00,CUNDINAMARCA
26650,6307866,2026-03-04,6:44:00,CUNDINAMARCA
26654,6307871,2026-03-04,23:10:00,ANTIOQUIA
26659,6307885,2026-03-05,0:30:00,ANTIOQUIA
26666,6307897,2026-03-04,23:30:00,CUNDINAMARCA
26668,6307905,2026-03-08,14:00:00,CUNDINAMARCA
26675,6307916,2026-03-04,23:55:00,ANTIOQUIA
26676,6307918,2026-03-05,0:30:00,ANTIOQUIA
26681,6307923,2026-03-05,0:30:00,ANTIOQUIA
26692,6307946,2026-03-07,2:00:00,CUNDINAMARCA
26693,6307944,2026-03-05,0:30:00,CUNDINAMARCA
26696,6307953,2026-03-05,1:35:00,ANTIOQUIA
26704,6307973,2026-03-05,2:15:00,CUNDINAMARCA
26722,6307992,2026-03-05,2:30:00,CUNDINAMARCA
26729,6308027,2026-03-05,5:00:00,CUNDINAMARCA
26742,6308114,2026-03-05,11:30:00,CUNDINAMARCA
26833,6308310,2026-03-05,15:30:00,ANTIOQUIA
26948,6308672,2026-03-06,22:00:00,ANTIOQUIA
26968,6308727,2026-03-05,23:00:00,ANTIOQUIA
26975,6308767,2026-03-05,22:00:00,CUNDINAMARCA
26981,6308782,2026-03-05,19:00:00,CUNDINAMARCA
27014,6308894,2026-03-05,21:00:00,CUNDINAMARCA
27015,6308905,2026-03-05,21:00:00,CUNDINAMARCA
27025,6308937,2026-03-07,23:30:00,ANTIOQUIA
27032,6308973,2026-03-05,23:00:00,ANTIOQUIA
27035,6308981,2026-03-05,21:00:00,CUNDINAMARCA
27036,6308986,2026-03-05,20:30:00,CUNDINAMARCA
27041,6308998,2026-03-06,1:00:00,CUNDINAMARCA
27059,6309054,2026-03-05,21:30:00,ANTIOQUIA
27067,6309077,2026-03-05,21:30:00,CUNDINAMARCA
27077,6309093,2026-03-06,22:00:00,CUNDINAMARCA
27081,6309103,2026-03-05,22:30:00,CUNDINAMARCA
27086,6309115,2026-03-05,22:20:00,CUNDINAMARCA
27091,6309130,2026-03-06,19:00:00,CUNDINAMARCA
27092,6309114,2026-03-05,23:00:00,CUNDINAMARCA
27096,6309136,2026-03-07,3:30:00,CUNDINAMARCA
27098,6309135,2026-03-05,20:30:00,CUNDINAMARCA
27102,6309138,2026-03-05,23:00:00,CUNDINAMARCA
27104,6309135,2026-03-05,20:50:00,CUNDINAMARCA
27109,6309151,2026-03-05,23:45:00,CUNDINAMARCA
27112,6309161,2026-03-07,1:30:00,ANTIOQUIA
27127,6309192,2026-03-06,0:30:00,CUNDINAMARCA
27134,6309208,2026-03-06,3:50:00,ANTIOQUIA
27137,6309211,2026-03-06,1:00:00,ANTIOQUIA
27140,6309218,2026-03-06,1:00:00,CUNDINAMARCA
27147,6309231,2026-03-07,1:00:00,CUNDINAMARCA
27151,6309208,2026-03-06,3:50:00,ANTIOQUIA
27155,6309240,2026-03-06,5:00:00,CUNDINAMARCA
27165,6309259,2026-03-06,3:30:00,ANTIOQUIA
27166,6309262,2026-03-08,0:45:00,CUNDINAMARCA
27189,6309307,2026-03-06,10:45:00,CUNDINAMARCA
27199,6309322,2026-03-07,2:45:00,CUNDINAMARCA
27201,6309325,2026-03-06,23:15:00,CUNDINAMARCA
27214,4743372,2026-03-07,0:30:00,CUNDINAMARCA
27222,6309383,2026-03-07,0:30:00,CUNDINAMARCA
27273,6309508,2026-03-08,1:00:00,ANTIOQUIA
27303,6309623,2026-03-06,15:00:00,ANTIOQUIA
27311,6309665,2026-03-06,21:30:00,CUNDINAMARCA
27319,6309685,2026-03-06,19:00:00,CUNDINAMARCA
27335,6309767,2026-03-06,23:30:00,CUNDINAMARCA
27342,6309781,2026-03-06,23:00:00,ANTIOQUIA
27348,6309794,2026-03-06,23:15:00,CUNDINAMARCA
27353,6309809,2026-03-07,0:01:00,CUNDINAMARCA
27365,6309840,2026-03-07,2:00:00,CUNDINAMARCA
27369,6309849,2026-03-06,23:30:00,CUNDINAMARCA
27371,6309861,2026-03-06,17:15:00,CUNDINAMARCA
27377,6309864,2026-03-22,1:00:00,CUNDINAMARCA
27393,6309913,2026-03-06,22:30:00,CUNDINAMARCA
27396,6309923,2026-03-06,17:55:00,CUNDINAMARCA
27402,6309928,2026-03-07,0:30:00,ANTIOQUIA
27410,6309968,2026-03-06,18:45:00,CUNDINAMARCA
27413,6309974,2026-03-06,20:30:00,ANTIOQUIA
27425,6310006,2026-03-06,23:00:00,CUNDINAMARCA
27430,6310035,2026-03-06,21:00:00,CUNDINAMARCA
27443,6310075,2026-03-06,20:00:00,CUNDINAMARCA
27449,6310099,2026-03-06,23:30:00,CUNDINAMARCA
27454,6310113,2026-03-06,23:35:00,ANTIOQUIA
27459,6310122,2026-03-07,1:15:00,CUNDINAMARCA
27461,6310133,2026-03-07,13:15:00,CUNDINAMARCA
27463,6310131,2026-03-06,21:00:00,CUNDINAMARCA
27469,6310151,2026-03-06,21:00:00,CUNDINAMARCA
27470,6310136,2026-03-07,3:30:00,CUNDINAMARCA
27474,6310162,2026-03-06,21:30:00,CUNDINAMARCA
27477,6310161,2026-03-06,21:30:00,CUNDINAMARCA
27478,6310170,2026-03-07,3:00:00,CUNDINAMARCA
27479,6310171,2026-03-07,2:00:00,CUNDINAMARCA
27485,6310186,2026-03-06,22:00:00,ANTIOQUIA
27492,6310190,2026-03-06,22:00:00,ANTIOQUIA
27496,6310203,2026-03-06,23:00:00,CUNDINAMARCA
27497,6310202,2026-03-07,0:30:00,CUNDINAMARCA
27500,6310205,2026-03-06,22:30:00,CUNDINAMARCA
27501,6310207,2026-03-07,2:30:00,ANTIOQUIA
27504,6310217,2026-03-07,2:30:00,CUNDINAMARCA
27516,6310238,2026-03-06,22:00:00,ANTIOQUIA
27518,6310241,2026-03-07,1:00:00,CUNDINAMARCA
27520,6310243,2026-03-06,23:00:00,CUNDINAMARCA
27521,6310245,2026-03-07,0:30:00,ANTIOQUIA
27526,6310251,2026-03-07,1:00:00,CUNDINAMARCA
27527,6310260,2026-03-07,1:30:00,ANTIOQUIA
27530,6310266,2026-03-07,1:30:00,CUNDINAMARCA
27531,6310267,2026-03-07,1:35:00,CUNDINAMARCA
27534,6310275,2026-03-06,23:55:00,ANTIOQUIA
27536,6310262,2026-03-07,19:30:00,ANTIOQUIA
27538,6310286,2026-03-06,23:00:00,ANTIOQUIA
27545,6310295,2026-03-06,22:30:00,ANTIOQUIA
27546,6310283,2026-03-07,1:00:00,ANTIOQUIA
27547,6310299,2026-03-06,23:00:00,CUNDINAMARCA
27548,6310292,2026-03-06,23:30:00,CUNDINAMARCA
27549,6310290,2026-03-06,23:00:00,CUNDINAMARCA
27552,6310278,2026-03-07,2:00:00,CUNDINAMARCA
27553,6310303,2026-03-06,23:00:00,CUNDINAMARCA
27559,6310312,2026-03-07,0:05:00,ANTIOQUIA
27560,6310314,2026-03-06,22:50:00,ANTIOQUIA
27561,6310307,2026-03-06,23:00:00,CUNDINAMARCA
27562,6310316,2026-03-06,23:00:00,CUNDINAMARCA
27566,6310322,2026-03-06,22:20:00,CUNDINAMARCA
27567,6310315,2026-03-06,23:30:00,ANTIOQUIA
27568,6310321,2026-03-06,22:50:00,ANTIOQUIA
27569,6310330,2026-03-07,0:00:00,CUNDINAMARCA
27572,6310334,2026-03-06,23:00:00,CUNDINAMARCA
27573,6310336,2026-03-06,23:30:00,CUNDINAMARCA
27576,6310341,2026-03-07,5:30:00,CUNDINAMARCA
27577,6310344,2026-03-07,0:30:00,CUNDINAMARCA
27578,6310345,2026-03-07,20:00:00,CUNDINAMARCA
27579,6310343,2026-03-06,23:10:00,CUNDINAMARCA
27580,6310342,2026-03-07,3:00:00,CUNDINAMARCA
27582,6310347,2026-03-07,2:00:00,CUNDINAMARCA
27585,6310352,2026-03-06,23:55:00,ANTIOQUIA
27587,6310359,2026-03-06,23:45:00,ANTIOQUIA
27588,6310367,2026-03-07,1:30:00,CUNDINAMARCA
27589,6310369,2026-03-07,1:00:00,ANTIOQUIA
27593,6310360,2026-03-07,2:00:00,ANTIOQUIA
27595,6310365,2026-03-07,10:30:00,CUNDINAMARCA
27596,6310375,2026-03-06,23:45:00,ANTIOQUIA
27597,6310374,2026-03-07,2:00:00,CUNDINAMARCA
27602,6310384,2026-03-07,6:00:00,CUNDINAMARCA
27603,6310387,2026-03-07,0:00:00,ANTIOQUIA
27605,6310390,2026-03-07,1:30:00,CUNDINAMARCA
27606,6310391,2026-03-06,23:40:00,CUNDINAMARCA
27607,6310393,2026-03-06,23:45:00,ANTIOQUIA
27609,6310396,2026-03-06,23:50:00,CUNDINAMARCA
27610,6310397,2026-03-06,22:00:00,CUNDINAMARCA
27615,6310411,2026-03-07,0:00:00,ANTIOQUIA
27616,6310402,2026-03-07,0:00:00,ANTIOQUIA
27617,6310401,2026-03-07,1:40:00,CUNDINAMARCA
27618,6310413,2026-03-06,23:55:00,ANTIOQUIA
27619,6310408,2026-03-07,2:00:00,ANTIOQUIA
27620,6310399,2026-03-07,1:00:00,CUNDINAMARCA
27624,6310417,2026-03-07,1:00:00,ANTIOQUIA
27625,6310343,2026-03-06,23:10:00,CUNDINAMARCA
27626,6310418,2026-03-07,2:45:00,CUNDINAMARCA
27628,6310419,2026-03-07,2:00:00,ANTIOQUIA
27630,6310423,2026-03-06,23:45:00,ANTIOQUIA
27631,6310421,2026-03-07,1:30:00,ANTIOQUIA
27632,6310425,2026-03-07,4:00:00,CUNDINAMARCA
27633,6310426,2026-03-07,0:10:00,ANTIOQUIA
27635,6310429,2026-03-07,0:10:00,CUNDINAMARCA
27636,6310427,2026-03-07,1:00:00,ANTIOQUIA
27637,6310432,2026-03-06,22:00:00,CUNDINAMARCA
27638,6310431,2026-03-06,23:59:00,CUNDINAMARCA
27640,6310430,2026-03-06,22:00:00,CUNDINAMARCA
27643,6310439,2026-03-06,23:30:00,CUNDINAMARCA
27645,6310441,2026-03-07,3:45:00,CUNDINAMARCA
27648,6310446,2026-03-07,0:45:00,CUNDINAMARCA
27650,6310448,2026-03-07,20:45:00,ANTIOQUIA
27651,6310450,2026-03-07,0:45:00,CUNDINAMARCA
27652,6310453,2026-03-07,0:50:00,CUNDINAMARCA
27657,6310461,2026-03-07,0:55:00,CUNDINAMARCA
27667,6310477,2026-03-07,1:30:00,ANTIOQUIA
27668,6310480,2026-03-07,1:15:00,ANTIOQUIA
27670,6310486,2026-03-07,0:00:00,ANTIOQUIA
27672,6310482,2026-03-07,1:30:00,CUNDINAMARCA
27673,6310483,2026-03-07,3:00:00,ANTIOQUIA
27674,6310488,2026-03-07,1:00:00,CUNDINAMARCA
27676,6310489,2026-03-07,1:30:00,CUNDINAMARCA
27677,6310494,2026-03-07,2:30:00,CUNDINAMARCA
27679,6310499,2026-03-07,22:00:00,ANTIOQUIA
27681,6310492,2026-07-03,7:00:00,CUNDINAMARCA
27685,6310504,2026-03-07,3:00:00,CUNDINAMARCA
27686,6310503,2026-03-07,2:00:00,CUNDINAMARCA
27689,6310505,2026-03-07,1:30:00,CUNDINAMARCA
27690,6310508,2026-03-07,3:00:00,CUNDINAMARCA
27691,6310510,2026-03-07,3:00:00,ANTIOQUIA
27696,6310517,2026-03-07,1:50:00,ANTIOQUIA
27697,6310519,2026-03-07,2:00:00,CUNDINAMARCA
27698,6310520,2026-03-07,2:20:00,CUNDINAMARCA
27700,6310523,2026-03-07,3:05:00,CUNDINAMARCA
27701,6310524,2026-03-07,2:00:00,CUNDINAMARCA
27702,6310526,2026-03-07,2:30:00,ANTIOQUIA
27704,6307946,2026-03-07,2:00:00,CUNDINAMARCA
27705,6310529,2026-03-07,2:30:00,CUNDINAMARCA
27707,6310530,2026-03-07,3:00:00,CUNDINAMARCA
27712,6310541,2026-03-07,2:15:00,CUNDINAMARCA
27713,6310540,2026-03-07,2:45:00,ANTIOQUIA
27715,6310544,2026-03-07,2:15:00,CUNDINAMARCA
27716,6310542,2026-03-07,3:00:00,ANTIOQUIA
27718,6310546,2026-03-07,3:00:00,CUNDINAMARCA
27721,6310549,2026-03-07,2:00:00,CUNDINAMARCA
27723,6310552,2026-03-07,3:00:00,ANTIOQUIA
27725,6310554,2026-03-07,3:30:00,CUNDINAMARCA
27727,6310555,2026-03-07,3:30:00,ANTIOQUIA
27728,6310558,2026-03-07,3:00:00,CUNDINAMARCA
27730,6310560,2026-03-07,3:15:00,CUNDINAMARCA
27732,6310562,2026-03-07,3:15:00,CUNDINAMARCA
27733,6310563,2026-03-07,3:25:00,CUNDINAMARCA
27734,6310564,2026-03-07,3:30:00,CUNDINAMARCA
27738,6310567,2026-03-07,12:30:00,CUNDINAMARCA
27743,6310578,2026-03-07,4:30:00,ANTIOQUIA
27748,6310589,2026-03-07,6:25:00,CUNDINAMARCA
27843,6310830,2026-03-07,19:00:00,CUNDINAMARCA
27848,6310847,2026-03-08,1:00:00,CUNDINAMARCA
27855,6310857,2026-03-07,17:30:00,CUNDINAMARCA
27856,6310876,2026-03-09,9:30:00,CUNDINAMARCA
27865,6310909,2026-03-07,18:30:00,CUNDINAMARCA
27868,6310917,2026-03-07,22:45:00,ANTIOQUIA
27874,6310922,2026-03-07,19:00:00,CUNDINAMARCA
27879,6310938,2026-03-07,20:00:00,CUNDINAMARCA
27886,6310955,2026-03-07,18:00:00,CUNDINAMARCA
27894,6310966,2026-03-07,21:30:00,CUNDINAMARCA
27899,6310978,2026-03-08,4:00:00,ANTIOQUIA
27903,6310979,2026-03-07,18:00:00,CUNDINAMARCA
27909,6311001,2026-03-07,22:00:00,ANTIOQUIA
27919,6311020,2026-03-07,22:45:00,CUNDINAMARCA
27920,6311027,2026-03-08,17:00:00,ANTIOQUIA
27927,6311035,2026-03-08,2:00:00,CUNDINAMARCA
27928,6311033,2026-03-07,20:00:00,CUNDINAMARCA
27932,6311042,2026-03-07,17:45:00,CUNDINAMARCA
27937,6311052,2026-03-07,19:00:00,ANTIOQUIA
27938,6311050,2026-03-07,21:00:00,CUNDINAMARCA
27939,6311051,2026-03-07,23:00:00,ANTIOQUIA
27944,6311062,2026-03-08,2:00:00,ANTIOQUIA
27945,6311071,2026-03-07,17:00:00,ANTIOQUIA
27947,6311063,2026-03-07,23:30:00,CUNDINAMARCA
27950,6311068,2026-03-07,23:00:00,CUNDINAMARCA
27969,6311119,2026-03-07,23:00:00,CUNDINAMARCA
27975,6311111,2026-03-07,22:30:00,ANTIOQUIA
27976,6311125,2026-03-07,20:30:00,ANTIOQUIA
27979,6311112,2026-03-07,23:00:00,CUNDINAMARCA
27980,6311113,2026-03-07,21:30:00,CUNDINAMARCA
27983,6311118,2026-03-07,19:30:00,CUNDINAMARCA
27990,6311146,2026-03-07,19:00:00,CUNDINAMARCA
27991,6311139,2026-03-08,1:00:00,CUNDINAMARCA
27995,6311142,2026-03-07,20:00:00,ANTIOQUIA
27998,6311149,2026-03-07,19:25:00,CUNDINAMARCA
28000,6311158,2026-03-08,1:00:00,ANTIOQUIA
28002,6311165,2026-03-07,21:00:00,ANTIOQUIA
28004,6311163,2026-03-07,22:45:00,CUNDINAMARCA
28005,6311167,2026-03-08,3:00:00,ANTIOQUIA
28008,6311176,2026-03-07,20:30:00,CUNDINAMARCA
28009,6311178,2026-03-07,20:15:00,CUNDINAMARCA
28011,6311179,2026-03-07,20:30:00,CUNDINAMARCA
28018,6311194,2026-03-07,21:00:00,CUNDINAMARCA
28025,6311202,2026-03-07,21:00:00,CUNDINAMARCA
28026,6311207,2026-03-07,21:00:00,ANTIOQUIA
28028,6311208,2026-03-07,21:30:00,CUNDINAMARCA
28029,6311209,2026-03-07,21:00:00,ANTIOQUIA
28030,6311196,2026-03-07,20:45:00,CUNDINAMARCA
28033,6311211,2026-03-07,23:30:00,CUNDINAMARCA
28034,6311221,2026-03-08,4:00:00,ANTIOQUIA
28038,6311237,2026-03-07,22:30:00,CUNDINAMARCA
28042,6311249,2026-03-08,0:50:00,CUNDINAMARCA
28044,6311250,2026-03-07,23:00:00,ANTIOQUIA
28046,6311261,2026-03-07,21:50:00,ANTIOQUIA
28047,6311263,2026-03-07,21:50:00,CUNDINAMARCA
28048,6311259,2026-03-07,22:00:00,CUNDINAMARCA
28050,6311251,2026-03-08,0:30:00,ANTIOQUIA
28051,6311229,2026-03-07,22:30:00,CUNDINAMARCA
28052,6311264,2026-03-07,23:30:00,CUNDINAMARCA
28053,6311270,2026-03-07,23:00:00,CUNDINAMARCA
28054,6311257,2026-03-08,2:00:00,CUNDINAMARCA
28056,6311273,2026-03-07,22:30:00,ANTIOQUIA
28063,6311283,2026-03-08,1:30:00,CUNDINAMARCA
28065,6311289,2026-03-08,3:00:00,CUNDINAMARCA
28072,6311298,2026-03-08,0:30:00,ANTIOQUIA
28073,6311304,2026-03-07,22:40:00,CUNDINAMARCA
28074,6311305,2026-03-07,23:00:00,ANTIOQUIA
28079,6311312,2026-03-07,23:00:00,ANTIOQUIA
28080,6311317,2026-03-07,23:00:00,CUNDINAMARCA
28083,6311315,2026-03-07,23:55:00,ANTIOQUIA
28087,6311327,2026-03-08,0:00:00,ANTIOQUIA
28089,6311316,2026-03-08,1:30:00,CUNDINAMARCA
28092,6311320,2026-03-08,1:00:00,ANTIOQUIA
28093,6311338,2026-03-07,23:15:00,ANTIOQUIA
28094,6311323,2026-03-08,0:30:00,ANTIOQUIA
28095,6311333,2026-03-07,23:55:00,CUNDINAMARCA
28097,6311322,2026-03-07,23:45:00,ANTIOQUIA
28099,6311343,2026-03-08,0:00:00,CUNDINAMARCA
28102,6311344,2026-03-08,0:00:00,CUNDINAMARCA
28106,6311353,2026-03-07,23:50:00,CUNDINAMARCA
28107,6311360,2026-03-07,23:45:00,ANTIOQUIA
28108,6311359,2026-03-08,2:30:00,ANTIOQUIA
28109,6311358,2026-03-08,1:00:00,CUNDINAMARCA
28110,6311361,2026-03-08,0:30:00,CUNDINAMARCA
28113,6311362,2026-03-08,0:00:00,CUNDINAMARCA
28114,6311368,2026-03-08,1:15:00,ANTIOQUIA
28115,6311371,2026-03-07,23:55:00,ANTIOQUIA
28116,6311377,2026-03-08,0:00:00,ANTIOQUIA
28117,6311373,2026-03-08,0:15:00,CUNDINAMARCA
28121,6311379,2026-03-08,2:00:00,ANTIOQUIA
28124,6311375,2026-03-08,0:00:00,ANTIOQUIA
28128,654643,2026-03-08,0:15:00,CUNDINAMARCA
28129,6311167,2026-03-08,3:00:00,ANTIOQUIA
28130,6311397,2026-03-08,0:10:00,CUNDINAMARCA
28132,6311393,2026-03-08,0:30:00,CUNDINAMARCA
28133,6311395,2026-03-08,1:00:00,ANTIOQUIA
28134,6311400,2026-03-08,0:25:00,CUNDINAMARCA
28136,6311396,2026-03-08,0:00:00,CUNDINAMARCA
28137,6311403,2026-03-08,1:30:00,CUNDINAMARCA
28141,6311407,2026-03-08,1:30:00,CUNDINAMARCA
28143,6311410,2026-03-08,2:00:00,ANTIOQUIA
28145,6311413,2026-03-08,1:00:00,CUNDINAMARCA
28149,6311417,2026-03-08,3:30:00,ANTIOQUIA
28150,6311420,2026-03-08,2:00:00,CUNDINAMARCA
28153,6311421,2026-03-08,4:00:00,CUNDINAMARCA
28155,6311433,2026-03-08,2:00:00,ANTIOQUIA
28158,6311431,2026-03-08,2:30:00,CUNDINAMARCA
28160,6311454,2026-03-08,12:00:00,ANTIOQUIA
28161,6311453,2026-03-08,2:30:00,ANTIOQUIA
28163,6311457,2026-03-08,2:00:00,CUNDINAMARCA
28167,6311465,2026-03-08,2:00:00,ANTIOQUIA
28168,6311450,2026-03-08,1:30:00,ANTIOQUIA
28169,6311467,2026-03-08,3:30:00,ANTIOQUIA
28170,6311472,2026-03-08,4:30:00,ANTIOQUIA
28175,6311480,2026-03-08,3:00:00,CUNDINAMARCA
28180,6311485,2026-03-08,2:30:00,CUNDINAMARCA
28181,6311468,2026-03-08,1:30:00,ANTIOQUIA
28182,6311487,2026-03-08,3:00:00,ANTIOQUIA
28183,6311489,2026-03-08,2:30:00,ANTIOQUIA
28186,6311493,2026-03-08,3:00:00,ANTIOQUIA
28189,6311500,2026-03-08,4:00:00,CUNDINAMARCA
28201,6311516,2026-03-08,5:30:00,ANTIOQUIA
28225,6311572,2026-03-08,20:00:00,CUNDINAMARCA
28253,6311638,2026-03-08,17:00:00,CUNDINAMARCA
28280,6311691,2026-03-08,19:00:00,CUNDINAMARCA
28303,6311744,2026-03-08,19:00:00,CUNDINAMARCA
28315,6311762,2026-03-08,19:15:00,CUNDINAMARCA
28329,6311790,2026-03-08,19:45:00,ANTIOQUIA
28336,6311812,2026-03-09,6:30:00,CUNDINAMARCA
28343,6311829,2026-03-08,21:00:00,CUNDINAMARCA
28351,6311842,2026-03-08,20:45:00,CUNDINAMARCA
28362,6311879,2026-03-08,21:45:00,CUNDINAMARCA
28379,6311914,2026-03-08,22:00:00,CUNDINAMARCA
28403,6311960,2026-03-09,0:00:00,ANTIOQUIA
28415,6311981,2026-03-09,0:00:00,CUNDINAMARCA
28433,6312021,2026-03-09,8:00:00,CUNDINAMARCA
28448,6312066,2026-03-09,9:45:00,CUNDINAMARCA
28451,6312071,2026-03-09,5:00:00,CUNDINAMARCA
28532,6312269,2026-03-15,2:00:00,ANTIOQUIA
28563,6312378,2026-03-15,2:00:00,ANTIOQUIA
28566,6312384,2026-03-10,6:30:00,CUNDINAMARCA
28635,6312650,2026-03-09,15:10:00,ANTIOQUIA
28637,6312650,2026-03-09,15:10:00,ANTIOQUIA
28642,6312699,2026-03-09,13:00:00,CUNDINAMARCA
28657,4746076,2026-03-15,2:00:00,ANTIOQUIA
28787,6313221,2026-03-10,7:00:00,CUNDINAMARCA
28801,6313265,2026-03-15,1:00:00,ANTIOQUIA
28845,6313430,2026-03-09,21:50:00,CUNDINAMARCA
28913,6313642,2026-03-10,5:00:00,CUNDINAMARCA
28914,6313644,2026-03-10,4:00:00,CUNDINAMARCA
28981,6313804,2026-03-10,18:30:00,CUNDINAMARCA
29050,6314107,2026-03-10,14:55:00,ANTIOQUIA
29077,6314230,2026-03-10,19:30:00,CUNDINAMARCA
29083,6314255,2026-03-11,8:30:00,CUNDINAMARCA
29099,6314321,2026-03-10,18:05:00,CUNDINAMARCA
29117,6314371,2026-03-12,7:00:00,CUNDINAMARCA
29119,6314374,2026-03-10,21:00:00,CUNDINAMARCA
29146,6314469,2026-03-10,18:20:00,CUNDINAMARCA
29150,6314507,2026-03-11,11:00:00,CUNDINAMARCA
29181,6314586,2026-03-11,3:45:00,CUNDINAMARCA
29186,6314640,2026-03-10,21:00:00,CUNDINAMARCA
29224,6314811,2026-03-10,21:30:00,CUNDINAMARCA
29237,6314846,2026-03-10,21:30:00,ANTIOQUIA
29244,6314865,2026-03-10,21:40:00,ANTIOQUIA
29250,654742,2026-03-11,0:15:00,CUNDINAMARCA
29255,6314894,2026-03-10,22:30:00,CUNDINAMARCA
29258,6314897,2026-03-10,22:15:00,CUNDINAMARCA
29271,6314929,2026-03-11,6:20:00,CUNDINAMARCA
29280,6314949,2026-03-12,1:30:00,CUNDINAMARCA
29294,6314976,2026-03-11,0:00:00,ANTIOQUIA
29317,6315056,2026-03-11,1:00:00,CUNDINAMARCA
29331,6315101,2026-03-11,3:28:00,CUNDINAMARCA
29382,6315182,2026-03-11,17:00:00,ANTIOQUIA
29432,6315320,2026-03-11,14:30:00,ANTIOQUIA
29446,6315360,2026-03-11,20:30:00,ANTIOQUIA
29467,6315450,2026-03-11,21:30:00,ANTIOQUIA
29481,6315494,2026-03-11,15:30:00,ANTIOQUIA
29500,6315587,2026-03-15,0:00:00,CUNDINAMARCA
29512,6315626,2026-03-15,1:30:00,CUNDINAMARCA
29617,6316015,2026-03-11,20:20:00,ANTIOQUIA
29620,6316037,2026-03-12,13:00:00,ANTIOQUIA
29634,6316101,2026-03-11,21:20:00,CUNDINAMARCA
29642,6316113,2026-03-12,5:00:00,CUNDINAMARCA
29662,6316172,2026-03-11,23:45:00,CUNDINAMARCA
29667,6316192,2026-03-11,22:30:00,CUNDINAMARCA
29701,6316276,2026-03-12,7:30:00,CUNDINAMARCA
29707,6316287,2026-03-11,23:50:00,CUNDINAMARCA
29710,6316293,2026-03-12,5:00:00,CUNDINAMARCA
29720,6316313,2026-03-12,17:00:00,CUNDINAMARCA
29724,6316328,2026-03-12,0:50:00,CUNDINAMARCA
29757,6316402,2026-03-28,20:00:00,CUNDINAMARCA
29802,6316496,2026-03-12,16:15:00,ANTIOQUIA
29806,6316506,2026-03-12,11:35:00,ANTIOQUIA
29898,6316773,2026-03-12,15:15:00,CUNDINAMARCA
29905,6316791,2026-03-13,1:00:00,ANTIOQUIA
29913,6316835,2026-03-12,15:00:00,CUNDINAMARCA
29959,6317018,2026-03-13,0:00:00,ANTIOQUIA
29965,6317028,2026-03-12,15:00:00,ANTIOQUIA
29967,6317030,2026-03-12,23:45:00,CUNDINAMARCA
29986,6317084,2026-03-05,22:00:00,CUNDINAMARCA
30018,6317208,2026-03-12,22:45:00,ANTIOQUIA
30034,6317246,2026-03-12,23:00:00,ANTIOQUIA
30044,6317279,2026-03-12,22:00:00,CUNDINAMARCA
30049,6317289,2026-03-12,21:30:00,ANTIOQUIA
30052,6317300,2026-03-12,20:40:00,ANTIOQUIA
30082,6317392,2026-03-12,21:30:00,CUNDINAMARCA
30086,6317405,2026-03-14,0:00:00,ANTIOQUIA
30095,6317444,2026-03-13,1:00:00,CUNDINAMARCA
30101,6317469,2026-03-12,21:30:00,ANTIOQUIA
30103,6317466,2026-03-12,21:35:00,CUNDINAMARCA
30105,6317476,2026-03-12,22:00:00,CUNDINAMARCA
30112,6317501,2026-03-12,20:30:00,ANTIOQUIA
30115,6317519,2026-03-12,22:45:00,CUNDINAMARCA
30117,6317522,2026-03-12,23:30:00,CUNDINAMARCA
30131,6317538,2026-03-12,23:30:00,ANTIOQUIA
30138,6317573,2026-03-12,22:50:00,CUNDINAMARCA
30139,6317579,2026-03-12,23:00:00,CUNDINAMARCA
30140,6317578,2026-03-13,8:05:00,CUNDINAMARCA
30161,6317623,2026-03-15,1:00:00,CUNDINAMARCA
30162,6317627,2026-03-15,2:00:00,CUNDINAMARCA
30169,6317640,2026-03-21,4:00:00,CUNDINAMARCA
30171,6317652,2026-03-14,12:00:00,ANTIOQUIA
30180,6317674,2026-03-13,0:50:00,CUNDINAMARCA
30182,6317675,2026-03-13,13:15:00,CUNDINAMARCA
30184,6317685,2026-03-13,0:30:00,CUNDINAMARCA
30199,6317723,2026-03-13,1:35:00,CUNDINAMARCA
30201,6317722,2026-03-13,2:45:00,ANTIOQUIA
30202,6317724,2026-03-13,1:45:00,CUNDINAMARCA
30204,6317727,2026-03-13,2:45:00,CUNDINAMARCA
30206,6317731,2026-03-13,2:50:00,ANTIOQUIA
30207,6317733,2026-03-14,2:00:00,CUNDINAMARCA
30211,6317740,2026-03-13,4:00:00,CUNDINAMARCA
30217,6317750,2026-03-13,5:00:00,CUNDINAMARCA
30219,6317757,2026-03-13,5:00:00,ANTIOQUIA
30233,6317783,2026-03-13,10:45:00,CUNDINAMARCA
30247,6317805,2026-03-29,1:30:00,ANTIOQUIA
30265,6317846,2026-03-13,15:00:00,CUNDINAMARCA
30306,6317939,2026-03-13,23:00:00,CUNDINAMARCA
30332,6318028,2026-03-13,17:00:00,ANTIOQUIA
30342,6318040,2026-03-14,10:00:00,CUNDINAMARCA
30344,6318058,2026-03-13,21:00:00,CUNDINAMARCA
30351,6318082,2026-03-14,1:30:00,ANTIOQUIA
30361,6318102,2026-03-13,16:30:00,CUNDINAMARCA
30370,6318115,2026-03-15,1:00:00,CUNDINAMARCA
30388,6318144,2026-03-13,19:00:00,CUNDINAMARCA
30401,6318177,2026-03-14,3:30:00,CUNDINAMARCA
30450,6318297,2026-03-14,0:30:00,CUNDINAMARCA
30480,6318380,2026-03-14,2:30:00,CUNDINAMARCA
30500,6318442,2026-03-15,1:00:00,ANTIOQUIA
30507,6318451,2026-03-13,20:30:00,CUNDINAMARCA
30508,6318452,2026-03-15,2:05:00,CUNDINAMARCA
30511,6318459,2026-03-13,23:00:00,ANTIOQUIA
30512,6318463,2026-03-14,1:30:00,CUNDINAMARCA
30522,6318494,2026-03-14,23:50:00,CUNDINAMARCA
30523,6318492,2026-03-14,0:00:00,CUNDINAMARCA
30525,6318495,2026-03-13,22:00:00,CUNDINAMARCA
30530,6318512,2026-03-14,1:00:00,CUNDINAMARCA
30541,6318546,2026-03-15,3:30:00,ANTIOQUIA
30547,6318555,2026-03-13,21:00:00,CUNDINAMARCA
30552,6318577,2026-03-14,2:20:00,CUNDINAMARCA
30557,6318552,2026-03-14,1:00:00,ANTIOQUIA
30562,6318602,2026-03-14,2:30:00,ANTIOQUIA
30566,6318607,2026-03-14,12:00:00,CUNDINAMARCA
30570,6318626,2026-03-14,3:00:00,ANTIOQUIA
30575,6318633,2026-03-13,23:20:00,CUNDINAMARCA
30579,6318644,2026-03-14,0:00:00,CUNDINAMARCA
30598,6318673,2026-03-14,1:30:00,ANTIOQUIA
30599,6317578,2026-03-13,21:35:00,CUNDINAMARCA
30601,6318689,2026-03-13,21:00:00,ANTIOQUIA
30602,6318696,2026-03-13,21:50:00,ANTIOQUIA
30604,6318698,2026-03-13,21:35:00,CUNDINAMARCA
30605,6318704,2026-03-13,22:07:00,CUNDINAMARCA
30607,6318682,2026-03-14,1:30:00,ANTIOQUIA
30609,6318709,2026-03-14,1:00:00,CUNDINAMARCA
30613,6318717,2026-03-13,23:55:00,ANTIOQUIA
30615,6318722,2026-03-13,22:23:00,CUNDINAMARCA
30616,6318728,2026-03-14,21:00:00,CUNDINAMARCA
30617,6318724,2026-03-14,1:00:00,ANTIOQUIA
30618,6318727,2026-03-14,4:30:00,CUNDINAMARCA
30620,6318731,2026-03-13,23:00:00,ANTIOQUIA
30621,6318736,2026-03-13,22:30:00,CUNDINAMARCA
30623,6318742,2026-03-13,23:45:00,ANTIOQUIA
30626,6318745,2026-03-14,0:00:00,CUNDINAMARCA
30627,6318748,2026-03-14,1:30:00,ANTIOQUIA
30628,6318743,2026-03-14,2:30:00,ANTIOQUIA
30629,6318750,2026-03-13,23:45:00,CUNDINAMARCA
30631,6318756,2026-03-13,23:30:00,CUNDINAMARCA
30635,6318761,2026-03-14,0:00:00,ANTIOQUIA
30639,6318769,2026-03-13,23:00:00,ANTIOQUIA
30642,6318776,2026-03-13,23:00:00,ANTIOQUIA
30646,6318783,2026-03-14,1:00:00,ANTIOQUIA
30647,6318780,2026-03-14,2:00:00,ANTIOQUIA
30648,6318785,2026-03-14,2:00:00,CUNDINAMARCA
30649,6318781,2026-03-13,23:15:00,CUNDINAMARCA
30652,6318784,2026-03-13,23:30:00,CUNDINAMARCA
30654,6318792,2026-03-13,23:00:00,CUNDINAMARCA
30656,6318795,2026-03-14,1:00:00,ANTIOQUIA
30657,6318793,2026-03-13,23:30:00,CUNDINAMARCA
30658,6318797,2026-03-14,1:00:00,ANTIOQUIA
30662,6318803,2026-03-13,23:30:00,CUNDINAMARCA
30666,6318815,2026-03-14,1:00:00,ANTIOQUIA
30668,6318814,2026-03-14,1:00:00,ANTIOQUIA
30669,6318819,2026-03-14,0:10:00,CUNDINAMARCA
30672,6318805,2026-03-14,4:00:00,ANTIOQUIA
30675,6318825,2026-03-14,2:00:00,CUNDINAMARCA
30678,6318829,2026-03-14,1:30:00,ANTIOQUIA
30679,6318813,2026-03-14,0:30:00,CUNDINAMARCA
30681,6318833,2026-03-14,0:30:00,ANTIOQUIA
30683,6318837,2026-03-14,0:30:00,CUNDINAMARCA
30686,6318838,2026-03-15,1:15:00,CUNDINAMARCA
30688,6318831,2026-03-14,3:15:00,CUNDINAMARCA
30692,6318850,2026-03-14,0:30:00,CUNDINAMARCA
30693,6318847,2026-03-14,0:30:00,CUNDINAMARCA
30695,6318854,2026-03-14,4:00:00,CUNDINAMARCA
30696,6318855,2026-03-14,1:30:00,CUNDINAMARCA
30698,6318858,2026-03-14,0:00:00,CUNDINAMARCA
30699,6318859,2026-03-14,1:00:00,CUNDINAMARCA
30700,6318862,2026-03-14,2:00:00,ANTIOQUIA
30702,6318863,2026-03-14,1:00:00,ANTIOQUIA
30703,6318861,2026-03-14,2:30:00,ANTIOQUIA
30705,6318871,2026-03-14,0:55:00,ANTIOQUIA
30708,6318882,2026-03-14,2:30:00,CUNDINAMARCA
30710,6318885,2026-03-14,0:30:00,ANTIOQUIA
30711,6318883,2026-03-14,2:00:00,ANTIOQUIA
30712,6318878,2026-03-14,2:30:00,ANTIOQUIA
30714,6318892,2026-03-14,2:00:00,CUNDINAMARCA
30715,6318893,2026-03-14,2:30:00,CUNDINAMARCA
30716,6318896,2026-03-14,2:00:00,ANTIOQUIA
30718,6318898,2026-03-14,1:35:00,CUNDINAMARCA
30719,6318899,2026-03-14,1:40:00,CUNDINAMARCA
30723,6318902,2026-03-14,1:45:00,ANTIOQUIA
30726,6318906,2026-03-14,1:30:00,CUNDINAMARCA
30728,6318908,2026-03-14,2:15:00,ANTIOQUIA
30729,6318910,2026-03-14,5:30:00,CUNDINAMARCA
30731,6318915,2026-03-14,2:00:00,CUNDINAMARCA
30733,6318917,2026-03-14,3:00:00,ANTIOQUIA
30734,6318918,2026-03-14,1:55:00,ANTIOQUIA
30737,6318921,2026-03-14,2:00:00,ANTIOQUIA
30738,6318924,2026-03-14,3:00:00,CUNDINAMARCA
30740,6318925,2026-03-14,2:10:00,CUNDINAMARCA
30741,6318926,2026-03-14,2:20:00,ANTIOQUIA
30748,6318934,2026-03-14,1:30:00,CUNDINAMARCA
30750,6318936,2026-03-14,3:00:00,CUNDINAMARCA
30758,6316853,2026-03-14,3:35:00,ANTIOQUIA
30760,6318954,2026-03-14,3:40:00,CUNDINAMARCA
30762,6318960,2026-03-14,4:00:00,CUNDINAMARCA
30767,6318970,2026-03-14,5:00:00,CUNDINAMARCA
30784,6318999,2026-03-14,12:00:00,CUNDINAMARCA
30795,6319026,2026-03-14,23:55:00,ANTIOQUIA
30802,6319023,2026-03-21,0:00:00,CUNDINAMARCA
30816,6319063,2026-03-14,20:00:00,ANTIOQUIA
30824,6319076,2026-03-15,2:00:00,ANTIOQUIA
30825,6319072,2026-03-14,23:00:00,ANTIOQUIA
30827,6319078,2026-03-14,18:30:00,CUNDINAMARCA
30836,6319096,2026-03-15,2:30:00,ANTIOQUIA
30839,6319109,2026-03-15,2:00:00,CUNDINAMARCA
30840,6319082,2026-03-14,20:00:00,CUNDINAMARCA
30841,6319115,2026-03-15,1:00:00,CUNDINAMARCA
30847,6319124,2026-03-14,23:00:00,CUNDINAMARCA
30852,6319120,2026-03-14,14:30:00,CUNDINAMARCA
30856,6319135,2026-03-15,2:00:00,CUNDINAMARCA
30862,6319152,2026-03-14,14:00:00,ANTIOQUIA
30870,6319176,2026-03-15,1:00:00,ANTIOQUIA
30885,6319200,2026-03-15,1:15:00,CUNDINAMARCA
30890,6319201,2026-03-15,1:00:00,CUNDINAMARCA
30894,6319214,2026-03-14,16:30:00,CUNDINAMARCA
30895,6319230,2026-03-15,1:00:00,ANTIOQUIA
30901,6319244,2026-03-14,23:45:00,CUNDINAMARCA
30902,6319253,2026-03-14,18:00:00,CUNDINAMARCA
30904,6319254,2026-03-15,4:30:00,ANTIOQUIA
30905,6319256,2026-03-15,0:35:00,CUNDINAMARCA
30915,6319275,2026-03-14,20:30:00,ANTIOQUIA
30916,6319283,2026-03-15,2:20:00,ANTIOQUIA
30917,6319282,2026-03-14,16:30:00,CUNDINAMARCA
30919,6319285,2026-03-15,2:00:00,ANTIOQUIA
30921,6319289,2026-03-15,2:55:00,ANTIOQUIA
30935,6319280,2026-03-15,2:00:00,CUNDINAMARCA
30936,6319316,2026-03-14,21:00:00,CUNDINAMARCA
30939,6319309,2026-03-15,2:00:00,CUNDINAMARCA
30941,6319315,2026-03-15,1:00:00,CUNDINAMARCA
30942,6319330,2026-03-15,0:15:00,ANTIOQUIA
30948,6319339,2026-03-15,14:00:00,CUNDINAMARCA
30954,6319349,2026-03-15,1:30:00,ANTIOQUIA
30961,6319347,2026-03-15,0:00:00,ANTIOQUIA
30964,6319365,2026-03-15,22:00:00,CUNDINAMARCA
30967,6319361,2026-03-15,1:00:00,ANTIOQUIA
30978,6319393,2026-03-15,3:00:00,ANTIOQUIA
30987,6319395,2026-03-15,1:00:00,CUNDINAMARCA
30989,6319413,2026-03-14,23:00:00,CUNDINAMARCA
30991,6319425,2026-03-14,23:30:00,ANTIOQUIA
30998,6319437,2026-03-14,18:30:00,CUNDINAMARCA
30999,6319439,2026-03-15,1:30:00,CUNDINAMARCA
31001,6319442,2026-03-14,21:00:00,CUNDINAMARCA
31009,6319461,2026-03-14,18:15:00,CUNDINAMARCA
31013,6319468,2026-03-14,17:00:00,ANTIOQUIA
31015,6319466,2026-03-14,17:00:00,ANTIOQUIA
31017,6319475,2026-03-14,20:05:00,CUNDINAMARCA
31019,6319483,2026-03-15,3:00:00,ANTIOQUIA
31028,6319517,2026-03-15,1:30:00,CUNDINAMARCA
31029,6319510,2026-03-14,22:00:00,ANTIOQUIA
31030,6319519,2026-03-14,20:30:00,CUNDINAMARCA
31031,6319523,2026-03-14,18:40:00,CUNDINAMARCA
31033,6319515,2026-03-14,23:30:00,CUNDINAMARCA
31035,6319526,2026-03-15,1:05:00,CUNDINAMARCA
31036,6319527,2026-03-14,20:00:00,CUNDINAMARCA
31039,6319528,2026-03-15,1:00:00,ANTIOQUIA
31040,6319529,2026-03-15,2:30:00,ANTIOQUIA
31041,6319533,2026-03-14,20:00:00,CUNDINAMARCA
31044,6319532,2026-03-14,22:15:00,CUNDINAMARCA
31049,6319541,2026-03-15,0:00:00,ANTIOQUIA
31057,6319548,2026-03-14,23:45:00,CUNDINAMARCA
31059,6319558,2026-03-14,22:00:00,CUNDINAMARCA
31062,6319559,2026-03-15,3:00:00,CUNDINAMARCA
31065,6319564,2026-03-14,19:30:00,ANTIOQUIA
31068,6319567,2026-03-15,2:00:00,CUNDINAMARCA
31074,6319124,2026-03-15,0:00:00,CUNDINAMARCA
31077,6319573,2026-03-15,2:15:00,ANTIOQUIA
31081,6319587,2026-03-15,1:00:00,CUNDINAMARCA
31082,6319579,2026-03-14,20:00:00,CUNDINAMARCA
31084,6319590,2026-03-14,20:00:00,CUNDINAMARCA
31089,6319602,2026-03-15,1:30:00,CUNDINAMARCA
31091,6319609,2026-03-15,4:10:00,ANTIOQUIA
31093,6319608,2026-03-15,0:30:00,CUNDINAMARCA
31095,6319613,2026-03-14,22:00:00,CUNDINAMARCA
31099,6319614,2026-03-15,3:00:00,ANTIOQUIA
31101,6319615,2026-03-15,0:30:00,CUNDINAMARCA
31107,6319624,2026-03-14,21:00:00,CUNDINAMARCA
31114,6319645,2026-03-15,0:00:00,ANTIOQUIA
31116,6319643,2026-03-14,20:30:00,ANTIOQUIA
31117,6319647,2026-03-15,2:00:00,ANTIOQUIA
31119,6319648,2026-03-15,0:15:00,ANTIOQUIA
31120,6319650,2026-03-14,23:20:00,ANTIOQUIA
31121,6319651,2026-03-14,22:00:00,CUNDINAMARCA
31123,6319657,2026-03-15,1:30:00,CUNDINAMARCA
31124,6319658,2026-03-15,1:00:00,CUNDINAMARCA
31125,6319655,2026-03-14,22:00:00,CUNDINAMARCA
31126,6319660,2026-03-15,2:00:00,CUNDINAMARCA
31129,6319663,2026-03-14,23:30:00,CUNDINAMARCA
31133,6319667,2026-03-15,1:30:00,ANTIOQUIA
31135,6319673,2026-03-14,21:15:00,CUNDINAMARCA
31136,6319659,2026-03-15,2:00:00,CUNDINAMARCA
31137,6319674,2026-03-15,1:00:00,ANTIOQUIA
31138,6319669,2026-03-15,0:30:00,CUNDINAMARCA
31140,6319679,2026-03-14,22:00:00,CUNDINAMARCA
31141,6319672,2026-03-14,23:00:00,ANTIOQUIA
31143,6319677,2026-03-15,0:00:00,ANTIOQUIA
31144,6319678,2026-03-14,23:00:00,CUNDINAMARCA
31145,6319681,2026-03-14,22:00:00,CUNDINAMARCA
31146,6319682,2026-03-14,23:30:00,CUNDINAMARCA
31151,6319689,2026-03-14,23:55:00,CUNDINAMARCA
31152,6319685,2026-03-15,0:30:00,CUNDINAMARCA
31155,6319696,2026-03-14,22:00:00,CUNDINAMARCA
31156,6319702,2026-03-14,22:00:00,ANTIOQUIA
31158,6319695,2026-03-14,22:00:00,ANTIOQUIA
31161,6319710,2026-03-14,21:50:00,CUNDINAMARCA
31162,6319697,2026-03-15,2:00:00,CUNDINAMARCA
31164,6319698,2026-03-23,0:30:00,ANTIOQUIA
31168,6319704,2026-03-15,0:30:00,ANTIOQUIA
31173,6319724,2026-03-15,0:30:00,CUNDINAMARCA
31175,6319717,2026-03-15,1:30:00,ANTIOQUIA
31178,6319728,2026-03-14,23:00:00,CUNDINAMARCA
31179,6319714,2026-03-14,23:00:00,CUNDINAMARCA
31180,6319731,2026-03-15,1:00:00,ANTIOQUIA
31182,6319718,2026-03-14,22:15:00,ANTIOQUIA
31183,6319732,2026-03-15,1:00:00,CUNDINAMARCA
31184,6319740,2026-03-15,2:05:00,ANTIOQUIA
31185,6319736,2026-03-15,1:00:00,ANTIOQUIA
31186,6319729,2026-03-15,1:30:00,CUNDINAMARCA
31187,6319741,2026-03-15,0:00:00,ANTIOQUIA
31188,6319742,2026-03-14,23:45:00,CUNDINAMARCA
31189,6319737,2026-03-14,22:30:00,CUNDINAMARCA
31191,6319739,2026-03-15,2:00:00,ANTIOQUIA
31192,6319743,2026-03-14,22:05:00,CUNDINAMARCA
31193,6319748,2026-03-15,2:30:00,ANTIOQUIA
31194,6319750,2026-03-15,1:00:00,ANTIOQUIA
31195,6319749,2026-03-14,22:15:00,ANTIOQUIA
31196,6319752,2026-03-15,1:35:00,ANTIOQUIA
31197,6319754,2026-03-15,3:30:00,ANTIOQUIA
31199,6319753,2026-03-15,0:45:00,CUNDINAMARCA
31201,6319758,2026-03-14,23:30:00,ANTIOQUIA
31203,6319760,2026-03-14,23:30:00,CUNDINAMARCA
31204,6319767,2026-03-15,0:05:00,ANTIOQUIA
31205,6319764,2026-03-14,22:30:00,CUNDINAMARCA
31206,6319768,2026-03-15,5:30:00,CUNDINAMARCA
31207,6319762,2026-03-15,3:00:00,CUNDINAMARCA
31208,6319770,2026-03-14,22:45:00,CUNDINAMARCA
31209,6319769,2026-03-15,0:00:00,ANTIOQUIA
31210,6319771,2026-03-14,23:30:00,CUNDINAMARCA
31211,6319773,2026-03-14,22:40:00,CUNDINAMARCA
31213,6319772,2026-03-15,0:15:00,CUNDINAMARCA
31214,6319782,2026-03-14,23:00:00,ANTIOQUIA
31215,6319780,2026-03-14,23:00:00,CUNDINAMARCA
31216,6319781,2026-03-14,22:45:00,CUNDINAMARCA
31217,6319784,2026-03-14,22:45:00,ANTIOQUIA
31222,6319786,2026-03-15,2:30:00,ANTIOQUIA
31226,6319792,2026-03-14,22:30:00,CUNDINAMARCA
31227,6319796,2026-03-15,2:00:00,CUNDINAMARCA
31228,6319798,2026-03-15,0:00:00,ANTIOQUIA
31229,6319799,2026-03-14,22:45:00,CUNDINAMARCA
31231,6319801,2026-03-15,2:30:00,ANTIOQUIA
31232,6319803,2026-03-14,23:05:00,CUNDINAMARCA
31235,6319805,2026-03-15,23:20:00,ANTIOQUIA
31236,3619810,2026-03-14,23:10:00,ANTIOQUIA
31241,6319815,2026-03-15,3:05:00,ANTIOQUIA
31242,6319820,2026-03-14,23:45:00,ANTIOQUIA
31243,6319821,2026-03-15,2:20:00,CUNDINAMARCA
31244,6319828,2026-03-15,3:00:00,ANTIOQUIA
31245,6319827,2026-03-15,2:30:00,CUNDINAMARCA
31247,6319826,2026-03-14,23:15:00,CUNDINAMARCA
31249,6319831,2026-03-15,1:00:00,CUNDINAMARCA
31252,6319824,2026-03-15,2:00:00,ANTIOQUIA
31253,6319840,2026-03-15,1:30:00,ANTIOQUIA
31258,6319843,2026-03-15,3:00:00,ANTIOQUIA
31261,6319854,2026-03-15,3:00:00,CUNDINAMARCA
31268,6319856,2026-03-15,2:20:00,ANTIOQUIA
31269,6319845,2026-03-15,0:00:00,CUNDINAMARCA
31270,6319861,2026-03-14,23:30:00,CUNDINAMARCA
31271,6319860,2026-03-15,3:00:00,ANTIOQUIA
31272,6319849,2026-03-15,0:00:00,CUNDINAMARCA
31273,6319864,2026-03-15,1:00:00,ANTIOQUIA
31275,6319866,2026-03-15,0:15:00,CUNDINAMARCA
31276,6319865,2026-03-15,3:00:00,CUNDINAMARCA
31277,6319868,2026-03-15,5:00:00,CUNDINAMARCA
31279,6319872,2026-03-15,0:00:00,CUNDINAMARCA
31281,6319873,2026-03-15,1:15:00,CUNDINAMARCA
31285,6319880,2026-03-15,0:15:00,ANTIOQUIA
31286,6319878,2026-03-15,1:30:00,CUNDINAMARCA
31287,6319881,2026-03-15,0:00:00,CUNDINAMARCA
31288,6319879,2026-03-14,23:55:00,CUNDINAMARCA
31289,6319876,2026-03-15,3:00:00,CUNDINAMARCA
31290,6319884,2026-03-15,0:30:00,ANTIOQUIA
31291,6319887,2026-03-15,0:00:00,ANTIOQUIA
31293,6319882,2026-03-15,2:00:00,CUNDINAMARCA
31298,6319891,2026-03-15,3:00:00,CUNDINAMARCA
31299,6319892,2026-03-15,1:45:00,ANTIOQUIA
31304,6319899,2026-03-15,0:00:00,ANTIOQUIA
31305,6319900,2026-03-15,1:00:00,ANTIOQUIA
31306,6319901,2026-03-15,0:20:00,ANTIOQUIA
31307,6319903,2026-03-15,3:00:00,CUNDINAMARCA
31309,6319904,2026-03-15,1:15:00,ANTIOQUIA
31311,6319908,2026-03-15,0:20:00,CUNDINAMARCA
31312,6319914,2026-03-15,1:00:00,CUNDINAMARCA
31313,6319911,2026-03-15,1:00:00,CUNDINAMARCA
31314,6319912,2026-03-15,2:15:00,ANTIOQUIA
31318,6319910,2026-03-15,1:30:00,CUNDINAMARCA
31319,6319920,2026-03-15,1:05:00,ANTIOQUIA
31320,6319913,2026-03-15,0:30:00,CUNDINAMARCA
31322,6319923,2026-03-15,1:30:00,ANTIOQUIA
31325,6319930,2026-03-15,1:30:00,CUNDINAMARCA
31327,6319825,2026-03-15,1:00:00,ANTIOQUIA
31328,6319931,2026-03-15,1:00:00,CUNDINAMARCA
31330,6319927,2026-03-15,1:30:00,CUNDINAMARCA
31331,6319934,2026-03-15,1:00:00,CUNDINAMARCA
31332,6319926,2026-03-15,1:00:00,CUNDINAMARCA
31333,6319936,2026-03-15,1:00:00,CUNDINAMARCA
31336,6319940,2026-03-15,1:30:00,ANTIOQUIA
31338,6319948,2026-03-15,2:00:00,CUNDINAMARCA
31339,6319938,2026-03-15,2:30:00,CUNDINAMARCA
31342,6319946,2026-03-15,1:15:00,CUNDINAMARCA
31343,6319953,2026-03-15,1:15:00,ANTIOQUIA
31344,6319949,2026-03-15,4:30:00,ANTIOQUIA
31345,6319955,2026-03-15,2:30:00,CUNDINAMARCA
31346,6319956,2026-03-15,2:30:00,CUNDINAMARCA
31347,6319952,2026-03-15,1:15:00,ANTIOQUIA
31348,6319958,2026-03-15,1:30:00,ANTIOQUIA
31349,6319954,2026-03-15,2:45:00,CUNDINAMARCA
31351,6319959,2026-03-15,1:30:00,CUNDINAMARCA
31352,6319956,2026-03-15,2:30:00,CUNDINAMARCA
31353,6319957,2026-03-15,1:30:00,CUNDINAMARCA
31354,6319964,2026-03-15,1:30:00,ANTIOQUIA
31355,6319962,2026-03-15,3:00:00,CUNDINAMARCA
31356,6319963,2026-03-15,14:30:00,ANTIOQUIA
31359,6319972,2026-03-15,2:30:00,CUNDINAMARCA
31362,6319976,2026-03-15,2:10:00,ANTIOQUIA
31366,6319978,2026-03-15,2:30:00,ANTIOQUIA
31367,6319983,2026-03-15,4:10:00,ANTIOQUIA
31368,6319984,2026-03-15,1:00:00,CUNDINAMARCA
31369,6319985,2026-03-15,2:30:00,CUNDINAMARCA
31374,6319987,2026-03-15,3:00:00,ANTIOQUIA
31375,6319991,2026-03-15,1:30:00,CUNDINAMARCA
31377,6319992,2026-03-15,2:30:00,CUNDINAMARCA
31379,6319996,2026-03-15,2:30:00,ANTIOQUIA
31380,6319999,2026-03-15,2:30:00,CUNDINAMARCA
31381,6319998,2026-03-15,2:00:00,CUNDINAMARCA
31383,6320000,2026-03-15,2:30:00,ANTIOQUIA
31384,6320002,2026-03-15,3:45:00,ANTIOQUIA
31385,6320001,2026-03-15,2:30:00,CUNDINAMARCA
31387,6320003,2026-03-15,3:00:00,CUNDINAMARCA
31388,6320007,2026-03-15,2:20:00,ANTIOQUIA
31389,6320006,2026-03-15,2:30:00,ANTIOQUIA
31391,6320010,2026-03-15,2:45:00,ANTIOQUIA
31392,6320011,2026-03-15,3:00:00,CUNDINAMARCA
31393,6320009,2026-03-15,3:00:00,CUNDINAMARCA
31395,6320013,2026-03-15,3:05:00,CUNDINAMARCA
31396,6320014,2026-03-15,3:30:00,CUNDINAMARCA
31402,6319956,2026-03-15,2:30:00,CUNDINAMARCA
31403,6320025,2026-03-15,3:00:00,ANTIOQUIA
31404,6320016,2026-03-15,4:00:00,ANTIOQUIA
31405,6320019,2026-03-15,3:00:00,CUNDINAMARCA
31408,6320029,2026-03-15,3:30:00,CUNDINAMARCA
31409,6320032,2026-03-15,3:30:00,ANTIOQUIA
31412,6320036,2026-03-15,4:00:00,ANTIOQUIA
31413,6320037,2026-03-15,3:30:00,CUNDINAMARCA
31414,6751962,2026-03-15,3:30:00,CUNDINAMARCA
31417,6320049,2026-03-15,3:50:00,CUNDINAMARCA
31419,6320050,2026-03-15,5:30:00,CUNDINAMARCA
31428,6320072,2026-03-15,5:30:00,ANTIOQUIA
31443,6320105,2026-03-16,10:45:00,CUNDINAMARCA
31445,6320107,2026-03-16,14:00:00,CUNDINAMARCA
31456,6320125,2026-03-15,12:50:00,ANTIOQUIA
31458,6320118,2026-03-15,13:00:00,ANTIOQUIA
31460,6320132,2026-03-15,12:45:00,CUNDINAMARCA
31478,6320170,2026-03-15,23:00:00,CUNDINAMARCA
31491,6320200,2026-03-15,16:30:00,ANTIOQUIA
31498,6320222,2026-03-15,19:00:00,CUNDINAMARCA
31513,6320251,2026-03-15,20:00:00,ANTIOQUIA
31524,6320271,2026-03-16,2:00:00,ANTIOQUIA
31525,6320278,2026-03-15,17:30:00,CUNDINAMARCA
31526,6320280,2026-03-15,19:00:00,ANTIOQUIA
31538,6320293,2026-03-15,23:00:00,ANTIOQUIA
31540,6320296,2026-03-15,20:30:00,CUNDINAMARCA
31543,6320310,2026-03-15,20:00:00,ANTIOQUIA
31550,6320334,2026-03-15,22:30:00,CUNDINAMARCA
31551,6320335,2026-03-15,18:50:00,CUNDINAMARCA
31552,6320332,2026-03-15,18:45:00,ANTIOQUIA
31557,6320327,2026-03-15,19:00:00,CUNDINAMARCA
31566,6320358,2026-03-16,0:00:00,ANTIOQUIA
31568,6320357,2026-03-15,20:15:00,ANTIOQUIA
31570,6320362,2026-03-15,19:30:00,CUNDINAMARCA
31575,6320377,2026-03-16,11:30:00,CUNDINAMARCA
31584,6320388,2026-03-16,5:00:00,CUNDINAMARCA
31595,6320415,2026-03-15,21:10:00,CUNDINAMARCA
31598,6320422,2026-03-15,21:30:00,CUNDINAMARCA
31600,6320413,2026-03-15,22:30:00,ANTIOQUIA
31602,6320414,2026-03-15,21:30:00,ANTIOQUIA
31605,6320430,2026-03-15,21:45:00,CUNDINAMARCA
31618,6320449,2026-03-15,22:15:00,CUNDINAMARCA
31621,6320453,2026-03-15,22:30:00,CUNDINAMARCA
31633,6320482,2026-03-15,22:40:00,CUNDINAMARCA
31634,6320471,2026-03-15,23:30:00,ANTIOQUIA
31637,6320485,2026-03-16,1:30:00,CUNDINAMARCA
31638,6320489,2026-03-16,1:00:00,ANTIOQUIA
31640,6320493,2026-03-15,22:45:00,ANTIOQUIA
31642,6320483,2026-03-16,6:00:00,CUNDINAMARCA
31645,6320490,2026-03-15,23:15:00,CUNDINAMARCA
31650,6320501,2026-03-15,23:10:00,CUNDINAMARCA
31656,6320514,2026-03-16,2:00:00,ANTIOQUIA
31671,6320535,2026-03-16,0:30:00,CUNDINAMARCA
31716,6320619,2026-03-16,3:30:00,ANTIOQUIA
31717,6320617,2026-03-16,3:30:00,CUNDINAMARCA
31819,6320802,2026-03-16,13:30:00,ANTIOQUIA
31849,6320863,2026-03-17,3:15:00,CUNDINAMARCA
31895,63210222,2026-03-16,19:00:00,ANTIOQUIA
31899,6321034,2026-03-16,15:45:00,ANTIOQUIA
31955,6321226,2026-03-16,15:00:00,ANTIOQUIA
32039,6321449,2026-03-16,19:00:00,CUNDINAMARCA
32093,6321587,2026-03-16,21:00:00,CUNDINAMARCA
32097,6321622,2026-03-16,21:00:00,CUNDINAMARCA
32114,6321674,2026-03-17,21:00:00,CUNDINAMARCA
32158,6321779,2026-03-20,16:30:00,CUNDINAMARCA
32168,6321807,2026-03-18,22:00:00,CUNDINAMARCA
32192,6321865,2026-03-17,3:00:00,CUNDINAMARCA
32195,6321869,2026-03-16,0:00:00,CUNDINAMARCA
32262,6322095,2026-03-17,13:30:00,ANTIOQUIA
32280,6322165,2026-03-17,22:00:00,CUNDINAMARCA
32285,6322179,2026-03-17,14:30:00,CUNDINAMARCA
32359,6322458,2026-03-17,19:00:00,CUNDINAMARCA
32409,6322597,2026-03-17,22:20:00,ANTIOQUIA
32415,6322614,2026-03-21,17:30:00,CUNDINAMARCA
32438,6322711,2026-03-17,20:00:00,ANTIOQUIA
32467,6322800,2026-03-17,22:00:00,CUNDINAMARCA
32487,6322863,2026-03-17,22:30:00,CUNDINAMARCA
32494,6322891,2026-03-17,22:00:00,CUNDINAMARCA
32504,6322917,2026-03-21,3:20:00,CUNDINAMARCA
32511,6322934,2026-03-17,22:45:00,ANTIOQUIA
32543,6323008,2026-03-18,8:30:00,CUNDINAMARCA
32544,6323009,2026-03-18,13:00:00,CUNDINAMARCA
32545,6323010,2026-03-18,10:15:00,CUNDINAMARCA
32565,6323055,2026-03-18,1:45:00,ANTIOQUIA
32583,6323112,2026-03-18,9:30:00,CUNDINAMARCA
32609,6323154,2026-03-18,4:00:00,ANTIOQUIA
32612,6323162,2026-03-19,22:00:00,ANTIOQUIA
32622,6323183,2026-03-18,14:00:00,ANTIOQUIA
32639,6323216,2026-03-19,8:20:00,CUNDINAMARCA
32651,6323245,2026-03-18,13:15:00,ANTIOQUIA
32654,6323260,2026-03-19,5:00:00,CUNDINAMARCA
32723,6323477,2026-03-19,19:00:00,ANTIOQUIA
32773,6323659,2026-03-18,17:00:00,ANTIOQUIA
32781,6323675,2026-03-19,7:00:00,CUNDINAMARCA
32784,6323685,2026-03-18,19:30:00,CUNDINAMARCA
32808,6323771,2026-03-18,18:45:00,ANTIOQUIA
32882,6324034,2026-03-21,23:35:00,CUNDINAMARCA
32885,6324044,2026-03-18,21:10:00,CUNDINAMARCA
32895,6324075,2026-03-18,21:30:00,CUNDINAMARCA
32909,6324093,2026-03-21,23:00:00,ANTIOQUIA
32921,6324127,2026-03-18,23:00:00,CUNDINAMARCA
32929,6324155,2026-03-18,22:50:00,ANTIOQUIA
32945,6324180,2026-03-19,7:30:00,ANTIOQUIA
32949,6324186,2026-03-19,9:30:00,ANTIOQUIA
32952,6324188,2026-03-19,15:30:00,CUNDINAMARCA
32954,6324202,2026-03-22,1:20:00,ANTIOQUIA
32996,6324283,2026-03-19,4:30:00,CUNDINAMARCA
33009,6324319,2026-03-19,20:30:00,CUNDINAMARCA
33029,6324352,2026-03-21,20:00:00,ANTIOQUIA
33067,6324447,2026-03-22,10:00:00,CUNDINAMARCA
33068,6324446,2026-03-21,3:00:00,ANTIOQUIA
33069,6324454,2026-03-22,18:00:00,CUNDINAMARCA
33075,6324462,2026-03-19,16:00:00,CUNDINAMARCA
33082,6324481,2026-03-19,21:30:00,CUNDINAMARCA
33130,6324620,2026-03-19,21:30:00,ANTIOQUIA
33140,6324615,2026-03-22,1:00:00,CUNDINAMARCA
33158,6324675,2026-03-20,0:30:00,CUNDINAMARCA
33159,6324678,2026-03-19,16:30:00,CUNDINAMARCA
33175,6324723,2026-03-19,22:00:00,CUNDINAMARCA
33180,6324721,2026-03-20,12:30:00,CUNDINAMARCA
33193,6324725,2026-03-19,23:59:00,CUNDINAMARCA
33217,6324817 /  6324819,2026-03-21,0:00:00,CUNDINAMARCA
33221,6324833,2026-03-20,8:00:00,CUNDINAMARCA
33222,6324821,2026-03-22,3:00:00,CUNDINAMARCA
33223,6324839,2026-03-20,8:00:00,CUNDINAMARCA
33236,6324883,2026-03-19,21:30:00,CUNDINAMARCA
33248,6324935,2026-03-19,21:30:00,CUNDINAMARCA
33261,6324957,2026-03-19,21:30:00,CUNDINAMARCA
33265,6324990,2026-03-19,21:30:00,CUNDINAMARCA
33285,6325030,2026-03-19,20:15:00,CUNDINAMARCA
33290,6325044,2026-03-19,23:30:00,CUNDINAMARCA
33303,6325089,2026-03-19,20:45:00,ANTIOQUIA
33315,6325097,2026-03-22,1:30:00,ANTIOQUIA
33316,6325099,2026-03-19,18:30:00,CUNDINAMARCA
33318,6325123,2026-03-19,21:00:00,CUNDINAMARCA
33320,6325101,2026-03-19,23:15:00,ANTIOQUIA
33329,6325151,2026-03-19,23:45:00,CUNDINAMARCA
33330,6325147,2026-03-22,1:15:00,CUNDINAMARCA
33350,6325190,2026-03-19,18:30:00,CUNDINAMARCA
33352,6325193,2026-03-19,22:00:00,ANTIOQUIA
33357,6325213,2026-03-19,22:00:00,ANTIOQUIA
33362,6325218,2026-03-19,23:00:00,CUNDINAMARCA
33373,6325255,2026-03-19,23:40:00,CUNDINAMARCA
33375,6325251,2026-03-20,14:30:00,CUNDINAMARCA
33379,6325259,2026-03-20,1:30:00,ANTIOQUIA
33383,6325268,2026-03-20,1:00:00,CUNDINAMARCA
33387,6325275,2026-03-19,23:55:00,CUNDINAMARCA
33392,6325274,2026-03-19,23:55:00,ANTIOQUIA
33401,6325298,2026-03-20,0:00:00,ANTIOQUIA
33403,6325321,2026-03-20,0:30:00,CUNDINAMARCA
33404,6325319,2026-03-20,0:00:00,CUNDINAMARCA
33420,6325355,2026-03-20,1:00:00,CUNDINAMARCA
33433,6325390,2026-03-22,23:00:00,CUNDINAMARCA
33438,6325388,2026-03-20,15:45:00,CUNDINAMARCA
33439,6325363,2026-03-20,1:00:00,ANTIOQUIA
33443,6325401,2026-03-20,5:00:00,CUNDINAMARCA
33444,6325404,2026-03-20,2:30:00,CUNDINAMARCA
33445,6325402,2026-03-20,3:00:00,CUNDINAMARCA
33447,6325407,2026-03-23,17:00:00,CUNDINAMARCA
33448,6325409,2026-03-20,2:30:00,CUNDINAMARCA
33452,6325268,2026-03-20,1:30:00,CUNDINAMARCA
33456,6325422,2026-03-20,4:00:00,ANTIOQUIA
33480,6325463,2026-03-20,23:30:00,CUNDINAMARCA
33541,6325599,2026-03-20,13:30:00,ANTIOQUIA
33587,6325705,2026-03-30,23:00:00,ANTIOQUIA
33597,6325739,2026-03-27,15:45:00,CUNDINAMARCA
33615,6325786,2026-03-21,1:00:00,ANTIOQUIA
33618,6325798,2026-03-20,18:00:00,CUNDINAMARCA
33668,6325929,2026-03-20,16:30:00,ANTIOQUIA
33677,6325952,2026-03-21,2:00:00,CUNDINAMARCA
33679,6325962,2026-03-21,10:00:00,CUNDINAMARCA
33689,6325989,2026-03-20,22:40:00,CUNDINAMARCA
33700,6326017,2026-03-20,23:30:00,ANTIOQUIA
33706,6326033,2026-03-20,19:00:00,CUNDINAMARCA
33712,6326037,2026-03-23,1:00:00,CUNDINAMARCA
33723,6326064,2026-03-20,22:30:00,ANTIOQUIA
33729,6326083,2026-03-21,1:00:00,ANTIOQUIA
33740,6326107,2026-03-20,20:30:00,CUNDINAMARCA
33742,6326123,2026-03-20,20:30:00,CUNDINAMARCA
33743,6326115,2026-03-20,19:00:00,ANTIOQUIA
33746,6326109,2026-03-20,19:00:00,ANTIOQUIA
33748,6326120,2026-03-20,19:00:00,CUNDINAMARCA
33750,6326128,2026-03-20,23:00:00,ANTIOQUIA
33755,6326139,2026-03-21,1:00:00,ANTIOQUIA
33760,6326198,2026-03-23,0:30:00,CUNDINAMARCA
33762,6326200,2026-03-20,21:00:00,CUNDINAMARCA
33763,6326202,2026-03-21,1:30:00,ANTIOQUIA
33766,6326222,2026-03-21,1:30:00,CUNDINAMARCA
33769,6326247,2026-03-21,1:00:00,ANTIOQUIA
33787,6326282,2026-03-21,2:00:00,CUNDINAMARCA
33789,6326291,2026-03-22,2:15:00,ANTIOQUIA
33794,632,2026-03-21,2:00:00,CUNDINAMARCA
33798,6326331,2026-03-21,2:15:00,ANTIOQUIA
33799,6326333,2026-03-21,16:00:00,CUNDINAMARCA
33800,6326335,2026-03-20,23:00:00,CUNDINAMARCA
33803,6326340,2026-03-22,3:00:00,CUNDINAMARCA
33804,6326347,2026-03-23,3:00:00,CUNDINAMARCA
33808,6326350,2026-03-22,0:00:00,CUNDINAMARCA
33809,6326352,2026-03-21,1:30:00,ANTIOQUIA
33813,6326357,2026-03-20,22:00:00,CUNDINAMARCA
33814,6326366,2026-03-20,21:00:00,ANTIOQUIA
33822,6326374,2026-03-20,21:45:00,CUNDINAMARCA
33826,6326391,2026-03-21,0:00:00,ANTIOQUIA
33828,6326393,2026-03-22,2:15:00,CUNDINAMARCA
33829,6326394,2026-03-22,1:45:00,ANTIOQUIA
33831,6326397,2026-03-20,21:45:00,CUNDINAMARCA
33832,6326386,2026-03-20,22:30:00,CUNDINAMARCA
33836,6326402,2026-03-20,22:30:00,ANTIOQUIA
33849,6326430,2026-03-21,1:45:00,CUNDINAMARCA
33854,6326437,2026-03-21,4:00:00,CUNDINAMARCA
33856,6326443,2026-03-21,1:30:00,CUNDINAMARCA
33863,6326451,2026-03-20,22:45:00,CUNDINAMARCA
33865,6326457,2026-03-20,23:45:00,ANTIOQUIA
33866,6326461,2026-03-20,23:00:00,ANTIOQUIA
33874,6326473,2026-03-21,0:00:00,CUNDINAMARCA
33875,6326474,2026-03-21,1:00:00,CUNDINAMARCA
33876,6326479,2026-03-20,23:30:00,ANTIOQUIA
33879,6326481,2026-03-21,3:00:00,ANTIOQUIA
33881,6326488,2026-03-21,4:00:00,CUNDINAMARCA
33882,6326501,2026-03-21,0:00:00,ANTIOQUIA
33888,6326515,2026-03-21,0:00:00,CUNDINAMARCA
33889,6326512,2026-03-21,2:00:00,ANTIOQUIA
33891,6326516,2026-03-21,1:10:00,ANTIOQUIA
33893,6326518,2026-03-20,23:45:00,ANTIOQUIA
33894,6326517,2026-03-20,23:30:00,CUNDINAMARCA
33896,6326519,2026-03-21,22:00:00,CUNDINAMARCA
33897,6326523,2026-03-21,2:00:00,CUNDINAMARCA
33898,6326524,2026-03-21,2:00:00,CUNDINAMARCA
33900,6326527,2026-03-21,3:30:00,CUNDINAMARCA
33905,6326539,2026-03-20,23:45:00,ANTIOQUIA
33907,6326547,2026-03-20,0:00:00,ANTIOQUIA
33908,6326549,2026-03-21,0:00:00,CUNDINAMARCA
33911,6326541,2026-03-20,23:55:00,CUNDINAMARCA
33912,6326543,2026-03-21,1:00:00,CUNDINAMARCA
33913,6326553,2026-03-20,23:30:00,ANTIOQUIA
33914,6326552,2026-03-20,23:45:00,CUNDINAMARCA
33917,6326554,2026-03-21,1:00:00,CUNDINAMARCA
33918,6326561,2026-03-21,1:00:00,ANTIOQUIA
33925,6326570,2026-03-21,0:00:00,ANTIOQUIA
33926,6326565,2026-03-21,1:00:00,CUNDINAMARCA
33927,6326569,2026-03-21,17:25:00,CUNDINAMARCA
33930,6326579,2026-03-21,1:00:00,CUNDINAMARCA
33932,6326581,2026-03-21,2:00:00,ANTIOQUIA
33934,6326582,2026-03-21,3:30:00,CUNDINAMARCA
33938,6326585,2026-03-21,1:00:00,ANTIOQUIA
33939,6326588,2026-03-21,2:00:00,CUNDINAMARCA
33940,6326589,2026-03-21,2:00:00,CUNDINAMARCA
33941,6329590,2026-03-21,1:30:00,CUNDINAMARCA
33942,6326594,2026-03-21,1:30:00,ANTIOQUIA
33943,6329591,2026-03-21,0:50:00,ANTIOQUIA
33945,6326593,2026-03-21,2:00:00,CUNDINAMARCA
33946,6326596,2026-03-21,1:50:00,CUNDINAMARCA
33948,6326595,2026-03-21,2:00:00,CUNDINAMARCA
33949,6326598,2026-03-22,2:30:00,ANTIOQUIA
33951,6326603,2026-03-22,1:00:00,CUNDINAMARCA
33952,6326601,2026-03-21,1:30:00,ANTIOQUIA
33954,6326604,2026-03-21,3:00:00,ANTIOQUIA
33956,6326608,2026-03-21,10:00:00,CUNDINAMARCA
33958,6326612,2026-03-21,2:00:00,ANTIOQUIA
33959,6326610,2026-03-21,2:00:00,CUNDINAMARCA
33960,6326613,2026-03-21,1:10:00,ANTIOQUIA
33964,6326618,2026-03-21,1:30:00,CUNDINAMARCA
33965,6326615,2026-03-21,1:45:00,ANTIOQUIA
33968,6326623,2026-03-21,3:00:00,CUNDINAMARCA
33969,6326626,2026-03-21,2:00:00,ANTIOQUIA
33970,6326629,2026-03-21,2:00:00,CUNDINAMARCA
33972,6326633,2026-03-21,1:45:00,ANTIOQUIA
33973,6326632,2026-03-21,3:30:00,CUNDINAMARCA
33974,6326638,2026-03-21,1:45:00,CUNDINAMARCA
33975,6326634,2026-03-21,12:45:00,CUNDINAMARCA
33978,6326639,2026-03-21,2:00:00,CUNDINAMARCA
33980,6326644,2026-03-21,9:00:00,CUNDINAMARCA
33983,6326651,2026-03-21,2:00:00,CUNDINAMARCA
33986,6326656,2026-03-20,2:30:00,CUNDINAMARCA
33988,6326665,2026-03-21,2:55:00,CUNDINAMARCA
33989,6326666,2026-03-21,3:30:00,ANTIOQUIA
33993,6326673,2026-03-21,3:05:00,ANTIOQUIA
33995,6326671,2026-03-21,3:15:00,CUNDINAMARCA
33998,6326678,2026-03-21,3:30:00,CUNDINAMARCA
33999,6326681,2026-03-21,11:15:00,CUNDINAMARCA
34000,6326685,2026-03-21,3:40:00,ANTIOQUIA
34001,6326686,2026-03-21,3:50:00,ANTIOQUIA
34006,6326691,2026-03-21,4:30:00,ANTIOQUIA
34010,https://apps.mypurecloud.com/directory/#/engage/admin/interactions/579de913-01a3-4e53-835e-498e91ade999,2026-03-21,3:00:00,ANTIOQUIA
34024,6326735,2026-03-22,0:40:00,CUNDINAMARCA
34039,6326762,2026-03-22,2:30:00,CUNDINAMARCA
34067,6326826,2026-03-22,3:00:00,CUNDINAMARCA
34081,6326853,2026-03-21,19:00:00,CUNDINAMARCA
34093,6326878,2026-03-22,2:00:00,ANTIOQUIA
34097,6326891,2026-03-21,15:30:00,CUNDINAMARCA
34100,632601,2026-03-21,18:00:00,ANTIOQUIA
34105,6326916,2026-03-22,2:00:00,ANTIOQUIA
34115,6326934,2026-03-22,0:30:00,ANTIOQUIA
34116,6326938,2026-03-22,2:30:00,CUNDINAMARCA
34132,6326968,2026-03-22,2:30:00,ANTIOQUIA
34137,6326973,2026-03-22,2:30:00,ANTIOQUIA
34146,6326995,2026-03-22,2:30:00,CUNDINAMARCA
34149,6327008,2026-03-22,0:30:00,ANTIOQUIA
34161,6327035,2026-03-22,1:30:00,CUNDINAMARCA
34174,6327062,2026-03-21,19:00:00,CUNDINAMARCA
34175,6327065,2026-03-22,2:00:00,CUNDINAMARCA
34180,6327069,2026-03-22,3:00:00,CUNDINAMARCA
34185,6327101,2026-03-22,2:00:00,ANTIOQUIA
34189,6327112,2026-03-21,22:10:00,CUNDINAMARCA
34199,6327122,2026-03-22,1:00:00,CUNDINAMARCA
34201,6327133,2026-03-21,23:50:00,ANTIOQUIA
34202,6327125,2026-03-22,2:15:00,CUNDINAMARCA
34203,6327123,2026-03-22,1:00:00,ANTIOQUIA
34207,6327130,2026-03-22,2:00:00,ANTIOQUIA
34209,6327142,2026-03-22,3:00:00,CUNDINAMARCA
34210,6327143,2026-03-21,22:30:00,CUNDINAMARCA
34223,6327166,2026-03-22,1:00:00,CUNDINAMARCA
34227,6327180,2026-03-21,20:00:00,ANTIOQUIA
34229,6327179,2026-03-21,20:00:00,ANTIOQUIA
34235,6327195,2026-03-21,18:00:00,ANTIOQUIA
34244,6327213,2026-03-21,21:30:00,CUNDINAMARCA
34248,6327223,2026-03-22,2:00:00,CUNDINAMARCA
34250,6327221,2026-03-21,19:00:00,CUNDINAMARCA
34251,6327218,2026-03-21,18:15:00,CUNDINAMARCA
34254,6327233,2026-03-22,1:00:00,ANTIOQUIA
34258,6327237,2026-03-22,2:00:00,ANTIOQUIA
34259,6327244,2026-03-21,23:55:00,CUNDINAMARCA
34261,6327251,2026-03-22,1:30:00,ANTIOQUIA
34263,6327260,2026-03-21,20:30:00,ANTIOQUIA
34270,6327254,2026-03-21,19:30:00,CUNDINAMARCA
34273,6327258,2026-03-22,2:00:00,CUNDINAMARCA
34275,6327267,2026-03-22,1:30:00,CUNDINAMARCA
34277,6327287,2026-03-21,19:15:00,ANTIOQUIA
34279,6327290,2026-03-21,20:30:00,ANTIOQUIA
34280,6327273,2026-03-21,23:00:00,CUNDINAMARCA
34281,6327282,2026-03-21,20:00:00,CUNDINAMARCA
34283,6327295,2026-03-22,0:15:00,ANTIOQUIA
34285,6327288,2026-03-21,23:00:00,ANTIOQUIA
34286,6327289,2026-03-21,19:30:00,ANTIOQUIA
34288,6327303,2026-03-22,1:55:00,CUNDINAMARCA
34291,6327291,2026-03-21,20:30:00,CUNDINAMARCA
34298,6327327,2026-03-21,20:00:00,CUNDINAMARCA
34299,6327334,2026-03-21,21:00:00,CUNDINAMARCA
34300,6327330,2026-03-21,20:30:00,CUNDINAMARCA
34301,6327328,2026-03-21,23:30:00,ANTIOQUIA
34305,6327346,2026-03-21,19:15:00,ANTIOQUIA
34307,6327350,2026-03-22,1:00:00,CUNDINAMARCA
34308,6327335,2026-03-21,20:30:00,CUNDINAMARCA
34309,6327348,2026-03-22,0:40:00,ANTIOQUIA
34318,6327359,2026-03-22,1:50:00,ANTIOQUIA
34319,6327356,2026-03-21,1:00:00,CUNDINAMARCA
34325,6327365,2026-03-21,23:00:00,CUNDINAMARCA
34327,6327375,2026-03-22,3:00:00,ANTIOQUIA
34332,6327369,2026-03-21,21:00:00,CUNDINAMARCA
34333,6327383,2026-03-23,1:00:00,CUNDINAMARCA
34334,6327381,2026-03-21,23:00:00,CUNDINAMARCA
34338,6327386,2026-03-22,1:10:00,CUNDINAMARCA
34339,6327391,2026-03-22,3:00:00,CUNDINAMARCA
34340,6327393,2026-03-22,2:15:00,ANTIOQUIA
34343,6327396,2026-03-21,23:05:00,CUNDINAMARCA
34347,6327403,2026-03-22,3:30:00,CUNDINAMARCA
34348,6327402,2026-03-21,21:30:00,CUNDINAMARCA
34352,6327410,2026-03-21,23:00:00,CUNDINAMARCA
34353,6327413,2026-03-22,0:00:00,ANTIOQUIA
34355,6327414,2026-03-22,1:00:00,CUNDINAMARCA
34361,6327421,2026-03-22,2:45:00,CUNDINAMARCA
34365,6327427,2026-03-22,3:00:00,CUNDINAMARCA
34370,6327435,2026-03-21,23:00:00,CUNDINAMARCA
34375,6327443,2026-03-22,2:05:00,CUNDINAMARCA
34379,6327450,2026-03-22,0:30:00,CUNDINAMARCA
34382,6327449,2026-03-22,0:00:00,ANTIOQUIA
34383,6327456,2026-03-22,2:15:00,ANTIOQUIA
34386,6327463,2026-03-22,0:30:00,ANTIOQUIA
34387,6327458,2026-03-22,1:30:00,CUNDINAMARCA
34389,6327461,2026-03-22,2:00:00,CUNDINAMARCA
34390,6327460,2026-03-21,22:30:00,CUNDINAMARCA
34391,6327462,2026-03-22,2:00:00,CUNDINAMARCA
34393,6327468,2026-03-22,0:00:00,ANTIOQUIA
34395,6327469,2026-03-22,22:35:00,ANTIOQUIA
34396,6327471,2026-03-21,23:15:00,ANTIOQUIA
34401,6327478,2026-03-21,23:00:00,CUNDINAMARCA
34404,6327483,2026-03-22,0:30:00,ANTIOQUIA
34406,6327479,2026-03-21,23:00:00,ANTIOQUIA
34407,6327487,2026-03-22,0:30:00,ANTIOQUIA
34410,6324615,2026-03-22,1:00:00,CUNDINAMARCA
34412,6327484,2026-03-22,1:00:00,ANTIOQUIA
34417,6327499,2026-03-22,3:00:00,CUNDINAMARCA
34418,6327506,2026-03-22,0:30:00,CUNDINAMARCA
34419,6327492,2026-03-22,0:00:00,CUNDINAMARCA
34422,6327503,2026-03-22,2:30:00,CUNDINAMARCA
34423,6327508,2026-03-21,23:55:00,ANTIOQUIA
34426,6327505,2026-03-22,3:00:00,CUNDINAMARCA
34427,6327511,2026-03-21,23:00:00,CUNDINAMARCA
34428,6327512,2026-03-21,23:05:00,CUNDINAMARCA
34430,6327515,2026-03-22,1:00:00,ANTIOQUIA
34431,6327519,2026-03-22,2:30:00,CUNDINAMARCA
34435,6327521,2026-03-22,1:00:00,ANTIOQUIA
34437,6327532,2026-03-22,0:25:00,ANTIOQUIA
34438,6327524,2026-03-21,23:30:00,CUNDINAMARCA
34439,6327528,2026-03-22,2:00:00,CUNDINAMARCA
34440,6327529,2026-03-21,23:45:00,CUNDINAMARCA
34441,6327530,2026-03-21,23:45:00,CUNDINAMARCA
34443,6327540,2026-03-21,23:55:00,ANTIOQUIA
34444,6327531,2026-03-22,1:30:00,CUNDINAMARCA
34445,6327534,2026-03-22,1:00:00,ANTIOQUIA
34446,6327541,2026-03-21,23:30:00,ANTIOQUIA
34448,6327539,2026-03-22,1:00:00,ANTIOQUIA
34449,6327179,2026-03-21,20:00:00,ANTIOQUIA
34451,6327544,2026-03-22,7:00:00,CUNDINAMARCA
34452,6327545,2026-03-22,10:00:00,CUNDINAMARCA
34455,6327550,2026-03-22,0:00:00,CUNDINAMARCA
34457,6327551,2026-03-22,1:00:00,CUNDINAMARCA
34459,6327552,2026-03-22,0:30:00,CUNDINAMARCA
34460,6327555,2026-03-22,0:00:00,CUNDINAMARCA
34463,6327560,2026-03-22,0:30:00,CUNDINAMARCA
34464,6327142,2026-03-22,3:00:00,CUNDINAMARCA
34465,6327562,2026-03-22,1:30:00,ANTIOQUIA
34466,6327557,2026-03-22,1:00:00,CUNDINAMARCA
34469,6327567,2026-03-22,1:30:00,ANTIOQUIA
34471,6327564,2026-03-22,0:00:00,ANTIOQUIA
34474,6327575,2026-03-22,1:40:00,CUNDINAMARCA
34476,6327579,2026-03-22,1:00:00,CUNDINAMARCA
34477,6327582,2026-03-22,3:00:00,CUNDINAMARCA
34478,6327581,2026-03-22,1:00:00,CUNDINAMARCA
34480,6327583,2026-03-22,0:30:00,ANTIOQUIA
34482,6327585,2026-03-22,12:30:00,ANTIOQUIA
34484,6327588,2026-03-22,0:15:00,CUNDINAMARCA
34486,6327590,2026-03-22,3:00:00,CUNDINAMARCA
34487,6327593,2026-03-21,23:50:00,CUNDINAMARCA
34490,6327596,2026-03-22,2:30:00,ANTIOQUIA
34491,6327595,2026-03-22,0:30:00,ANTIOQUIA
34493,6327599,2026-03-22,1:05:00,CUNDINAMARCA
34494,6327600,2026-03-22,1:00:00,ANTIOQUIA
34498,6327614,2026-03-22,2:00:00,ANTIOQUIA
34500,6327618,2026-03-22,4:00:00,ANTIOQUIA
34505,6327625,2026-03-22,1:15:00,ANTIOQUIA
34506,6327622,2026-03-22,3:00:00,ANTIOQUIA
34510,6327637,2026-03-22,2:30:00,ANTIOQUIA
34514,6327638,2026-03-22,1:45:00,CUNDINAMARCA
34516,62327641,2026-02-22,2:00:00,ANTIOQUIA
34517,6327642,2026-03-22,1:20:00,ANTIOQUIA
34518,6327628,2026-03-22,6:30:00,CUNDINAMARCA
34521,6327648,2026-03-22,1:30:00,ANTIOQUIA
34522,6327611,2026-03-22,2:30:00,CUNDINAMARCA
34523,6327643,2026-03-22,1:15:00,ANTIOQUIA
34525,6327613,2026-03-22,1:00:00,ANTIOQUIA
34526,6327630,2026-03-22,22:00:00,CUNDINAMARCA
34527,6327676,2026-03-22,2:05:00,ANTIOQUIA
34528,6327631,2026-03-22,3:00:00,CUNDINAMARCA
34530,6327650,2026-03-22,4:00:00,ANTIOQUIA
34531,6327649,2026-03-22,3:00:00,ANTIOQUIA
34537,6324202,2026-03-22,1:20:00,ANTIOQUIA
34538,6327660,2026-03-22,1:45:00,CUNDINAMARCA
34539,6327666,2026-03-22,4:00:00,ANTIOQUIA
34541,6327670,2026-03-22,2:00:00,CUNDINAMARCA
34542,6327668,2026-03-22,4:00:00,CUNDINAMARCA
34543,6327669,2026-03-22,2:30:00,CUNDINAMARCA
34544,6327674,2026-03-22,3:00:00,CUNDINAMARCA
34546,6327676,2026-03-22,2:30:00,ANTIOQUIA
34549,6327675,2026-03-22,2:00:00,ANTIOQUIA
34550,6327681,2026-03-22,2:30:00,ANTIOQUIA
34551,6327683,2026-03-22,3:20:00,CUNDINAMARCA
34555,6327685,2026-03-22,3:00:00,ANTIOQUIA
34557,6327686,2026-03-22,2:30:00,ANTIOQUIA
34558,6327687,2026-03-22,1:00:00,CUNDINAMARCA
34559,6327688,2026-03-22,2:00:00,CUNDINAMARCA
34561,6327691,2026-03-22,4:00:00,ANTIOQUIA
34566,6327698,2026-03-22,2:50:00,CUNDINAMARCA
34568,6327697,2026-03-22,3:30:00,CUNDINAMARCA
34569,6327701,2026-03-22,2:45:00,ANTIOQUIA
34571,6327703,2026-03-22,3:15:00,ANTIOQUIA
34574,6327687,2026-03-22,1:00:00,CUNDINAMARCA
34576,6327712,2026-03-22,2:00:00,ANTIOQUIA
34577,6327713,2026-03-22,6:00:00,ANTIOQUIA
34581,6327585,2026-03-22,1:00:00,ANTIOQUIA
34585,6327723,2026-03-22,4:20:00,CUNDINAMARCA
34588,6327727,2026-03-22,4:55:00,CUNDINAMARCA
34589,6326394,2026-03-22,1:45:00,ANTIOQUIA
34591,6327724,2026-03-22,6:00:00,ANTIOQUIA
34592,6327728,2026-03-22,5:00:00,CUNDINAMARCA
34593,6327728,2026-03-22,5:00:00,CUNDINAMARCA
34604,6327755,2026-03-22,10:30:00,ANTIOQUIA
34605,6327749,2026-03-22,14:30:00,CUNDINAMARCA
34632,6327804,2026-03-22,13:15:00,CUNDINAMARCA
34638,6327813,2026-03-23,2:30:00,CUNDINAMARCA
34640,6327817,2026-03-22,18:30:00,CUNDINAMARCA
34656,6327854,2026-03-22,15:10:00,CUNDINAMARCA
34657,6327850,2026-03-23,1:00:00,ANTIOQUIA
34672,6327882,2026-03-22,22:30:00,CUNDINAMARCA
34682,6327897,2026-03-23,2:30:00,CUNDINAMARCA
34685,6327902,2026-03-22,19:00:00,ANTIOQUIA
34689,6327910,2026-03-22,19:30:00,CUNDINAMARCA
34690,6327912,2026-03-23,2:30:00,ANTIOQUIA
34696,6327922,2026-03-22,17:30:00,ANTIOQUIA
34699,6327926,2026-03-22,20:55:00,ANTIOQUIA
34701,6327933,2026-03-23,2:30:00,CUNDINAMARCA
34709,66327949,2026-03-22,22:00:00,ANTIOQUIA
34710,6327951,2026-03-23,0:00:00,CUNDINAMARCA
34714,6327955,2026-03-23,2:00:00,CUNDINAMARCA
34721,6327965,2026-03-23,1:30:00,CUNDINAMARCA
34727,6327983,2026-03-23,2:00:00,CUNDINAMARCA
34735,6327985,2026-03-23,3:00:00,ANTIOQUIA
34736,6328001,2026-03-23,0:00:00,ANTIOQUIA
34738,6328002,2026-03-22,20:00:00,CUNDINAMARCA
34739,6328004,2026-03-22,19:00:00,CUNDINAMARCA
34741,6328006,2026-03-22,22:00:00,ANTIOQUIA
34743,6328011,2026-03-22,22:00:00,ANTIOQUIA
34745,6328018,2026-03-22,22:45:00,ANTIOQUIA
34749,6328026,2026-03-22,22:00:00,CUNDINAMARCA
34751,6328027,2026-03-22,20:30:00,CUNDINAMARCA
34753,6328029,2026-03-22,23:00:00,CUNDINAMARCA
34755,6328035,2026-03-22,21:30:00,ANTIOQUIA
34764,6328053,2026-03-23,0:30:00,ANTIOQUIA
34767,6328054,2026-03-22,21:00:00,ANTIOQUIA
34769,6328055,2026-03-22,20:30:00,CUNDINAMARCA
34776,6328070,2026-03-22,20:00:00,ANTIOQUIA
34778,6328065,2026-03-22,23:00:00,CUNDINAMARCA
34782,6328080,2026-03-23,1:00:00,CUNDINAMARCA
34783,6328084,2026-03-23,4:00:00,ANTIOQUIA
34787,6328086,2026-03-22,21:00:00,CUNDINAMARCA
34789,6328087,2026-03-22,21:00:00,CUNDINAMARCA
34790,6328094,2026-03-22,21:30:00,ANTIOQUIA
34791,6328095,2026-03-22,23:00:00,CUNDINAMARCA
34793,6328099,2026-03-22,22:30:00,ANTIOQUIA
34794,6328101,2026-03-23,1:00:00,CUNDINAMARCA
34797,6328090,2026-03-22,21:00:00,ANTIOQUIA
34798,6328096,2026-03-22,22:00:00,CUNDINAMARCA
34799,6328103,2026-03-22,23:00:00,CUNDINAMARCA
34802,6328112,2026-03-22,9:00:00,ANTIOQUIA
34803,6328086,2026-03-22,21:30:00,CUNDINAMARCA
34806,6328116,2026-03-23,2:30:00,CUNDINAMARCA
34807,6328117,2026-03-23,6:30:00,CUNDINAMARCA
34808,6328118,2026-03-22,21:30:00,CUNDINAMARCA
34809,6328110,2026-03-23,2:00:00,CUNDINAMARCA
34810,6328121,2026-03-23,9:00:00,CUNDINAMARCA
34811,6328119,2026-03-22,23:55:00,ANTIOQUIA
34812,6328122,2026-03-23,2:00:00,CUNDINAMARCA
34814,6328125,2026-03-23,0:45:00,CUNDINAMARCA
34818,6328130,2026-03-22,22:00:00,ANTIOQUIA
34820,6328136,2026-03-22,23:00:00,ANTIOQUIA
34823,6328140,2026-03-22,22:00:00,CUNDINAMARCA
34824,6328138,2026-03-22,22:00:00,ANTIOQUIA
34825,6328139,2026-03-22,23:00:00,ANTIOQUIA
34829,6328152,2026-03-22,22:05:00,CUNDINAMARCA
34831,6328156,2026-03-23,2:00:00,ANTIOQUIA
34833,6328155,2026-03-22,23:30:00,ANTIOQUIA
34834,6328153,2026-03-22,23:00:00,CUNDINAMARCA
34840,6328170,2026-03-23,2:05:00,ANTIOQUIA
34842,6328174,2026-03-22,23:00:00,ANTIOQUIA
34844,6328179,2026-03-22,23:00:00,CUNDINAMARCA
34846,6328181,2026-03-22,22:55:00,ANTIOQUIA
34848,6328184,2026-03-22,22:55:00,ANTIOQUIA
34849,6328185,2026-03-23,1:40:00,ANTIOQUIA
34850,6328188,2026-03-23,0:15:00,CUNDINAMARCA
34851,6328163,2026-03-22,22:30:00,ANTIOQUIA
34852,6328192,2026-03-23,1:00:00,CUNDINAMARCA
34853,6328187,2026-03-22,23:15:00,CUNDINAMARCA
34855,6328189,2026-03-23,4:15:00,ANTIOQUIA
34856,4328197,2026-03-23,1:15:00,CUNDINAMARCA
34857,6328190,2026-03-22,23:15:00,ANTIOQUIA
34864,6328202,2026-03-23,1:00:00,ANTIOQUIA
34867,6328209,2026-03-22,23:30:00,ANTIOQUIA
34868,6328195,2026-03-23,2:00:00,ANTIOQUIA
34870,6328214,2026-03-23,10:00:00,ANTIOQUIA
34873,6328217,2026-03-23,0:00:00,ANTIOQUIA
34875,6328221,2026-03-23,1:00:00,ANTIOQUIA
34876,6328223,2026-03-22,23:30:00,CUNDINAMARCA
34878,6328226,2026-03-22,23:30:00,ANTIOQUIA
34881,6328218,2026-03-23,4:00:00,ANTIOQUIA
34882,6328228,2026-03-22,23:35:00,ANTIOQUIA
34886,6328231,2026-03-23,2:20:00,ANTIOQUIA
34888,6328235,2026-03-23,2:30:00,CUNDINAMARCA
34891,6328234,2026-03-22,23:55:00,ANTIOQUIA
34893,6328185,2026-03-23,1:40:00,ANTIOQUIA
34894,6328240,2026-03-23,1:05:00,ANTIOQUIA
34896,6328245,2026-03-23,0:01:00,ANTIOQUIA
34897,6328249,2026-03-23,0:30:00,CUNDINAMARCA
34901,6328257,2026-03-23,1:00:00,CUNDINAMARCA
34905,6328261,2026-03-23,0:15:00,ANTIOQUIA
34906,6328264,2026-03-23,0:30:00,CUNDINAMARCA
34907,6328267,2026-03-23,0:30:00,CUNDINAMARCA
34910,6328266,2026-03-23,0:30:00,CUNDINAMARCA
34911,6328270,2026-03-23,3:00:00,CUNDINAMARCA
34912,6328271,2026-03-23,1:00:00,ANTIOQUIA
34913,6328272,2026-03-23,1:30:00,CUNDINAMARCA
34915,6328273,2026-03-23,2:00:00,CUNDINAMARCA
34917,6328277,2026-03-23,0:40:00,CUNDINAMARCA
34920,6328281,2026-03-23,1:00:00,ANTIOQUIA
34921,6328287,2026-03-23,1:00:00,ANTIOQUIA
34926,6328283,2026-03-23,1:30:00,CUNDINAMARCA
34927,6328291,2026-03-23,1:15:00,CUNDINAMARCA
34929,6328293,2026-03-23,1:00:00,ANTIOQUIA
34930,6328295,2026-03-23,1:30:00,ANTIOQUIA
34932,6328298,2026-03-23,1:30:00,ANTIOQUIA
34937,6328303,2026-03-23,1:45:00,CUNDINAMARCA
34939,6328311,2026-03-23,2:00:00,ANTIOQUIA
34940,6328312,2026-03-23,1:00:00,ANTIOQUIA
34944,6328319,2026-03-23,4:00:00,ANTIOQUIA
34948,6328323,2026-03-23,3:30:00,CUNDINAMARCA
34961,6328346,2026-03-23,3:30:00,ANTIOQUIA
34966,6328360,2026-03-23,3:30:00,ANTIOQUIA
34967,6328362,2026-03-23,3:00:00,CUNDINAMARCA
34968,6328363,2026-03-23,3:30:00,CUNDINAMARCA
34969,6328364,2026-03-23,4:50:00,ANTIOQUIA
34971,6328367,2026-03-23,4:30:00,CUNDINAMARCA
34972,6328358,2026-03-23,4:30:00,CUNDINAMARCA
34973,6328369,2026-03-23,6:00:00,CUNDINAMARCA
34974,6328371,2026-03-23,6:00:00,ANTIOQUIA
34996,63328417,2026-03-23,14:00:00,CUNDINAMARCA
35053,6328532,2026-03-23,16:30:00,ANTIOQUIA
35054,6328534,2026-03-24,2:00:00,ANTIOQUIA
35072,6328581,2026-03-23,20:00:00,CUNDINAMARCA
35090,6328626,2026-03-24,5:00:00,CUNDINAMARCA
35108,6328663,2026-03-23,18:10:00,CUNDINAMARCA
35122,6328687,2026-03-23,18:50:00,ANTIOQUIA
35128,6328701,2026-03-24,5:30:00,ANTIOQUIA
35143,6328739,2026-03-23,22:00:00,ANTIOQUIA
35161,6328775,2026-03-23,21:00:00,CUNDINAMARCA
35168,6328803,2026-03-23,21:00:00,CUNDINAMARCA
35171,6328828,2026-03-23,21:45:00,ANTIOQUIA
35172,6328834,2026-03-28,2:30:00,CUNDINAMARCA
35182,6328874,2026-03-23,22:00:00,ANTIOQUIA
35186,6328885,2026-03-23,22:30:00,CUNDINAMARCA
35198,6328899,2026-03-23,23:00:00,CUNDINAMARCA
35214,6328940,2026-03-29,1:00:00,ANTIOQUIA
35236,6328984,2026-03-24,8:00:00,ANTIOQUIA
35244,6328999,2026-03-24,17:00:00,ANTIOQUIA
35327,6329151,2026-03-24,12:10:00,CUNDINAMARCA
35452,6329502,2026-03-25,5:30:00,CUNDINAMARCA
35547,6329814,2026-03-26,22:00:00,CUNDINAMARCA
35556,6328999,2026-03-24,17:00:00,ANTIOQUIA
35580,6329913,2026-03-24,19:00:00,ANTIOQUIA
35611,6330014,2026-03-27,17:20:00,ANTIOQUIA
35612,6330006,2026-03-25,16:30:00,ANTIOQUIA
35617,6330044,2026-03-24,20:30:00,ANTIOQUIA
35618,6330053,2026-03-24,21:30:00,CUNDINAMARCA
35648,6330155,2026-03-28,10:00:00,CUNDINAMARCA
35688,6330260,2026-03-24,22:15:00,ANTIOQUIA
35707,6330298,2026-03-24,22:20:00,CUNDINAMARCA
35717,6330325,2026-03-24,22:45:00,CUNDINAMARCA
35750,6330336,2026-03-25,6:45:00,ANTIOQUIA
35769,6330421,2026-03-25,1:00:00,CUNDINAMARCA
35770,6330428,2026-03-25,1:16:00,CUNDINAMARCA
35779,6330447,2026-03-25,2:00:00,ANTIOQUIA
35785,6330464,2026-03-25,5:00:00,CUNDINAMARCA
35786,6330470,2026-03-29,0:45:00,CUNDINAMARCA
35791,6330484,2026-03-25,8:30:00,CUNDINAMARCA
35793,6330487,2026-03-25,12:15:00,CUNDINAMARCA
35825,6330526,2026-03-25,21:30:00,ANTIOQUIA
35827,6330539,2026-03-25,11:00:00,ANTIOQUIA
35832,6330539,2026-03-25,11:00:00,ANTIOQUIA
35862,6330642,2026-03-25,12:30:00,CUNDINAMARCA
35867,6330649,2026-03-25,13:15:00,ANTIOQUIA
35956,6330928,2026-03-25,21:30:00,ANTIOQUIA
36005,6331071,2026-03-25,17:30:00,CUNDINAMARCA
36089,6331322,2026-03-26,6:00:00,ANTIOQUIA
36091,6331329,2026-03-26,6:30:00,CUNDINAMARCA
36117,6331452,2026-03-25,20:30:00,CUNDINAMARCA
36131,6331492,2026-03-25,23:15:00,ANTIOQUIA
36151,6331551,2026-03-28,1:15:00,CUNDINAMARCA
36184,6331654,2026-03-25,23:00:00,CUNDINAMARCA
36203,6331701,2026-03-25,23:00:00,ANTIOQUIA
36206,6331715,2026-03-29,1:00:00,ANTIOQUIA
36233,6331761,2026-03-26,10:00:00,CUNDINAMARCA
36236,6331762,2026-03-26,1:50:00,CUNDINAMARCA
36239,6331764,2026-03-26,22:15:00,CUNDINAMARCA
36280,6331831,2026-04-03,9:00:00,ANTIOQUIA
36290,6331849,2026-03-26,11:00:00,CUNDINAMARCA
36322,6331943,2026-03-26,21:30:00,CUNDINAMARCA
36336,6331990,2026-03-26,21:00:00,CUNDINAMARCA
36394,6332224,2026-03-27,9:30:00,ANTIOQUIA
36395,6332234,2026-03-27,12:00:00,ANTIOQUIA
36427,6332315,2026-03-27,12:45:00,ANTIOQUIA
36435,6332330,2026-03-26,21:00:00,CUNDINAMARCA
36463,6332453,2026-03-26,19:15:00,CUNDINAMARCA
36465,6332460,2026-03-26,22:00:00,CUNDINAMARCA
36467,6332463,2026-03-26,21:35:00,CUNDINAMARCA
36470,6332481,2026-03-27,10:40:00,CUNDINAMARCA
36477,6332495,2026-03-27,16:00:00,CUNDINAMARCA
36490,6332540,2026-03-26,22:45:00,CUNDINAMARCA
36513,6332640,2026-03-27,16:00:00,CUNDINAMARCA
36521,6332648,2026-03-26,20:00:00,CUNDINAMARCA
36532,6332706,2026-03-29,1:15:00,CUNDINAMARCA
36534,6332696,2026-03-26,22:00:00,CUNDINAMARCA
36540,6332722,2026-03-28,22:30:00,ANTIOQUIA
36542,6332729,2026-03-27,10:15:00,CUNDINAMARCA
36543,6332726,2026-03-28,2:45:00,CUNDINAMARCA
36550,6332759,2026-03-26,23:00:00,CUNDINAMARCA
36582,6332859,2026-03-27,6:15:00,CUNDINAMARCA
36587,6332872,2026-03-26,22:00:00,ANTIOQUIA
36597,655573,2026-03-26,23:00:00,CUNDINAMARCA
36603,6332910,2026-03-26,22:20:00,CUNDINAMARCA
36608,6332918,2026-03-27,21:30:00,ANTIOQUIA
36609,6332924,2026-03-26,23:00:00,CUNDINAMARCA
36610,6332921,2026-03-26,22:35:00,CUNDINAMARCA
36612,6332920,2026-03-28,0:00:00,CUNDINAMARCA
36613,6332914,2026-03-26,23:45:00,ANTIOQUIA
36615,6332931,2026-03-26,23:00:00,CUNDINAMARCA
36619,6332935,2026-03-26,23:30:00,CUNDINAMARCA
36620,6332940,2026-03-26,23:00:00,CUNDINAMARCA
36624,6332953,2026-03-26,23:30:00,CUNDINAMARCA
36625,6332956,2026-03-26,23:45:00,ANTIOQUIA
36630,6332966,2026-03-26,23:35:00,CUNDINAMARCA
36632,6332970,2026-03-26,23:30:00,ANTIOQUIA
36644,6332990,2026-03-27,1:30:00,CUNDINAMARCA
36649,6332997,2026-03-27,0:15:00,ANTIOQUIA
36659,6333021,2026-03-27,1:00:00,ANTIOQUIA
36665,6333027,2026-03-27,1:00:00,CUNDINAMARCA
36669,6333044,2026-03-27,2:00:00,CUNDINAMARCA
36672,6333048,2026-03-27,1:00:00,CUNDINAMARCA
36677,6333063,2026-03-27,7:15:00,CUNDINAMARCA
36688,6333085,2026-03-27,2:20:00,CUNDINAMARCA
36697,6333095,2026-03-27,0:55:00,CUNDINAMARCA
36698,6333096,2026-03-27,1:10:00,CUNDINAMARCA
36703,6333105,2026-03-28,0:15:00,CUNDINAMARCA
36709,6333118,2026-03-27,6:00:00,CUNDINAMARCA
36784,6333300,2026-03-27,23:00:00,ANTIOQUIA
36795,6333325,2026-03-27,22:30:00,CUNDINAMARCA
36805,6332315,2026-03-27,12:45:00,ANTIOQUIA
36808,6333336,2026-03-27,16:30:00,CUNDINAMARCA
36821,6333410,2026-03-28,23:30:00,ANTIOQUIA
36824,6333396,2026-03-28,1:30:00,ANTIOQUIA
36832,6333436,2026-03-29,1:00:00,CUNDINAMARCA
36848,6333479,2026-03-27,12:00:00,CUNDINAMARCA
36850,6333478,2026-03-28,2:15:00,ANTIOQUIA
36874,6333542,2026-03-28,1:00:00,ANTIOQUIA
36886,6333551,2026-03-27,17:30:00,CUNDINAMARCA
36888,6333582,2026-03-28,2:30:00,ANTIOQUIA
36905,6333609,2026-03-27,21:00:00,ANTIOQUIA
36923,6333678,2026-03-28,1:00:00,ANTIOQUIA
36928,6333681,2026-03-27,21:00:00,CUNDINAMARCA
36943,6333710,2026-03-27,20:00:00,ANTIOQUIA
36951,6333729,2026-03-27,20:00:00,CUNDINAMARCA
36956,6333736,2026-03-28,0:00:00,ANTIOQUIA
36977,6333826,2026-03-28,2:30:00,ANTIOQUIA
36980,6333838,2026-03-27,23:00:00,CUNDINAMARCA
36983,6333843,2026-03-27,23:30:00,ANTIOQUIA
36989,6333872,2026-03-27,19:00:00,ANTIOQUIA
36998,6333902,2026-03-27,20:00:00,ANTIOQUIA
37006,6333904,2026-03-27,23:00:00,ANTIOQUIA
37020,6333969,2026-03-27,23:00:00,CUNDINAMARCA
37023,6333975,2026-03-28,3:45:00,CUNDINAMARCA
37024,6333984,2026-03-27,19:30:00,ANTIOQUIA
37031,6333997,2026-03-28,0:00:00,ANTIOQUIA
37035,6334013,2026-03-27,21:00:00,CUNDINAMARCA
37037,6334014,2026-03-28,0:30:00,ANTIOQUIA
37038,6334017,2026-03-28,2:45:00,ANTIOQUIA
37040,WAC,2026-03-27,18:00:00,CUNDINAMARCA
37047,6334028,2026-03-28,2:30:00,CUNDINAMARCA
37055,6334053,2026-03-28,2:00:00,CUNDINAMARCA
37057,6334055,2026-03-27,22:30:00,ANTIOQUIA
37058,6334062,2026-03-29,18:00:00,ANTIOQUIA
37060,6334063,2026-03-28,6:00:00,ANTIOQUIA
37065,6334083,2026-03-27,21:00:00,CUNDINAMARCA
37070,6334086,2026-03-28,23:45:00,CUNDINAMARCA
37078,6334102,2026-03-28,2:00:00,ANTIOQUIA
37081,6334111,2026-03-28,2:00:00,ANTIOQUIA
37082,6334112,2026-03-28,2:30:00,ANTIOQUIA
37096,6334139,2026-03-29,2:45:00,CUNDINAMARCA
37098,6334142,2026-03-27,21:45:00,CUNDINAMARCA
37105,6334155,2026-03-29,0:00:00,CUNDINAMARCA
37108,6334165,2026-03-29,2:50:00,CUNDINAMARCA
37109,6334160,2026-03-28,1:15:00,ANTIOQUIA
37114,6334171,2026-03-27,22:15:00,CUNDINAMARCA
37116,6334172,2026-03-28,3:15:00,CUNDINAMARCA
37122,6334185,2026-03-28,0:30:00,CUNDINAMARCA
37123,6334194,2026-03-29,1:30:00,CUNDINAMARCA
37126,6334198,2026-03-28,0:00:00,CUNDINAMARCA
37127,6334199,2026-03-27,22:30:00,CUNDINAMARCA
37135,6334213,2026-03-28,2:00:00,ANTIOQUIA
37137,6334216,2026-03-27,22:00:00,ANTIOQUIA
37139,6334220,2026-03-27,22:35:00,CUNDINAMARCA
37144,6334226,2026-03-27,22:35:00,ANTIOQUIA
37145,6334233,2026-03-27,22:40:00,CUNDINAMARCA
37146,6334230,2026-03-27,22:35:00,CUNDINAMARCA
37147,6334236,2026-03-27,23:00:00,CUNDINAMARCA
37148,6334237,2026-03-27,22:45:00,CUNDINAMARCA
37150,6334241,2026-03-28,0:30:00,ANTIOQUIA
37151,6334239,2026-03-28,1:00:00,CUNDINAMARCA
37153,6334247,2026-03-28,2:00:00,CUNDINAMARCA
37160,6334253,2026-03-28,0:00:00,CUNDINAMARCA
37165,6334259,2026-03-28,1:00:00,CUNDINAMARCA
37166,6334267,2026-03-28,0:10:00,CUNDINAMARCA
37168,6334272,2026-03-28,1:15:00,ANTIOQUIA
37170,6334273,2026-03-28,0:00:00,CUNDINAMARCA
37173,6334278,2026-03-28,1:00:00,CUNDINAMARCA
37174,6334279,2026-03-28,1:00:00,ANTIOQUIA
37179,6334293,2026-03-28,0:30:00,CUNDINAMARCA
37180,6334295,2026-03-28,3:00:00,CUNDINAMARCA
37183,6334305,2026-03-27,23:00:00,CUNDINAMARCA
37185,6334303,2026-03-27,23:35:00,CUNDINAMARCA
37186,6334307,2026-03-28,4:00:00,CUNDINAMARCA
37187,6334308,2026-03-28,0:30:00,CUNDINAMARCA
37188,6334260,2026-03-28,2:00:00,ANTIOQUIA
37189,6334309,2026-03-28,2:00:00,CUNDINAMARCA
37190,6334314,2026-03-28,1:00:00,ANTIOQUIA
37192,6334315,2026-03-28,0:30:00,ANTIOQUIA
37196,6334323,2026-03-28,2:30:00,ANTIOQUIA
37197,6334329,2026-03-29,0:30:00,CUNDINAMARCA
37198,6334327,2026-03-28,1:00:00,CUNDINAMARCA
37199,6334328,2026-03-28,1:30:00,CUNDINAMARCA
37201,6331551,2026-03-28,1:15:00,CUNDINAMARCA
37202,6334331,2026-03-28,2:00:00,CUNDINAMARCA
37203,6334335,2026-03-28,0:00:00,CUNDINAMARCA
37204,6334337,2026-03-28,0:00:00,ANTIOQUIA
37207,6334334,2026-03-28,2:00:00,CUNDINAMARCA
37212,6334348,2026-03-28,4:00:00,CUNDINAMARCA
37215,6334352,2026-03-28,9:30:00,CUNDINAMARCA
37220,6334362,2026-03-28,0:30:00,CUNDINAMARCA
37221,6334363,2026-03-28,0:45:00,CUNDINAMARCA
37222,6334364,2026-03-28,3:00:00,ANTIOQUIA
37230,6334361,2026-03-28,3:30:00,CUNDINAMARCA
37234,6334382,2026-03-28,1:00:00,ANTIOQUIA
37236,6334389,2026-03-28,1:00:00,ANTIOQUIA
37239,6334390,2026-03-28,2:30:00,ANTIOQUIA
37240,6334395,2026-03-28,2:05:00,CUNDINAMARCA
37241,6334399,2026-03-28,1:10:00,CUNDINAMARCA
37243,6334393,2026-03-28,1:45:00,ANTIOQUIA
37245,6334402,2026-03-28,1:40:00,CUNDINAMARCA
37246,6334400,2026-03-28,3:00:00,CUNDINAMARCA
37247,6334403,2026-03-30,1:00:00,ANTIOQUIA
37251,6334407,2026-03-28,2:00:00,CUNDINAMARCA
37252,6334411,2026-03-28,3:00:00,ANTIOQUIA
37256,6334417,2026-03-28,3:00:00,ANTIOQUIA
37257,6334416,2026-03-28,2:00:00,CUNDINAMARCA
37260,6334422,2026-03-28,2:15:00,ANTIOQUIA
37261,6334424,2026-03-28,2:15:00,CUNDINAMARCA
37262,6334425,2026-03-28,2:30:00,ANTIOQUIA
37263,6334426,2026-03-28,2:30:00,ANTIOQUIA
37273,6334441,2026-03-29,2:00:00,CUNDINAMARCA
37274,6334442,2026-03-28,3:10:00,ANTIOQUIA
37275,6334443,2026-03-28,3:15:00,CUNDINAMARCA
37277,6334447,2026-03-28,3:00:00,ANTIOQUIA
37278,633446,2026-03-28,3:30:00,CUNDINAMARCA
37281,6334455,2026-03-28,4:00:00,ANTIOQUIA
37284,6334461,2026-03-28,4:50:00,ANTIOQUIA
37298,6334316,2026-03-28,8:00:00,ANTIOQUIA
37328,6334573,2026-03-29,3:20:00,CUNDINAMARCA
37332,6334576,2026-03-29,3:00:00,CUNDINAMARCA
37340,6334605,2026-03-28,22:30:00,CUNDINAMARCA
37342,6334607,2026-03-29,0:00:00,CUNDINAMARCA
37369,6334692,2026-03-29,0:30:00,CUNDINAMARCA
37377,6334720,2026-03-28,23:55:00,CUNDINAMARCA
37385,6334743,2026-03-28,22:30:00,CUNDINAMARCA
37396,6334770,2026-03-29,3:00:00,ANTIOQUIA
37407,6334808,2026-03-29,2:00:00,ANTIOQUIA
37408,6334800,2026-03-29,1:30:00,CUNDINAMARCA
37417,6334780,2026-03-29,2:00:00,CUNDINAMARCA
37424,6334826,2026-03-29,1:00:00,CUNDINAMARCA
37438,6334848,2026-03-28,16:00:00,CUNDINAMARCA
37442,6334868,2026-03-29,1:30:00,ANTIOQUIA
37455,6334889,2026-03-29,2:15:00,ANTIOQUIA
37459,6334902,2026-03-28,23:00:00,CUNDINAMARCA
37462,6334916,2026-03-28,23:00:00,ANTIOQUIA
37468,6334917,2026-03-29,1:30:00,CUNDINAMARCA
37470,6334938,2026-03-28,17:30:00,CUNDINAMARCA
37475,6334944,2026-03-28,21:00:00,CUNDINAMARCA
37477,6334942,2026-03-28,19:30:00,CUNDINAMARCA
37478,6334947,2026-03-29,4:00:00,ANTIOQUIA
37489,6334964,2026-03-28,20:30:00,CUNDINAMARCA
37496,6334975,2026-04-05,19:00:00,ANTIOQUIA
37498,6334977,2026-03-28,20:00:00,CUNDINAMARCA
37508,6334998,2026-03-28,21:00:00,CUNDINAMARCA
37509,6334948,2026-03-29,16:30:00,CUNDINAMARCA
37510,6335001,2026-03-29,1:45:00,CUNDINAMARCA
37511,6334993,2026-03-28,22:00:00,CUNDINAMARCA
37513,6334980,2026-03-29,2:00:00,ANTIOQUIA
37514,6335002,2026-03-29,2:25:00,CUNDINAMARCA
37516,6335015,2026-03-29,0:30:00,CUNDINAMARCA
37518,6335018,2026-03-28,20:00:00,CUNDINAMARCA
37527,6335031,2026-03-28,20:00:00,ANTIOQUIA
37528,6335032,2026-03-28,19:00:00,CUNDINAMARCA
37534,6335047,2026-03-28,22:30:00,ANTIOQUIA
37537,6335044,2026-03-28,18:55:00,CUNDINAMARCA
37539,6335055,2026-03-29,1:30:00,CUNDINAMARCA
37540,6335058,2026-03-28,23:00:00,ANTIOQUIA
37542,6335066,2026-03-28,23:00:00,CUNDINAMARCA
37543,6335061,2026-03-28,19:30:00,CUNDINAMARCA
37544,6335063,2026-03-29,2:30:00,ANTIOQUIA
37546,6335069,2026-03-29,2:30:00,ANTIOQUIA
37550,6335078,2026-03-28,19:30:00,CUNDINAMARCA
37557,6335087,2026-03-29,2:00:00,CUNDINAMARCA
37558,6335092,2026-03-29,1:30:00,ANTIOQUIA
37565,6335108,2026-03-29,1:00:00,CUNDINAMARCA
37570,6335115,2026-03-29,3:00:00,CUNDINAMARCA
37576,6335124,2026-03-29,1:00:00,ANTIOQUIA
37578,6335132,2026-03-28,22:00:00,CUNDINAMARCA
37579,6335128,2026-03-28,23:00:00,ANTIOQUIA
37582,6335135,2026-03-28,22:00:00,ANTIOQUIA
37583,6335139,2026-03-29,1:15:00,ANTIOQUIA
37584,6335138,2026-03-28,21:05:00,CUNDINAMARCA
37585,6335112,2026-03-28,20:30:00,CUNDINAMARCA
37587,6335148,2026-03-29,1:00:00,ANTIOQUIA
37588,6335144,2026-03-29,0:15:00,ANTIOQUIA
37590,6335147,2026-03-28,21:00:00,CUNDINAMARCA
37592,6335154,2026-03-29,1:00:00,CUNDINAMARCA
37594,6335156,2026-03-28,23:00:00,CUNDINAMARCA
37596,6335159,2026-03-28,20:55:00,CUNDINAMARCA
37597,6335162,2026-03-29,3:00:00,CUNDINAMARCA
37598,6335164,2026-03-29,3:00:00,CUNDINAMARCA
37599,6335168,2026-01-28,21:00:00,CUNDINAMARCA
37605,6335173,2026-03-29,2:00:00,ANTIOQUIA
37607,6335181,2026-03-29,1:00:00,ANTIOQUIA
37614,6335189,2026-03-28,11:00:00,ANTIOQUIA
37615,6335190,2026-03-29,1:30:00,CUNDINAMARCA
37616,6335195,2026-03-28,23:45:00,ANTIOQUIA
37622,6335208,2026-03-29,3:00:00,CUNDINAMARCA
37623,6335207,2026-03-28,21:35:00,CUNDINAMARCA
37625,6335215,2026-03-28,21:40:00,CUNDINAMARCA
37626,6335214,2026-03-29,1:00:00,CUNDINAMARCA
37627,6335221,2026-03-28,23:00:00,CUNDINAMARCA
37630,6335223,2026-03-28,22:35:00,CUNDINAMARCA
37633,6335224,2026-03-29,23:30:00,ANTIOQUIA
37635,6335231,2026-03-29,1:00:00,ANTIOQUIA
37636,6335233,2026-03-28,22:00:00,CUNDINAMARCA
37638,6335238,2026-03-29,1:00:00,CUNDINAMARCA
37639,6335237,2026-03-28,22:00:00,CUNDINAMARCA
37640,6335240,2026-03-28,23:00:00,CUNDINAMARCA
37642,6335242,2026-03-29,4:15:00,CUNDINAMARCA
37644,6335246,2026-03-29,1:30:00,CUNDINAMARCA
37645,6335251,2026-03-28,22:00:00,ANTIOQUIA
37646,6335253,2026-03-28,22:00:00,CUNDINAMARCA
37648,6335256,2026-03-29,0:30:00,CUNDINAMARCA
37649,6335250,2026-03-29,1:00:00,ANTIOQUIA
37651,6335262,2026-03-29,2:30:00,CUNDINAMARCA
37652,6335258,2026-03-29,1:00:00,CUNDINAMARCA
37654,6335261,2026-03-28,23:00:00,CUNDINAMARCA
37655,6335260,2026-03-29,2:45:00,ANTIOQUIA
37656,6335265,2026-03-29,4:00:00,CUNDINAMARCA
37659,6335269,2026-03-28,23:00:00,ANTIOQUIA
37660,6335271,2026-03-29,2:00:00,CUNDINAMARCA
37662,6335267,2026-03-28,20:00:00,CUNDINAMARCA
37666,6335278,2026-03-29,0:55:00,ANTIOQUIA
37667,6335266,2026-03-28,23:00:00,CUNDINAMARCA
37668,6335282,2026-03-29,2:30:00,ANTIOQUIA
37671,6335281,2026-03-28,21:00:00,CUNDINAMARCA
37673,6335288,2026-03-29,1:30:00,CUNDINAMARCA
37674,6335290,2026-03-29,2:00:00,CUNDINAMARCA
37677,6335293,2026-03-29,1:00:00,ANTIOQUIA
37680,6335297,2026-03-29,4:00:00,ANTIOQUIA
37681,6335294,2026-03-29,1:00:00,CUNDINAMARCA
37683,6335302,2026-03-28,22:50:00,CUNDINAMARCA
37684,6335299,2026-03-29,2:00:00,ANTIOQUIA
37686,6335305,2026-03-29,0:30:00,ANTIOQUIA
37688,6335306,2026-03-28,23:30:00,ANTIOQUIA
37689,6335301,2026-03-29,1:00:00,CUNDINAMARCA
37692,6335310,2026-03-29,1:00:00,ANTIOQUIA
37693,6335311,2026-03-29,0:30:00,CUNDINAMARCA
37695,6335312,2026-03-29,1:00:00,ANTIOQUIA
37698,6335314,2026-03-29,2:00:00,CUNDINAMARCA
37700,6335321,2026-03-29,1:30:00,ANTIOQUIA
37701,6335319,2026-03-29,0:30:00,ANTIOQUIA
37702,6335325,2026-03-29,0:35:00,CUNDINAMARCA
37704,6335324,2026-03-29,2:00:00,ANTIOQUIA
37706,6335323,2026-03-29,2:30:00,ANTIOQUIA
37708,6335335,2026-03-29,3:15:00,CUNDINAMARCA
37710,6335337,2026-03-28,23:40:00,CUNDINAMARCA
37711,6335338,2026-03-29,1:30:00,ANTIOQUIA
37714,6335341,2026-03-29,3:15:00,CUNDINAMARCA
37715,6335347,2026-03-28,23:30:00,ANTIOQUIA
37716,6335348,2026-03-28,23:45:00,CUNDINAMARCA
37722,6335350,2026-03-29,2:30:00,CUNDINAMARCA
37724,6335353,2026-03-29,1:30:00,CUNDINAMARCA
37726,6335352,2026-03-29,1:30:00,CUNDINAMARCA
37728,6335361,2026-03-29,1:55:00,ANTIOQUIA
37730,6335358,2026-03-29,2:00:00,CUNDINAMARCA
37731,6335358,2026-03-29,0:00:00,CUNDINAMARCA
37733,6335364,2026-03-29,1:30:00,CUNDINAMARCA
37734,6335368,2026-03-29,0:00:00,CUNDINAMARCA
37735,6335370,2026-03-29,2:00:00,ANTIOQUIA
37737,6335372,2026-03-29,1:05:00,CUNDINAMARCA
37738,6335359,2026-03-29,0:00:00,CUNDINAMARCA
37743,6335371,2026-03-29,1:00:00,CUNDINAMARCA
37745,6335382,2026-03-29,1:00:00,ANTIOQUIA
37746,6335358,2026-03-29,0:20:00,ANTIOQUIA
37748,6335389,2026-03-29,1:30:00,CUNDINAMARCA
37749,6335386,2026-03-29,0:00:00,CUNDINAMARCA
37750,6335377,2026-03-29,4:15:00,CUNDINAMARCA
37752,6335392,2026-03-29,0:50:00,ANTIOQUIA
37753,6335396,2026-03-29,0:30:00,ANTIOQUIA
37754,6335388,2026-03-29,4:00:00,ANTIOQUIA
37755,6335394,2026-03-29,1:00:00,CUNDINAMARCA
37762,6335407,2026-03-29,2:00:00,CUNDINAMARCA
37763,6335409,2026-03-29,1:00:00,CUNDINAMARCA
37764,6335410,2026-03-29,1:00:00,ANTIOQUIA
37765,6335411,2026-03-29,1:00:00,ANTIOQUIA
37766,6335404,2026-03-29,1:15:00,ANTIOQUIA
37767,6335412,2026-03-29,3:00:00,CUNDINAMARCA
37768,6335414,2026-03-29,4:00:00,CUNDINAMARCA
37770,6335413,2026-03-29,2:10:00,CUNDINAMARCA
37773,6335417,2026-03-29,8:05:00,ANTIOQUIA
37774,6335421,2026-03-29,1:30:00,ANTIOQUIA
37779,6335424,2026-03-29,0:55:00,CUNDINAMARCA
37780,6335428,2026-03-29,1:30:00,ANTIOQUIA
37781,6335432,2026-03-29,1:30:00,CUNDINAMARCA
37784,6335434,2026-03-29,1:30:00,CUNDINAMARCA
37788,6335431,2026-03-29,1:45:00,CUNDINAMARCA
37789,6335442,2026-03-29,1:30:00,ANTIOQUIA
37791,6335441,2026-03-29,3:30:00,ANTIOQUIA
37792,6335443,2026-03-29,2:00:00,CUNDINAMARCA
37793,6335435,2026-03-29,1:05:00,ANTIOQUIA
37794,6335445,2026-03-29,1:15:00,ANTIOQUIA
37795,6335446,2026-03-29,3:00:00,CUNDINAMARCA
37796,6335447,2026-03-29,1:45:00,ANTIOQUIA
37799,6335453,2026-03-29,1:45:00,CUNDINAMARCA
37802,6335459,2026-03-29,2:00:00,ANTIOQUIA
37805,6335458,2026-03-29,3:15:00,CUNDINAMARCA
37806,6335461,2026-03-29,2:00:00,ANTIOQUIA
37809,6335463,2026-03-29,3:00:00,ANTIOQUIA
37810,6335460,2026-03-29,1:35:00,CUNDINAMARCA
37814,6335469,2026-03-29,2:30:00,ANTIOQUIA
37816,6335472,2026-03-29,1:20:00,CUNDINAMARCA
37820,6335481,2026-03-29,2:30:00,CUNDINAMARCA
37822,6335475,2026-03-29,2:20:00,CUNDINAMARCA
37823,6335482,2026-03-29,2:05:00,CUNDINAMARCA
37824,6335487,2026-03-29,2:30:00,CUNDINAMARCA
37828,6335489,2026-03-29,3:00:00,CUNDINAMARCA
37829,6335484,2026-03-29,2:00:00,CUNDINAMARCA
37830,6335491,2026-03-29,3:00:00,CUNDINAMARCA
37834,6335493,2026-03-29,2:15:00,ANTIOQUIA
37835,6335495,2026-03-29,2:25:00,ANTIOQUIA
37836,6335497,2026-03-29,5:00:00,ANTIOQUIA
37837,6335499,2026-03-29,3:00:00,CUNDINAMARCA
37838,6335500,2026-03-29,3:00:00,CUNDINAMARCA
37839,6335258,2026-03-29,1:00:00,CUNDINAMARCA
37840,6335501,2026-03-29,3:30:00,CUNDINAMARCA
37842,6335503,2026-03-29,4:00:00,CUNDINAMARCA
37843,6335504,2026-03-29,3:00:00,ANTIOQUIA
37844,6335507,2026-03-29,2:45:00,CUNDINAMARCA
37848,6335512,2026-03-29,4:00:00,CUNDINAMARCA
37849,6335516,2026-03-29,3:00:00,ANTIOQUIA
37850,6335517,2026-03-29,3:00:00,CUNDINAMARCA
37851,6335518,2026-03-29,3:00:00,CUNDINAMARCA
37856,6335523,2026-03-29,3:30:00,ANTIOQUIA
37859,6335529,2026-03-29,4:30:00,CUNDINAMARCA
37861,6335533,2026-03-29,5:00:00,CUNDINAMARCA
37875,6335555,2026-03-29,11:00:00,CUNDINAMARCA
37876,6335417,2026-03-29,8:00:00,ANTIOQUIA
37885,6335576,2026-03-30,1:00:00,ANTIOQUIA
37909,6335627,2026-04-12,2:30:00,ANTIOQUIA
37915,6335643,2026-03-29,18:00:00,ANTIOQUIA
37921,6335650,2026-03-29,20:00:00,CUNDINAMARCA
37931,6335677,2026-03-29,20:00:00,ANTIOQUIA
37934,6335675,2026-03-29,20:00:00,CUNDINAMARCA
37939,6335677,2026-03-29,20:00:00,ANTIOQUIA
37943,6335696,2026-03-30,15:00:00,CUNDINAMARCA
37956,6335728,2026-03-29,16:15:00,CUNDINAMARCA
37970,6335753,2026-03-29,17:30:00,CUNDINAMARCA
37977,6335776,2026-03-29,19:40:00,CUNDINAMARCA
37982,6335781,2026-03-30,0:30:00,ANTIOQUIA
37985,6335788,2026-03-29,19:00:00,CUNDINAMARCA
37988,6335792,2026-03-29,19:00:00,CUNDINAMARCA
38002,6335825,2026-03-29,19:00:00,ANTIOQUIA
38005,6335814,2026-03-29,18:45:00,CUNDINAMARCA
38013,6335838,2026-03-29,19:00:00,CUNDINAMARCA
38024,6335857,2026-03-29,19:30:00,CUNDINAMARCA
38027,6335862,2026-03-29,20:00:00,CUNDINAMARCA
38029,6335862,2026-03-29,20:00:00,CUNDINAMARCA
38030,6335864,2026-03-29,20:00:00,CUNDINAMARCA
38037,6335878,2026-03-20,20:45:00,CUNDINAMARCA
38038,6335878,2026-03-29,20:45:00,CUNDINAMARCA
38040,6335883,2026-03-29,19:45:00,ANTIOQUIA
38043,6335889,2026-03-29,21:00:00,ANTIOQUIA
38044,6335886,2026-03-29,21:00:00,CUNDINAMARCA
38049,6335903,2026-03-29,21:20:00,CUNDINAMARCA
38050,6335905,2026-03-29,23:00:00,ANTIOQUIA
38057,6335918,2026-03-29,21:45:00,CUNDINAMARCA
38059,6335922,2026-03-29,22:00:00,CUNDINAMARCA
38061,6335924,2026-03-30,0:00:00,ANTIOQUIA
38074,6335951,2026-03-30,1:00:00,ANTIOQUIA
38079,6335964,2026-03-29,23:00:00,ANTIOQUIA
38091,6336002,2026-03-30,0:15:00,ANTIOQUIA
38139,6336106,2026-03-30,11:20:00,ANTIOQUIA
38278,6336469,2026-04-01,21:30:00,CUNDINAMARCA
38323,6336625,2026-03-30,16:00:00,CUNDINAMARCA
38377,6336836,2026-03-30,22:15:00,ANTIOQUIA
38406,6336919,2026-03-30,19:00:00,CUNDINAMARCA
38408,6336934,2026-03-30,16:00:00,ANTIOQUIA
38431,6336934,2026-03-30,4:00:00,ANTIOQUIA
38503,6337325,2026-03-30,21:30:00,CUNDINAMARCA
38520,6337371,2026-03-30,22:30:00,CUNDINAMARCA
38522,6337357,2026-03-31,9:30:00,CUNDINAMARCA
38538,6337427,2026-03-31,2:00:00,CUNDINAMARCA
38572,6337501,2026-03-31,1:00:00,ANTIOQUIA
38581,6337516,2026-03-31,3:00:00,ANTIOQUIA
38598,6337547,2026-04-01,18:00:00,ANTIOQUIA
38600,6337554,2026-04-01,13:00:00,ANTIOQUIA
38603,6337558,2026-03-31,3:15:00,CUNDINAMARCA
38800,6338209,2026-03-31,17:30:00,ANTIOQUIA
38813,6338266,2026-03-31,18:05:00,ANTIOQUIA
38899,6338548,2026-03-31,21:30:00,CUNDINAMARCA
38921,6338611,2026-04-01,7:40:00,CUNDINAMARCA
38930,6338637,2026-03-31,23:15:00,CUNDINAMARCA
38936,6338664,2026-03-31,23:30:00,CUNDINAMARCA
38937,6338667,2026-03-31,23:25:00,CUNDINAMARCA
38955,6338680,2026-04-01,0:00:00,ANTIOQUIA
38960,6338707,2026-04-01,1:00:00,CUNDINAMARCA
38968,6338726,2026-04-01,1:00:00,ANTIOQUIA
38970,6338733,2026-04-05,16:00:00,CUNDINAMARCA
38979,6338736,2026-04-01,2:00:00,CUNDINAMARCA
38992,6338775,2026-04-01,2:45:00,CUNDINAMARCA
39000,6338801,2026-04-01,8:40:00,CUNDINAMARCA
39050,6338933,2026-04-01,19:00:00,CUNDINAMARCA
39121,6339162,2026-04-01,16:30:00,CUNDINAMARCA
39133,6339226,2026-04-02,8:20:00,ANTIOQUIA
39149,6339265,2026-04-02,12:30:00,CUNDINAMARCA
39185,6339340,2026-04-01,19:00:00,CUNDINAMARCA
39196,6339365,2026-04-01,17:55:00,ANTIOQUIA
39228,6339485,2026-04-02,0:30:00,CUNDINAMARCA
39248,6339552,2026-04-09,12:30:00,CUNDINAMARCA
39250,6339559,2026-04-09,15:30:00,CUNDINAMARCA
39251,6339554,2026-04-01,20:00:00,CUNDINAMARCA
39253,6339573,2026-04-01,20:10:00,ANTIOQUIA
39268,6339608,2026-04-01,20:40:00,ANTIOQUIA
39273,6339616,2026-04-02,1:00:00,ANTIOQUIA
39274,6339265,2026-04-02,0:30:00,CUNDINAMARCA
39278,6339641,2026-04-01,23:00:00,CUNDINAMARCA
39291,6339675,2026-04-01,23:00:00,ANTIOQUIA
39293,6339679,2026-04-01,21:45:00,ANTIOQUIA
39294,6339684,2026-04-01,22:10:00,ANTIOQUIA
39298,6339680,2026-04-07,10:30:00,ANTIOQUIA
39301,6339687,2026-04-01,23:50:00,CUNDINAMARCA
39313,6339707,2026-04-02,2:30:00,CUNDINAMARCA
39316,6339716,2026-04-02,1:05:00,ANTIOQUIA
39317,6339709,2026-04-02,0:15:00,ANTIOQUIA
39321,6339733,2026-04-01,23:55:00,CUNDINAMARCA
39327,6339746,2026-04-01,23:30:00,CUNDINAMARCA
39330,6339751,2026-04-01,23:30:00,CUNDINAMARCA
39334,6339755,2026-04-02,3:40:00,ANTIOQUIA
39335,6339754,2026-04-02,0:00:00,CUNDINAMARCA
39337,6339763,2026-04-01,23:55:00,ANTIOQUIA
39339,6339768,2026-04-02,1:00:00,CUNDINAMARCA
39341,6339771,2026-04-02,2:00:00,CUNDINAMARCA
39347,6339778,2026-04-02,2:00:00,ANTIOQUIA
39353,6339787,2026-04-02,2:10:00,CUNDINAMARCA
39354,6339788,2026-04-02,0:10:00,CUNDINAMARCA
39359,6339798,2026-04-02,0:20:00,CUNDINAMARCA
39369,6339820,2026-04-02,4:30:00,ANTIOQUIA
39371,6339823,2026-04-02,1:10:00,CUNDINAMARCA
39372,6339825,2026-04-02,1:20:00,CUNDINAMARCA
39375,6339828,2026-04-02,3:00:00,ANTIOQUIA
39378,6339839,2026-04-02,2:30:00,ANTIOQUIA
39380,6339842,2026-04-02,2:30:00,ANTIOQUIA
39384,6339851,2026-04-02,2:40:00,ANTIOQUIA
39386,6339855,2026-04-02,2:30:00,CUNDINAMARCA
39388,6339857,2026-04-02,3:00:00,CUNDINAMARCA
39389,6339859,2026-04-02,2:45:00,ANTIOQUIA
39394,6339867,2026-04-02,3:10:00,ANTIOQUIA
39396,6339869,2026-04-02,9:00:00,ANTIOQUIA
39401,6339877,2026-04-02,4:15:00,ANTIOQUIA
39402,6339878,2026-04-02,4:00:00,CUNDINAMARCA
39409,6339895,2026-04-02,9:00:00,CUNDINAMARCA
39444,6339982,2026-04-05,10:00:00,CUNDINAMARCA
39480,6340075,2026-04-02,16:30:00,ANTIOQUIA
39483,6340081,2026-04-02,23:00:00,ANTIOQUIA
39484,6340083,2026-04-02,16:30:00,CUNDINAMARCA
39496,6340095,2026-04-03,1:00:00,CUNDINAMARCA
39497,6340105,2026-04-03,4:15:00,ANTIOQUIA
39501,6340122,2026-04-02,22:30:00,CUNDINAMARCA
39511,6340140,2026-04-05,2:45:00,CUNDINAMARCA
39518,6340159,2026-04-02,21:00:00,CUNDINAMARCA
39525,6340171,2026-04-02,20:00:00,CUNDINAMARCA
39534,6340191,2026-04-02,21:00:00,CUNDINAMARCA
39537,6340192,2026-04-02,21:00:00,CUNDINAMARCA
39538,6340193,2026-04-03,0:00:00,CUNDINAMARCA
39542,6340202,2026-04-02,20:45:00,CUNDINAMARCA
39559,6340234,2026-04-03,1:30:00,CUNDINAMARCA
39562,6340240,2026-04-02,23:00:00,ANTIOQUIA
39567,6340256,2026-04-02,23:30:00,ANTIOQUIA
39568,6340255,2026-04-03,0:00:00,ANTIOQUIA
39569,6340257,2026-04-02,23:00:00,ANTIOQUIA
39572,6340267,2026-04-03,2:45:00,ANTIOQUIA
39574,6340258,2026-04-02,23:00:00,CUNDINAMARCA
39576,6340271,2026-04-02,23:00:00,ANTIOQUIA
39580,6340276,2026-04-02,23:30:00,ANTIOQUIA
39589,6340296,2026-04-03,2:00:00,CUNDINAMARCA
39634,6340382,2026-04-03,20:30:00,CUNDINAMARCA
39647,6340410,2026-04-03,13:30:00,CUNDINAMARCA
39664,6340450,2026-04-03,19:00:00,CUNDINAMARCA
39668,6340460,2026-04-03,19:00:00,ANTIOQUIA
39680,6340482,2026-04-05,4:30:00,CUNDINAMARCA
39688,6340506,2026-04-03,18:00:00,ANTIOQUIA
39705,6340531,2026-04-05,1:00:00,CUNDINAMARCA
39722,6340574,2026-04-03,20:00:00,CUNDINAMARCA
39723,6340576,2026-04-03,19:15:00,CUNDINAMARCA
39733,6340595,2026-04-03,21:00:00,ANTIOQUIA
39736,6340593,2026-04-04,2:00:00,CUNDINAMARCA
39740,6340610,2026-04-04,0:01:00,CUNDINAMARCA
39749,6340632,2026-04-03,21:00:00,ANTIOQUIA
39760,6340648,2026-04-03,20:30:00,CUNDINAMARCA
39762,6340650,2026-04-03,21:00:00,ANTIOQUIA
39768,6340664,2026-04-03,21:30:00,CUNDINAMARCA
39772,6340678,2026-04-03,22:00:00,CUNDINAMARCA
39773,6340682,2026-04-04,2:30:00,ANTIOQUIA
39776,6340681,2026-04-04,1:00:00,CUNDINAMARCA
39782,6340695,2026-04-03,23:00:00,CUNDINAMARCA
39783,6340697,2026-04-03,22:50:00,ANTIOQUIA
39787,6340704,2026-04-03,23:45:00,ANTIOQUIA
39789,6340708,2026-04-04,0:30:00,ANTIOQUIA
39794,6340716,2026-04-04,1:00:00,ANTIOQUIA
39801,6340729,2026-04-04,3:00:00,CUNDINAMARCA
39802,6340728,2026-04-04,3:00:00,ANTIOQUIA
39803,6340730,2026-04-04,1:00:00,CUNDINAMARCA
39804,6340734,2026-04-04,1:20:00,ANTIOQUIA
39810,6340741,2026-04-04,23:30:00,CUNDINAMARCA
39819,6340755,2026-04-04,3:15:00,ANTIOQUIA
39825,6340768,2026-04-04,4:00:00,ANTIOQUIA
39922,6340992,2026-04-05,11:30:00,ANTIOQUIA
39926,6340999,2026-04-05,1:00:00,CUNDINAMARCA
39957,6341069,2026-04-04,17:30:00,CUNDINAMARCA
39967,6341078,2026-04-04,18:00:00,CUNDINAMARCA
39973,6341099,2026-04-04,20:35:00,ANTIOQUIA
39988,6341136,2026-04-04,21:30:00,ANTIOQUIA
39991,6341130,2026-04-05,21:30:00,ANTIOQUIA
39998,6341154,2026-04-04,19:15:00,CUNDINAMARCA
40014,6341185,2026-04-04,22:00:00,CUNDINAMARCA
40018,6341198,2026-04-05,2:30:00,CUNDINAMARCA
40028,6341222,2026-04-04,23:15:00,CUNDINAMARCA
40033,6341235,2026-04-04,21:00:00,CUNDINAMARCA
40034,6341229,2026-04-05,0:00:00,CUNDINAMARCA
40035,6341228,2026-04-05,1:00:00,CUNDINAMARCA
40040,6340482,2026-04-05,4:30:00,CUNDINAMARCA
40047,6341260,2026-04-04,21:25:00,CUNDINAMARCA
40050,6341261,2026-04-04,22:00:00,ANTIOQUIA
40051,6341267,2026-04-05,1:00:00,CUNDINAMARCA
40055,6341268,2026-04-05,2:15:00,CUNDINAMARCA
40056,6341273,2026-04-05,2:15:00,CUNDINAMARCA
40057,6341277,2026-04-05,1:00:00,ANTIOQUIA
40061,6341284,2026-04-04,22:15:00,CUNDINAMARCA
40062,6341273,2026-04-05,2:15:00,CUNDINAMARCA
40064,6341288,2026-04-04,23:00:00,CUNDINAMARCA
40071,6341301,2026-04-05,9:30:00,ANTIOQUIA
40072,6341302,2026-04-04,23:00:00,ANTIOQUIA
40075,6341307,2026-04-05,0:00:00,ANTIOQUIA
40082,6341321,2026-04-04,23:00:00,ANTIOQUIA
40083,6341322,2026-04-04,23:15:00,CUNDINAMARCA
40090,6341333,2026-04-04,23:55:00,ANTIOQUIA
40093,6341331,2026-04-05,1:00:00,ANTIOQUIA
40094,6341335,2026-04-05,1:00:00,ANTIOQUIA
40098,6341348,2026-04-04,23:30:00,CUNDINAMARCA
40102,6341362,2026-04-04,23:55:00,ANTIOQUIA
40104,6341367,2026-04-04,23:30:00,ANTIOQUIA
40105,6341361,2026-04-04,23:45:00,CUNDINAMARCA
40107,6341353,2026-04-05,3:00:00,ANTIOQUIA
40108,6341373,2026-04-04,23:40:00,CUNDINAMARCA
40110,6341374,2026-04-05,0:00:00,CUNDINAMARCA
40113,6341359,2026-04-05,1:30:00,ANTIOQUIA
40115,6341382,2026-04-05,1:30:00,CUNDINAMARCA
40119,6341385,2026-04-05,1:00:00,ANTIOQUIA
40122,6341393,2026-04-05,0:00:00,CUNDINAMARCA
40123,6341395,2026-04-05,2:00:00,CUNDINAMARCA
40127,6341397,2026-04-05,2:45:00,CUNDINAMARCA
40133,6341412,2026-04-05,1:00:00,ANTIOQUIA
40136,6341414,2026-04-05,1:05:00,ANTIOQUIA
40137,6341422,2026-04-05,1:30:00,CUNDINAMARCA
40148,6341439,2026-04-05,1:00:00,CUNDINAMARCA
40154,6341442,2026-04-05,2:00:00,CUNDINAMARCA
40157,6341450,2026-04-05,2:00:00,CUNDINAMARCA
40169,6341467,2026-04-05,2:05:00,ANTIOQUIA
40174,6341478,2026-04-05,2:30:00,CUNDINAMARCA
40176,6341481,2026-04-05,2:30:00,CUNDINAMARCA
40180,6341492,2026-04-05,13:50:00,ANTIOQUIA
40181,6341491,2026-04-05,4:30:00,ANTIOQUIA
40184,6341442,2026-04-05,2:00:00,CUNDINAMARCA
40186,6341495,2026-04-05,3:30:00,CUNDINAMARCA
40187,6341497,2026-04-05,3:40:00,ANTIOQUIA
40190,6341501,2026-04-05,3:30:00,ANTIOQUIA
40195,6341511,2026-04-05,14:00:00,ANTIOQUIA
40198,6341516,2026-04-05,6:00:00,ANTIOQUIA
40219,6341590,2026-04-05,13:10:00,CUNDINAMARCA
40253,6341658,2026-04-05,17:00:00,CUNDINAMARCA
40260,6341674,2026-04-05,17:00:00,CUNDINAMARCA
40269,6341685,2026-04-05,17:00:00,CUNDINAMARCA
40279,6341710,2026-04-05,18:30:00,CUNDINAMARCA
40290,6341742,2026-04-06,4:15:00,CUNDINAMARCA
40303,6341767,2026-04-05,18:05:00,CUNDINAMARCA
40322,6341801,2026-04-06,1:00:00,CUNDINAMARCA
40327,6341805,2026-04-05,19:25:00,ANTIOQUIA
40330,6341809,2026-04-05,20:00:00,CUNDINAMARCA
40338,6341826,2026-04-05,19:55:00,CUNDINAMARCA
40345,6341840,2026-04-05,22:00:00,ANTIOQUIA
40368,6341886,2026-04-05,21:10:00,ANTIOQUIA
40385,6341921,2026-04-05,22:15:00,CUNDINAMARCA
40408,6341971,2026-04-05,23:00:00,ANTIOQUIA
40420,6342009,2026-04-06,6:00:00,CUNDINAMARCA
40506,6342262,2026-04-08,18:00:00,ANTIOQUIA
40554,6342411,2026-04-10,20:00:00,ANTIOQUIA
40634,6342596,2026-04-06,18:00:00,ANTIOQUIA
40665,6342679,2026-04-06,19:00:00,CUNDINAMARCA
40724,6342896,2026-04-06,20:00:00,CUNDINAMARCA
40750,6342679,2026-04-06,19:00:00,CUNDINAMARCA
40777,6343058,2026-04-06,19:30:00,ANTIOQUIA
40852,6343321,2026-04-07,7:30:00,CUNDINAMARCA
40883,6343387,2026-04-07,12:30:00,CUNDINAMARCA
40894,6343415,2026-04-06,22:00:00,CUNDINAMARCA
40926,6343475,2026-04-07,3:30:00,CUNDINAMARCA
40957,6343528,2026-04-07,15:00:00,CUNDINAMARCA
40992,6343591,2026-04-08,14:00:00,ANTIOQUIA
41018,6343664,2026-04-07,16:00:00,CUNDINAMARCA
41044,6343747,2026-04-07,20:30:00,CUNDINAMARCA
41046,6343744,2026-04-08,12:00:00,CUNDINAMARCA
41097,6343995,2026-04-11,23:30:00,ANTIOQUIA
41099,6343992,2026-04-07,18:00:00,ANTIOQUIA
41156,6344175,2026-04-07,14:00:00,ANTIOQUIA
41162,6344174,2026-04-07,17:15:00,CUNDINAMARCA
41189,6344309,2026-04-11,2:00:00,CUNDINAMARCA
41197,6344325,2026-04-07,23:00:00,CUNDINAMARCA
41199,6344324,2026-04-07,19:30:00,CUNDINAMARCA
41200,6344355,2026-04-11,23:00:00,CUNDINAMARCA
41290,6344612,2026-04-07,21:30:00,CUNDINAMARCA
41297,6344630,2026-04-07,21:00:00,CUNDINAMARCA
41312,6344665,2026-04-07,23:45:00,CUNDINAMARCA
41339,6344729,2026-04-08,14:30:00,CUNDINAMARCA
41340,6344735,2026-04-08,4:30:00,CUNDINAMARCA
41358,6344764,2026-04-08,4:40:00,CUNDINAMARCA
41359,6344765,2026-04-08,5:15:00,CUNDINAMARCA
41361,6344764,2026-04-08,4:40:00,CUNDINAMARCA
41365,6344774,2026-04-08,20:00:00,ANTIOQUIA
41377,6344788,2026-04-08,17:00:00,ANTIOQUIA
41400,6344846,2026-04-08,23:00:00,ANTIOQUIA
41476,6345076,2026-04-08,17:00:00,CUNDINAMARCA
41519,6345222,2026-04-08,19:00:00,CUNDINAMARCA
41573,6345397,2026-04-08,20:30:00,ANTIOQUIA
41637,6345666,2026-04-09,5:00:00,CUNDINAMARCA
41644,6345706,2026-04-12,0:30:00,CUNDINAMARCA
41646,6345695,2026-04-09,8:00:00,CUNDINAMARCA
41665,6345793,2026-04-09,19:00:00,CUNDINAMARCA
41667,6345802,2026-04-12,9:40:00,CUNDINAMARCA
41670,6345810,2026-04-12,13:00:00,CUNDINAMARCA
41683,6345820,2026-04-09,8:00:00,CUNDINAMARCA
41693,6345851,2026-04-09,0:00:00,ANTIOQUIA
41694,6345852,2026-04-08,22:00:00,CUNDINAMARCA
41697,6345859,2026-04-08,21:15:00,CUNDINAMARCA
41707,6345874,2026-04-08,22:00:00,CUNDINAMARCA
41711,6345846,2026-05-18,0:30:00,CUNDINAMARCA
41722,6345900,2026-04-08,22:30:00,CUNDINAMARCA
41724,6345906,2026-04-09,0:30:00,ANTIOQUIA
41734,6345931,2026-04-08,23:15:00,ANTIOQUIA
41739,6345936,2026-04-08,23:15:00,ANTIOQUIA
41744,6345945,2026-04-09,22:30:00,CUNDINAMARCA
41763,6345975,2026-04-08,23:30:00,CUNDINAMARCA
41773,6345994,2026-04-09,3:00:00,ANTIOQUIA
41778,6346002,2026-04-09,1:15:00,CUNDINAMARCA
41786,6346023,2026-04-09,14:30:00,CUNDINAMARCA
41791,6346029,2026-04-09,1:30:00,ANTIOQUIA
41794,6346035,2026-04-09,1:55:00,ANTIOQUIA
41796,6346030,2026-04-09,2:30:00,CUNDINAMARCA
41917,6346394,2026-04-10,9:00:00,ANTIOQUIA
41945,6346507,2026-04-10,1:00:00,CUNDINAMARCA
42008,6346711,2026-04-09,22:00:00,ANTIOQUIA
42035,6346799,2026-04-09,21:30:00,CUNDINAMARCA
42064,6346887,2026-04-09,22:00:00,CUNDINAMARCA
42068,6346902,2026-04-09,22:30:00,CUNDINAMARCA
42079,6346929,2026-04-10,0:30:00,CUNDINAMARCA
42084,6346941,2026-04-09,23:00:00,CUNDINAMARCA
42087,6346942,2026-04-10,0:00:00,CUNDINAMARCA
42102,6346983,2026-04-09,22:15:00,ANTIOQUIA
42105,6346981,2026-04-09,23:30:00,ANTIOQUIA
42113,6346997,2026-04-10,5:45:00,CUNDINAMARCA
42123,6347005,2026-04-09,22:45:00,CUNDINAMARCA
42124,6347026,2026-04-09,22:35:00,CUNDINAMARCA
42134,6347045,2026-04-13,22:35:00,ANTIOQUIA
42135,6347051,2026-04-09,23:15:00,CUNDINAMARCA
42138,6347053,2026-04-09,23:30:00,CUNDINAMARCA
42139,6347061,2026-04-09,23:25:00,CUNDINAMARCA
42142,6347060,2026-04-10,1:30:00,CUNDINAMARCA
42146,6347053,2026-04-09,23:30:00,CUNDINAMARCA
42159,6347093,2026-04-10,1:00:00,CUNDINAMARCA
42162,6347094,2026-04-10,1:00:00,CUNDINAMARCA
42202,6347185,2026-04-10,4:30:00,CUNDINAMARCA
42293,6347434,2026-04-10,21:30:00,CUNDINAMARCA
42295,6347441,2026-04-10,17:30:00,ANTIOQUIA
42303,6347461,2026-04-10,13:50:00,CUNDINAMARCA
42332,6347544,2026-04-11,0:30:00,CUNDINAMARCA
42336,6347546,2026-04-12,3:00:00,CUNDINAMARCA
42340,6347576,2026-04-10,15:20:00,ANTIOQUIA
42342,6347572,2026-04-12,0:30:00,CUNDINAMARCA
42346,6347583,2026-04-12,3:00:00,CUNDINAMARCA
42370,6347672,2026-04-11,0:00:00,ANTIOQUIA
42371,6347687,2026-04-10,20:30:00,CUNDINAMARCA
42400,6347777,2026-04-10,21:00:00,CUNDINAMARCA
42408,6347787,2026-04-11,1:00:00,CUNDINAMARCA
42415,6347815,2026-04-12,2:20:00,ANTIOQUIA
42419,6347825,2026-04-10,22:30:00,CUNDINAMARCA
42433,6347877,2026-04-10,23:30:00,CUNDINAMARCA
42438,6347892,2026-04-10,18:55:00,ANTIOQUIA
42462,6347981,2026-04-10,23:30:00,ANTIOQUIA
42465,6348007,2026-04-11,2:00:00,ANTIOQUIA
42466,6347998,2026-04-10,22:30:00,ANTIOQUIA
42487,6348070,2026-04-10,21:00:00,CUNDINAMARCA
42494,6348091,2026-04-10,21:15:00,CUNDINAMARCA
42503,6348113,2026-04-11,21:00:00,CUNDINAMARCA
42506,6348095,2026-04-10,21:15:00,CUNDINAMARCA
42507,6348104,2026-04-11,1:30:00,CUNDINAMARCA
42511,6348125,2026-04-11,10:00:00,CUNDINAMARCA
42516,6348131,2026-04-11,1:30:00,CUNDINAMARCA
42518,6348137,2026-04-10,23:00:00,CUNDINAMARCA
42519,6348141,2026-04-10,23:00:00,CUNDINAMARCA
42520,6348145,2026-04-10,23:00:00,CUNDINAMARCA
42521,6348146,2026-04-10,22:30:00,CUNDINAMARCA
42522,6348148,2026-04-10,23:55:00,ANTIOQUIA
42523,6348147,2026-04-10,23:00:00,CUNDINAMARCA
42524,6348151,2026-04-10,19:45:00,CUNDINAMARCA
42525,6348141,2026-04-10,23:00:00,CUNDINAMARCA
42526,6348152,2026-04-11,0:15:00,CUNDINAMARCA
42530,6348165,2026-04-10,21:30:00,CUNDINAMARCA
42532,6348158,2026-04-11,1:00:00,CUNDINAMARCA
42533,6348171,2026-04-11,3:00:00,CUNDINAMARCA
42537,6348162,2026-04-10,23:00:00,ANTIOQUIA
42539,6348178,2026-04-11,1:00:00,ANTIOQUIA
42542,6348185,2026-04-10,23:00:00,ANTIOQUIA
42543,6348181,2026-04-11,1:45:00,ANTIOQUIA
42544,6348188,2026-04-10,23:05:00,CUNDINAMARCA
42546,6348183,2026-04-11,2:00:00,ANTIOQUIA
42551,4774049,2026-04-10,23:00:00,CUNDINAMARCA
42553,6348203,2026-04-11,3:30:00,CUNDINAMARCA
42558,6348206,2026-04-11,0:30:00,ANTIOQUIA
42560,6348208,2026-04-11,0:00:00,ANTIOQUIA
42563,6348212,2026-04-11,0:00:00,ANTIOQUIA
42564,6348214,2026-04-11,1:30:00,ANTIOQUIA
42569,6348226,2026-04-11,2:00:00,CUNDINAMARCA
42571,6348231,2026-04-11,0:15:00,CUNDINAMARCA
42572,6348232,2026-04-10,23:05:00,ANTIOQUIA
42574,6348237,2026-04-11,0:00:00,CUNDINAMARCA
42576,6348244,2026-04-10,23:30:00,CUNDINAMARCA
42578,6348248,2026-04-11,1:30:00,ANTIOQUIA
42579,6348236,2026-04-10,23:20:00,CUNDINAMARCA
42580,6348249,2026-04-12,0:00:00,CUNDINAMARCA
42583,6348241,2026-04-10,23:30:00,ANTIOQUIA
42584,6348252,2026-04-10,23:30:00,CUNDINAMARCA
42586,6348254,2026-04-11,0:30:00,CUNDINAMARCA
42589,6348258,2026-04-11,1:00:00,ANTIOQUIA
42593,6348265,2026-04-11,1:30:00,ANTIOQUIA
42597,6348244,2026-04-10,23:30:00,CUNDINAMARCA
42606,6348287,2026-04-11,7:15:00,CUNDINAMARCA
42608,6348296,2026-04-11,1:30:00,ANTIOQUIA
42610,6348291,2026-04-11,0:30:00,CUNDINAMARCA
42611,6348301,2026-04-12,1:00:00,CUNDINAMARCA
42613,6348289,2026-04-11,1:00:00,ANTIOQUIA
42616,6348311,2026-04-11,1:00:00,CUNDINAMARCA
42617,6348293,2026-04-11,2:00:00,ANTIOQUIA
42623,6348315,2026-04-11,0:35:00,ANTIOQUIA
42627,6348324,2026-04-11,2:30:00,ANTIOQUIA
42628,6348327,2026-04-11,1:30:00,CUNDINAMARCA
42630,6348330,2026-04-11,1:00:00,CUNDINAMARCA
42631,6348328,2026-04-11,2:00:00,CUNDINAMARCA
42633,6348331,2026-04-11,1:00:00,CUNDINAMARCA
42635,6348338,2026-04-12,0:00:00,CUNDINAMARCA
42636,6348340,2026-04-11,0:50:00,ANTIOQUIA
42638,6348336,2026-04-11,1:00:00,ANTIOQUIA
42639,6348345,2026-04-11,1:30:00,CUNDINAMARCA
42641,6348346,2026-04-11,2:00:00,ANTIOQUIA
42643,6348339,2026-04-11,1:00:00,ANTIOQUIA
42644,6348342,2026-04-11,2:00:00,ANTIOQUIA
42645,6348344,2026-04-11,1:30:00,CUNDINAMARCA
42647,6348352,2026-04-11,1:30:00,CUNDINAMARCA
42650,6348360,2026-04-11,1:00:00,ANTIOQUIA
42654,6348365,2026-04-11,3:00:00,CUNDINAMARCA
42655,6348367,2026-04-11,2:00:00,ANTIOQUIA
42659,6348373,2026-04-11,4:05:00,ANTIOQUIA
42661,6348376,2026-04-11,1:05:00,ANTIOQUIA
42666,6348373,2026-04-11,4:05:00,ANTIOQUIA
42667,6348387,2026-04-11,2:45:00,CUNDINAMARCA
42672,6348397,2026-04-11,2:30:00,CUNDINAMARCA
42676,6348403,2026-04-11,5:00:00,CUNDINAMARCA
42678,6348406,2026-04-11,2:25:00,CUNDINAMARCA
42679,6348408,2026-04-11,2:00:00,CUNDINAMARCA
42681,6348409,2026-04-11,2:25:00,ANTIOQUIA
42683,6348417,2026-04-11,3:00:00,CUNDINAMARCA
42685,638422,2026-04-11,3:00:00,CUNDINAMARCA
42689,6348430,2026-04-11,4:30:00,CUNDINAMARCA
42693,6348432,2026-04-11,4:00:00,CUNDINAMARCA
42694,6348433,2026-04-11,10:30:00,ANTIOQUIA
42695,6348434,2026-04-11,3:40:00,ANTIOQUIA
42696,6348438,2026-04-11,4:00:00,ANTIOQUIA
42697,6348441,2026-04-11,3:45:00,ANTIOQUIA
42698,6348442,2026-04-11,13:00:00,CUNDINAMARCA
42699,6348437,2026-04-11,3:00:00,ANTIOQUIA
42700,6348439,2026-04-11,4:00:00,ANTIOQUIA
42703,6348446,2026-04-11,4:00:00,CUNDINAMARCA
42704,6348449,2026-04-11,4:15:00,ANTIOQUIA
42705,6348451,2026-04-11,4:00:00,ANTIOQUIA
42706,6348452,2026-04-11,4:30:00,CUNDINAMARCA
42707,6348453,2026-04-11,4:45:00,CUNDINAMARCA
42708,6348454,2026-04-11,11:00:00,CUNDINAMARCA
42710,6348457,2026-04-11,5:30:00,CUNDINAMARCA
42711,6348458,2026-04-12,2:00:00,CUNDINAMARCA
42717,6348449,2026-04-11,6:00:00,ANTIOQUIA
42750,6348545,2026-04-11,13:00:00,CUNDINAMARCA
42767,6348592,2026-04-11,23:55:00,CUNDINAMARCA
42768,6348595,2026-04-12,1:00:00,ANTIOQUIA
42775,6348610,2026-04-12,0:30:00,CUNDINAMARCA
42780,6348619,2026-04-11,14:00:00,CUNDINAMARCA
42795,6348654,2026-04-11,23:00:00,ANTIOQUIA
42806,6348676,2026-04-11,20:00:00,CUNDINAMARCA
42807,6348678,2026-04-12,1:00:00,CUNDINAMARCA
42818,6348706,2026-04-12,2:00:00,ANTIOQUIA
42829,6348729,2026-04-11,23:00:00,CUNDINAMARCA
42830,6348730,2026-04-12,2:00:00,ANTIOQUIA
42849,6348780,2026-04-12,0:00:00,ANTIOQUIA
42855,6348788,2026-04-11,23:00:00,CUNDINAMARCA
42858,6348790,2026-04-11,23:35:00,ANTIOQUIA
42859,6348793,2026-04-11,19:30:00,ANTIOQUIA
42864,6348798,2026-04-11,23:59:00,CUNDINAMARCA
42872,6348809,2026-04-12,0:00:00,CUNDINAMARCA
42874,6348811,2026-04-11,17:00:00,CUNDINAMARCA
42875,6348815,2026-04-11,18:00:00,CUNDINAMARCA
42878,6348810,2026-04-11,22:30:00,CUNDINAMARCA
42881,6348822,2026-04-12,0:00:00,ANTIOQUIA
42883,6348826,2026-04-11,23:30:00,CUNDINAMARCA
42885,6348824,2026-04-11,21:15:00,ANTIOQUIA
42887,6348831,2026-04-11,23:30:00,CUNDINAMARCA
42889,6348825,2026-04-12,1:15:00,ANTIOQUIA
42896,6348853,2026-04-11,19:00:00,CUNDINAMARCA
42898,6348843,2026-04-12,2:30:00,CUNDINAMARCA
42901,6348844,2026-04-12,3:00:00,ANTIOQUIA
42902,6348858,2026-04-11,23:40:00,ANTIOQUIA
42904,6348862,2026-04-11,23:55:00,CUNDINAMARCA
42906,6348863,2026-04-12,4:00:00,ANTIOQUIA
42907,6348865,2026-04-11,20:00:00,CUNDINAMARCA
42910,6348868,2026-04-11,18:30:00,ANTIOQUIA
42914,6348877,2026-04-11,22:00:00,CUNDINAMARCA
42919,6348884,2026-04-11,19:30:00,CUNDINAMARCA
42927,6348901,2026-04-12,2:10:00,ANTIOQUIA
42931,6348908,2026-04-11,21:00:00,CUNDINAMARCA
42938,6348927,2026-04-11,23:00:00,ANTIOQUIA
42940,6348928,2026-04-12,1:00:00,ANTIOQUIA
42941,6348930,2026-04-11,19:15:00,CUNDINAMARCA
42942,6348934,2026-04-12,2:00:00,CUNDINAMARCA
42943,6348937,2026-04-11,20:00:00,CUNDINAMARCA
42948,6348948,2026-04-12,1:20:00,CUNDINAMARCA
42951,6348953,2026-04-12,0:30:00,ANTIOQUIA
42952,6348945,2026-04-11,23:00:00,CUNDINAMARCA
42953,6348959,2026-04-12,1:00:00,CUNDINAMARCA
42954,6348941,2026-04-11,20:00:00,CUNDINAMARCA
42956,6348957,2026-04-11,21:00:00,CUNDINAMARCA
42957,6348961,2026-04-11,20:00:00,ANTIOQUIA
42958,6348950,2026-04-11,21:00:00,ANTIOQUIA
42963,6348958,2026-04-11,21:00:00,CUNDINAMARCA
42965,6348976,2026-04-11,23:00:00,CUNDINAMARCA
42966,6348966,2026-04-11,23:00:00,CUNDINAMARCA
42968,6348971,2026-04-11,22:00:00,CUNDINAMARCA
42969,6348979,2026-04-11,20:10:00,CUNDINAMARCA
42972,6348984,2026-04-11,23:00:00,ANTIOQUIA
42975,6348978,2026-04-12,0:00:00,CUNDINAMARCA
42978,6348986,2026-04-12,1:15:00,CUNDINAMARCA
42979,6348997,2026-04-12,1:00:00,ANTIOQUIA
42980,6348990,2026-04-12,2:00:00,CUNDINAMARCA
42982,6348998,2026-04-11,21:00:00,CUNDINAMARCA
42984,6349000,2026-04-11,21:00:00,CUNDINAMARCA
42986,6349012,2026-04-11,21:00:00,CUNDINAMARCA
42989,6349007,2026-04-11,20:30:00,CUNDINAMARCA
42990,6349017,2026-04-12,1:00:00,CUNDINAMARCA
42991,6349015,2026-04-12,0:00:00,CUNDINAMARCA
42993,6349028,2026-04-12,2:00:00,ANTIOQUIA
42998,6349033,2026-04-11,21:00:00,ANTIOQUIA
43000,6349046,2026-04-11,23:55:00,CUNDINAMARCA
43006,6349038,2026-04-11,23:45:00,ANTIOQUIA
43007,6349039,2026-04-12,3:00:00,ANTIOQUIA
43008,6349060,2026-04-12,1:35:00,ANTIOQUIA
43009,6349043,2026-04-11,21:30:00,CUNDINAMARCA
43011,6349068,2026-04-12,0:30:00,ANTIOQUIA
43014,6349058,2026-04-11,23:00:00,CUNDINAMARCA
43015,6349071,2026-04-12,0:00:00,ANTIOQUIA
43016,6349075,2026-04-11,23:30:00,ANTIOQUIA
43018,6349080,2026-04-11,21:30:00,ANTIOQUIA
43019,6349049,2026-04-12,6:30:00,ANTIOQUIA
43020,6349088,2026-04-11,23:30:00,CUNDINAMARCA
43027,6349057,2026-04-11,22:00:00,CUNDINAMARCA
43028,6349056,2026-04-11,23:45:00,ANTIOQUIA
43034,6349087,2026-04-11,22:00:00,ANTIOQUIA
43035,6349078,2026-04-11,23:30:00,ANTIOQUIA
43036,6349090,2026-04-12,1:00:00,ANTIOQUIA
43039,6349111,2026-04-11,21:45:00,CUNDINAMARCA
43040,6349115,2026-04-11,22:30:00,CUNDINAMARCA
43044,6349121,2026-04-12,0:00:00,ANTIOQUIA
43045,6349122,2026-04-11,22:10:00,ANTIOQUIA
43046,6349119,2026-04-11,23:30:00,ANTIOQUIA
43047,6349123,2026-04-11,22:10:00,CUNDINAMARCA
43051,6349129,2026-04-12,0:15:00,ANTIOQUIA
43052,6349131,2026-04-11,22:10:00,CUNDINAMARCA
43055,6349138,2026-04-12,1:45:00,CUNDINAMARCA
43056,6349132,2026-04-12,2:00:00,CUNDINAMARCA
43058,6349143,2026-04-12,0:45:00,ANTIOQUIA
43061,6349145,2026-04-12,2:00:00,ANTIOQUIA
43063,6349148,2026-04-11,22:25:00,CUNDINAMARCA
43064,6349134,2026-04-11,22:30:00,ANTIOQUIA
43065,6349141,2026-04-12,1:00:00,ANTIOQUIA
43066,6349150,2026-04-11,22:00:00,CUNDINAMARCA
43069,6349155,2026-04-11,23:00:00,ANTIOQUIA
43070,6349144,2026-04-12,2:00:00,CUNDINAMARCA
43071,6349160,2026-04-11,22:00:00,CUNDINAMARCA
43072,6349161,2026-04-12,3:15:00,ANTIOQUIA
43074,6349165,2026-04-12,2:45:00,ANTIOQUIA
43075,63499167,2026-04-12,2:00:00,ANTIOQUIA
43076,6349147,2026-04-12,0:30:00,ANTIOQUIA
43077,6349170,2026-04-12,1:30:00,CUNDINAMARCA
43080,6349174,2026-04-12,1:00:00,CUNDINAMARCA
43081,6349149,2026-04-12,1:00:00,CUNDINAMARCA
43082,6349145,2026-04-12,2:00:00,ANTIOQUIA
43083,6349176,2026-04-11,23:55:00,ANTIOQUIA
43084,6349162,2026-04-12,1:30:00,CUNDINAMARCA
43085,6349177,2026-04-12,1:00:00,CUNDINAMARCA
43087,6349178,2026-04-12,0:00:00,ANTIOQUIA
43088,78c9726b-2be5-4842-961b-e5c4901ad72a,2026-04-12,1:30:00,ANTIOQUIA
43089,6349182,2026-04-11,22:55:00,CUNDINAMARCA
43091,6349169,2026-04-12,2:00:00,CUNDINAMARCA
43092,6349168,2026-04-11,23:00:00,CUNDINAMARCA
43093,6349186,2026-04-11,23:30:00,ANTIOQUIA
43095,6349175,2026-04-11,23:00:00,CUNDINAMARCA
43096,6349179,2026-04-11,23:30:00,CUNDINAMARCA
43099,6349192,2026-04-11,23:35:00,CUNDINAMARCA
43100,6349201,2026-04-11,23:15:00,CUNDINAMARCA
43101,6349204,2026-04-12,2:00:00,CUNDINAMARCA
43103,6349210,2026-04-12,0:00:00,CUNDINAMARCA
43104,6349181,2026-04-11,23:15:00,CUNDINAMARCA
43106,6349205,2026-04-12,1:00:00,ANTIOQUIA
43108,6349218,2026-04-12,2:00:00,ANTIOQUIA
43111,6349183,2026-04-12,6:00:00,CUNDINAMARCA
43113,6349221,2026-04-11,23:35:00,CUNDINAMARCA
43115,6349195,2026-04-12,0:00:00,ANTIOQUIA
43116,6349191,2026-04-11,23:30:00,CUNDINAMARCA
43119,6349232,2026-04-11,23:25:00,CUNDINAMARCA
43120,6349238,2026-04-12,0:00:00,CUNDINAMARCA
43122,6349194,2026-04-11,23:30:00,ANTIOQUIA
43128,6349247,2026-04-12,0:30:00,ANTIOQUIA
43130,6349206,2026-04-12,1:00:00,CUNDINAMARCA
43134,6349228,2026-04-12,12:00:00,ANTIOQUIA
43135,6349256,2026-04-12,2:00:00,ANTIOQUIA
43136,6349259,2026-04-12,0:15:00,CUNDINAMARCA
43137,6349230,2026-04-12,0:00:00,CUNDINAMARCA
43139,6349255,2026-04-12,2:00:00,ANTIOQUIA
43141,6349261,2026-04-12,0:30:00,CUNDINAMARCA
43142,6349268,2026-04-12,0:00:00,CUNDINAMARCA
43143,6349260,2026-04-12,2:35:00,ANTIOQUIA
43146,6349266,2026-04-12,0:40:00,ANTIOQUIA
43147,6349267,2026-04-12,1:00:00,CUNDINAMARCA
43148,6349276,2026-04-12,0:15:00,ANTIOQUIA
43150,6349257,2026-04-12,0:15:00,CUNDINAMARCA
43151,6349271,2026-04-12,1:15:00,ANTIOQUIA
43153,6349277,2026-04-11,23:50:00,CUNDINAMARCA
43154,6349258,2026-04-12,2:00:00,CUNDINAMARCA
43156,6349272,2026-04-12,0:30:00,ANTIOQUIA
43157,6349279,2026-04-12,2:00:00,CUNDINAMARCA
43159,6349285,2026-04-12,1:00:00,ANTIOQUIA
43160,6349288,2026-04-12,0:40:00,ANTIOQUIA
43162,6349287,2026-04-12,2:30:00,CUNDINAMARCA
43163,6349273,2026-04-12,1:00:00,ANTIOQUIA
43165,6349280,2026-04-12,1:00:00,CUNDINAMARCA
43167,6349251,2026-04-12,1:00:00,CUNDINAMARCA
43168,6349294,2026-01-12,1:30:00,CUNDINAMARCA
43170,6349293,2026-04-12,0:05:00,ANTIOQUIA
43172,6349291,2026-04-12,3:00:00,ANTIOQUIA
43173,6349296,2026-04-12,4:00:00,ANTIOQUIA
43176,6349298,2026-04-12,2:00:00,ANTIOQUIA
43177,6349297,2026-04-12,2:00:00,CUNDINAMARCA
43178,6349300,2026-04-12,4:00:00,ANTIOQUIA
43179,6347815,2026-04-12,2:00:00,ANTIOQUIA
43180,6349302,2026-04-12,1:00:00,ANTIOQUIA
43181,6349306,2026-04-12,1:00:00,CUNDINAMARCA
43182,6349305,2026-04-12,1:05:00,ANTIOQUIA
43185,6349308,2026-04-12,0:55:00,ANTIOQUIA
43187,6349309,2026-04-12,1:00:00,CUNDINAMARCA
43188,6349318,2026-04-12,1:00:00,ANTIOQUIA
43189,6349314,2026-04-12,2:00:00,CUNDINAMARCA
43190,6349315,2026-04-12,1:45:00,ANTIOQUIA
43191,6349317,2026-04-12,0:45:00,CUNDINAMARCA
43192,6349316,2026-04-12,1:05:00,ANTIOQUIA
43193,6349312,2026-04-12,2:00:00,ANTIOQUIA
43194,6349321,2026-04-12,1:15:00,ANTIOQUIA
43199,6349325,2026-04-12,1:30:00,CUNDINAMARCA
43200,6349326,2026-04-12,2:30:00,CUNDINAMARCA
43201,6349335,2026-04-12,1:30:00,CUNDINAMARCA
43202,6349328,2026-04-12,3:00:00,CUNDINAMARCA
43203,6349334,2026-04-12,2:00:00,ANTIOQUIA
43204,6349337,2026-04-12,3:00:00,CUNDINAMARCA
43205,6349336,2026-04-12,2:30:00,CUNDINAMARCA
43206,6349329,2026-04-12,2:00:00,CUNDINAMARCA
43207,6349327,2026-04-12,2:00:00,ANTIOQUIA
43208,6349338,2026-04-12,1:00:00,CUNDINAMARCA
43209,6349337,2026-04-12,3:00:00,CUNDINAMARCA
43213,6349342,2026-04-12,1:00:00,ANTIOQUIA
43215,6349345,2026-04-12,3:05:00,CUNDINAMARCA
43222,6349359,2026-04-12,3:00:00,CUNDINAMARCA
43223,6349366,2026-04-12,2:00:00,ANTIOQUIA
43225,6349367,2026-04-12,1:45:00,CUNDINAMARCA
43226,6349370,2026-04-12,2:15:00,CUNDINAMARCA
43228,6349371,2026-04-12,2:10:00,CUNDINAMARCA
43230,6349374,2026-04-12,2:00:00,ANTIOQUIA
43231,6349375,2026-04-12,2:30:00,ANTIOQUIA
43233,6349379,2026-04-12,2:10:00,ANTIOQUIA
43234,6349385,2026-04-12,2:30:00,CUNDINAMARCA
43235,6349388,2026-04-12,2:00:00,CUNDINAMARCA
43236,6349381,2026-04-12,2:30:00,CUNDINAMARCA
43237,6349355,2026-04-12,2:00:00,CUNDINAMARCA
43238,6349384,2026-04-12,3:10:00,ANTIOQUIA
43239,6349389,2026-04-12,2:30:00,ANTIOQUIA
43242,6349386,2026-04-12,2:15:00,ANTIOQUIA
43245,6349392,2026-04-12,2:30:00,CUNDINAMARCA
43249,6349387,2026-04-12,3:30:00,CUNDINAMARCA
43250,6349396,2026-04-12,4:00:00,CUNDINAMARCA
43253,6349403,2026-04-12,5:00:00,CUNDINAMARCA
43255,6349404,2026-04-12,2:35:00,ANTIOQUIA
43258,6349410,2026-04-12,3:00:00,CUNDINAMARCA
43260,6349408,2026-04-12,2:40:00,ANTIOQUIA
43263,6349416,2026-04-12,2:45:00,CUNDINAMARCA
43266,634913,2026-04-12,3:00:00,CUNDINAMARCA
43267,6349419,2026-04-12,4:20:00,ANTIOQUIA
43268,6349415,2026-04-12,3:15:00,CUNDINAMARCA
43269,6349423,2026-04-12,3:15:00,ANTIOQUIA
43270,6349424,2026-04-12,4:00:00,ANTIOQUIA
43271,6349425,2026-04-12,3:30:00,CUNDINAMARCA
43272,6349427,2026-04-12,5:00:00,ANTIOQUIA
43273,6349426,2026-04-12,4:00:00,CUNDINAMARCA
43275,6349430,2026-04-12,3:45:00,ANTIOQUIA
43276,6349431,2026-04-12,3:45:00,ANTIOQUIA
43277,6349433,2026-04-12,4:00:00,CUNDINAMARCA
43278,6349435,2026-04-12,4:10:00,CUNDINAMARCA
43280,6349438,2026-04-12,6:00:00,CUNDINAMARCA
43284,6349444,2026-04-12,2:00:00,CUNDINAMARCA
43286,6349447,2026-04-12,4:40:00,CUNDINAMARCA
43291,6349453,2026-04-12,4:00:00,ANTIOQUIA
43293,634,2026-04-12,4:00:00,ANTIOQUIA
43294,6349462,2026-04-12,4:00:00,ANTIOQUIA
43299,6349476,2026-04-12,18:00:00,CUNDINAMARCA
43300,6349478,2026-04-12,9:30:00,ANTIOQUIA
43304,6349485,2026-04-12,13:00:00,CUNDINAMARCA
43311,6349497,2026-04-12,12:55:00,ANTIOQUIA
43317,6349511,2026-04-12,19:00:00,ANTIOQUIA
43318,6349509,2026-04-12,13:00:00,CUNDINAMARCA
43338,6349556,2026-04-13,6:45:00,CUNDINAMARCA
43346,6349577,2026-04-12,21:00:00,CUNDINAMARCA
43349,6349583,2026-04-19,2:00:00,ANTIOQUIA
43350,6349585,2026-04-12,17:30:00,CUNDINAMARCA
43367,6349616,2026-04-12,16:05:00,CUNDINAMARCA
43385,6349655,2026-04-12,19:00:00,CUNDINAMARCA
43388,6349556,2026-04-13,6:45:00,CUNDINAMARCA
43396,6349677,2026-04-12,18:45:00,CUNDINAMARCA
43406,6349704,2026-04-12,19:30:00,ANTIOQUIA
43408,6349706,2026-04-12,18:30:00,CUNDINAMARCA
43409,6349707,2026-04-13,7:00:00,ANTIOQUIA
43413,6349718,2026-04-13,10:00:00,CUNDINAMARCA
43423,6349736,2026-04-13,9:30:00,ANTIOQUIA
43451,6349790,2026-04-12,20:20:00,CUNDINAMARCA
43453,6349792,2026-04-12,23:15:00,ANTIOQUIA
43479,6349847,2026-04-12,22:00:00,CUNDINAMARCA
43497,6349706,2026-04-12,20:00:00,CUNDINAMARCA
43501,6349897,2026-04-13,0:00:00,CUNDINAMARCA
43513,6349931,2026-04-13,0:45:00,ANTIOQUIA
43533,6349966,2026-04-13,2:30:00,ANTIOQUIA
43542,6349992,2026-04-13,3:35:00,ANTIOQUIA
43695,6350370,2026-04-13,18:00:00,CUNDINAMARCA
43698,6350387,2026-04-18,2:30:00,CUNDINAMARCA
43783,6350683,2026-04-13,21:30:00,CUNDINAMARCA
43908,6351111,2026-04-14,20:55:00,CUNDINAMARCA
43940,6351190,2026-04-14,5:30:00,ANTIOQUIA
43956,6351233,2026-04-14,4:30:00,CUNDINAMARCA
43966,6351263,2026-04-14,7:45:00,CUNDINAMARCA
43970,6351276,2026-04-14,5:20:00,ANTIOQUIA
44051,6351498,2026-04-16,12:00:00,CUNDINAMARCA
44105,6351702,2026-04-15,8:30:00,CUNDINAMARCA
44168,6351936,2026-04-14,17:30:00,CUNDINAMARCA
44189,6351982,2026-04-15,8:00:00,CUNDINAMARCA
44190,6351990,2026-04-19,0:00:00,CUNDINAMARCA
44191,6351974,2026-04-14,20:45:00,CUNDINAMARCA
44199,6352024,2026-04-15,8:00:00,CUNDINAMARCA
44273,6352352,2026-04-14,21:00:00,CUNDINAMARCA
44278,6352369,2026-04-14,20:35:00,CUNDINAMARCA
44308,6352484,2026-04-14,21:45:00,ANTIOQUIA
44322,6352536,2026-04-15,12:30:00,CUNDINAMARCA
44360,6352619,2026-04-15,1:30:00,ANTIOQUIA
44365,6352634,2026-04-15,7:45:00,CUNDINAMARCA
44366,6352636,2026-04-19,1:00:00,CUNDINAMARCA
44369,6352643,2026-04-15,15:00:00,CUNDINAMARCA
44388,6352667,2026-04-15,5:15:00,ANTIOQUIA
44475,6352867,2026-04-20,9:00:00,ANTIOQUIA
44481,6352895,2026-04-15,22:15:00,CUNDINAMARCA
44482,6352893,2026-04-17,6:00:00,CUNDINAMARCA
44537,6353108,2026-04-15,16:30:00,CUNDINAMARCA
44561,6353176,2026-02-15,22:00:00,ANTIOQUIA
44565,6353194,2026-04-15,18:00:00,CUNDINAMARCA
44594,6353291,2026-04-15,21:00:00,CUNDINAMARCA
44595,6353293,2026-04-15,17:00:00,CUNDINAMARCA
44600,6353303,2026-04-16,1:00:00,CUNDINAMARCA
44634,6353408,2026-04-18,6:30:00,ANTIOQUIA
44636,6353418,2026-04-18,13:30:00,ANTIOQUIA
44639,6353425,2026-04-15,19:00:00,CUNDINAMARCA
44644,6353452,2026-04-15,18:30:00,CUNDINAMARCA
44662,6353534,2026-04-15,19:00:00,CUNDINAMARCA
44664,6353533,2026-04-16,17:40:00,CUNDINAMARCA
44684,6353625,2026-04-15,22:00:00,ANTIOQUIA
44692,6353643,2026-04-19,9:40:00,CUNDINAMARCA
44694,6353624,2026-04-15,21:00:00,ANTIOQUIA
44695,6353650,2026-04-19,13:20:00,CUNDINAMARCA
44704,6353680,2026-04-15,22:00:00,CUNDINAMARCA
44710,6353686,2026-04-15,22:00:00,CUNDINAMARCA
44711,6353693,2026-04-15,22:30:00,CUNDINAMARCA
44733,6353748,2026-04-16,7:05:00,CUNDINAMARCA
44736,6353746,2026-04-16,8:30:00,CUNDINAMARCA
44746,6353769,2026-04-15,19:30:00,CUNDINAMARCA
44751,6353780,2026-04-15,23:10:00,ANTIOQUIA
44760,6353804,2026-04-16,0:00:00,CUNDINAMARCA
44763,6353811,2026-04-16,6:15:00,CUNDINAMARCA
44794,6353879,2026-04-16,1:15:00,ANTIOQUIA
44819,6353948,2026-04-16,5:10:00,CUNDINAMARCA
44837,6353985,2026-04-17,23:30:00,CUNDINAMARCA
44886,6354095,2026-04-19,1:00:00,CUNDINAMARCA
44895,6354127,2026-04-16,16:00:00,CUNDINAMARCA
44931,6354215,2026-04-16,14:30:00,CUNDINAMARCA
44948,6354260,2026-04-16,15:30:00,CUNDINAMARCA
44962,6354297,2026-04-17,2:30:00,ANTIOQUIA
45040,6554497,2026-04-16,16:00:00,CUNDINAMARCA
45043,6354564,2026-04-17,8:30:00,CUNDINAMARCA
45052,6354598,2026-04-16,22:00:00,CUNDINAMARCA
45067,6354648,2026-04-16,21:00:00,CUNDINAMARCA
45094,6354778,2026-04-19,0:00:00,ANTIOQUIA
45095,6354749,2026-04-16,23:15:00,ANTIOQUIA
45097,6354785,2026-04-18,3:00:00,CUNDINAMARCA
45100,6354782,2026-04-16,21:30:00,ANTIOQUIA
45104,6354783,2026-04-16,23:00:00,CUNDINAMARCA
45110,6354803,2026-04-16,22:20:00,CUNDINAMARCA
45114,6354811,2026-04-17,6:20:00,CUNDINAMARCA
45124,6354821,2026-04-16,22:30:00,ANTIOQUIA
45131,6354831,2026-04-18,1:30:00,CUNDINAMARCA
45137,6354861,2026-04-16,22:05:00,CUNDINAMARCA
45139,6354858,2026-04-16,22:30:00,CUNDINAMARCA
45141,6354866,2026-04-16,22:30:00,CUNDINAMARCA
45143,6354870,2026-04-17,1:30:00,CUNDINAMARCA
45156,6354912,2026-04-16,23:00:00,ANTIOQUIA
45157,6354907,2026-04-16,23:30:00,CUNDINAMARCA
45158,6354919,2026-04-17,0:25:00,CUNDINAMARCA
45159,6354924,2026-04-16,23:30:00,CUNDINAMARCA
45160,6354910,2026-04-16,23:00:00,CUNDINAMARCA
45162,6354916,2026-04-17,1:00:00,CUNDINAMARCA
45163,6354915,2026-04-17,10:30:00,CUNDINAMARCA
45164,6354920,2026-04-18,0:30:00,CUNDINAMARCA
45166,6354935,2026-04-16,23:30:00,CUNDINAMARCA
45167,6354929,2026-04-16,23:30:00,CUNDINAMARCA
45176,6354956,2026-04-17,9:45:00,ANTIOQUIA
45184,6354962,2026-04-17,1:30:00,CUNDINAMARCA
45186,6354969,2026-04-17,0:15:00,ANTIOQUIA
45193,6354984,2026-04-17,8:00:00,ANTIOQUIA
45195,6354992,2026-04-17,2:30:00,CUNDINAMARCA
45198,6354998,2026-04-17,12:30:00,CUNDINAMARCA
45202,6355004,2026-04-17,1:00:00,CUNDINAMARCA
45229,6355060,2026-04-17,3:00:00,CUNDINAMARCA
45232,6355057,2026-04-17,2:15:00,CUNDINAMARCA
45234,6355067,2026-04-17,7:00:00,CUNDINAMARCA
45242,6355080,2026-04-18,23:30:00,CUNDINAMARCA
45244,6355074,2026-04-17,3:30:00,CUNDINAMARCA
45337,6355275,2026-04-17,14:00:00,CUNDINAMARCA
45346,6355281,2026-04-17,17:00:00,ANTIOQUIA
45347,6355286,2026-04-18,23:00:00,CUNDINAMARCA
45375,6355369,2026-04-17,22:00:00,ANTIOQUIA
45382,6355415,2026-04-17,18:00:00,CUNDINAMARCA
45404,6355468,2026-04-17,15:30:00,CUNDINAMARCA
45428,6355520,2026-04-17,19:30:00,CUNDINAMARCA
45430,6355551,2026-04-17,16:30:00,CUNDINAMARCA
45440,6355555,2026-04-18,7:00:00,CUNDINAMARCA
45441,6355575,2026-04-17,23:00:00,ANTIOQUIA
45446,6355601,2026-04-18,0:00:00,CUNDINAMARCA
45464,6355646,2026-04-18,1:00:00,ANTIOQUIA
45467,6355637,2026-04-18,2:00:00,CUNDINAMARCA
45478,6355684,2026-04-19,19:35:00,ANTIOQUIA
45483,6355694,2026-04-17,19:30:00,CUNDINAMARCA
45486,6355699,2026-04-17,17:40:00,CUNDINAMARCA
45495,6355713,2026-04-17,18:00:00,ANTIOQUIA
45497,6355716,2026-04-17,18:00:00,CUNDINAMARCA
45506,6355727,2026-04-18,2:00:00,ANTIOQUIA
45513,6355750,2026-04-18,2:15:00,CUNDINAMARCA
45519,6355769,2026-04-19,0:01:00,CUNDINAMARCA
45524,6355778,2026-04-26,2:15:00,ANTIOQUIA
45526,6355760,2026-04-18,1:30:00,ANTIOQUIA
45530,6355783,2026-04-17,21:30:00,CUNDINAMARCA
45534,6355789,2026-04-19,0:01:00,ANTIOQUIA
45544,6355824,2026-04-19,0:30:00,CUNDINAMARCA
45546,6355825,2026-04-18,3:30:00,CUNDINAMARCA
45551,6355851,2026-04-18,0:01:00,CUNDINAMARCA
45555,6355869,2026-04-18,1:00:00,CUNDINAMARCA
45574,6355919,2026-04-17,22:30:00,ANTIOQUIA
45579,6355928,2026-04-17,23:00:00,ANTIOQUIA
45582,6355940,2026-04-17,21:00:00,CUNDINAMARCA
45584,6355947,2026-04-19,1:00:00,CUNDINAMARCA
45601,6356008,2026-04-18,16:00:00,ANTIOQUIA
45607,6356002,2026-04-17,21:15:00,CUNDINAMARCA
45608,6356020,2026-04-18,0:50:00,CUNDINAMARCA
45612,6356012,2026-04-17,23:30:00,ANTIOQUIA
45616,6356044,2026-04-17,21:15:00,CUNDINAMARCA
45618,6356046,2026-04-18,2:00:00,CUNDINAMARCA
45627,6356062,2026-04-18,2:00:00,ANTIOQUIA
45629,6356069,2026-04-18,1:30:00,ANTIOQUIA
45631,6356070,2026-04-17,22:00:00,CUNDINAMARCA
45638,6356075,2026-04-19,1:00:00,ANTIOQUIA
45640,6356091,2026-04-18,0:30:00,CUNDINAMARCA
45642,6356087,2026-04-17,22:00:00,ANTIOQUIA
45647,6356098,2026-04-19,5:30:00,CUNDINAMARCA
45651,6356103,2026-04-17,21:55:00,ANTIOQUIA
45655,6356109,2026-04-18,3:00:00,CUNDINAMARCA
45659,6356118,2026-04-18,2:00:00,ANTIOQUIA
45665,6356128,2026-04-18,0:00:00,ANTIOQUIA
45669,6356135,2026-04-17,22:40:00,CUNDINAMARCA
45671,6356137,2026-04-18,4:30:00,CUNDINAMARCA
45672,6356136,2026-04-17,23:40:00,CUNDINAMARCA
45675,6356142,2026-04-17,23:05:00,CUNDINAMARCA
45676,6356144,2026-04-18,3:00:00,CUNDINAMARCA
45681,6356162,2026-04-17,23:00:00,CUNDINAMARCA
45689,6356176,2026-04-17,23:05:00,CUNDINAMARCA
45692,6356172,2026-04-18,2:15:00,ANTIOQUIA
45694,6356178,2026-04-18,1:00:00,ANTIOQUIA
45695,6356184,2026-04-17,23:55:00,CUNDINAMARCA
45697,6356183,2026-04-18,0:33:00,CUNDINAMARCA
45699,6356189,2026-04-18,1:05:00,CUNDINAMARCA
45700,6356195,2026-04-18,2:00:00,CUNDINAMARCA
45703,6356193,2026-04-18,1:30:00,CUNDINAMARCA
45704,6356202,2026-04-17,23:25:00,ANTIOQUIA
45706,6356200,2026-04-18,0:00:00,CUNDINAMARCA
45708,6356206,2026-04-17,23:55:00,CUNDINAMARCA
45709,6356205,2026-04-18,0:15:00,ANTIOQUIA
45713,6356209,2026-04-17,23:55:00,CUNDINAMARCA
45714,6356211,2026-04-17,23:45:00,CUNDINAMARCA
45715,6356220,2026-04-18,2:00:00,CUNDINAMARCA
45716,6356221,2026-04-18,0:00:00,CUNDINAMARCA
45718,6356222,2026-04-18,0:00:00,ANTIOQUIA
45723,6356229,2026-04-17,23:55:00,CUNDINAMARCA
45727,6356235,2026-04-18,0:15:00,ANTIOQUIA
45728,6356210,2026-04-18,0:30:00,CUNDINAMARCA
45729,6356238,2026-04-18,2:20:00,ANTIOQUIA
45732,6356212,2026-04-18,2:00:00,CUNDINAMARCA
45733,6356244,2026-04-18,2:00:00,CUNDINAMARCA
45735,6356213,2026-04-18,3:00:00,CUNDINAMARCA
45736,6356252,2026-04-18,1:20:00,ANTIOQUIA
45737,6356242,2026-04-18,0:30:00,CUNDINAMARCA
45738,6356255,2026-04-18,0:40:00,CUNDINAMARCA
45739,6356254,2026-04-18,1:00:00,CUNDINAMARCA
45740,6356253,2026-04-18,1:00:00,CUNDINAMARCA
45741,6356257,2026-04-18,1:20:00,CUNDINAMARCA
45742,3138886337,2026-04-18,2:45:00,CUNDINAMARCA
45744,6356060,2026-04-18,0:30:00,CUNDINAMARCA
45745,6356261,2026-04-18,1:00:00,CUNDINAMARCA
45746,6356262,2026-04-18,0:20:00,CUNDINAMARCA
45748,6356263,2026-04-18,4:00:00,CUNDINAMARCA
45750,6356267,2026-04-18,0:45:00,CUNDINAMARCA
45755,6356277,2026-04-18,1:00:00,ANTIOQUIA
45757,6356270,2026-04-18,1:00:00,ANTIOQUIA
45764,6356296,2026-04-18,1:15:00,ANTIOQUIA
45768,6356301,2026-04-18,2:30:00,ANTIOQUIA
45770,6356210,2026-04-18,0:30:00,CUNDINAMARCA
45771,6356309,2026-04-18,2:00:00,ANTIOQUIA
45773,6356301,2026-04-18,3:00:00,CUNDINAMARCA
45775,6356314,2026-04-18,1:30:00,CUNDINAMARCA
45780,6356319,2026-04-18,2:00:00,CUNDINAMARCA
45781,6356315,2026-04-18,23:45:00,CUNDINAMARCA
45782,6356320,2026-04-18,2:30:00,ANTIOQUIA
45784,6356322,2026-04-18,0:00:00,ANTIOQUIA
45786,6356325,2026-04-18,2:30:00,ANTIOQUIA
45788,6356328,2026-04-18,1:15:00,CUNDINAMARCA
45789,6356330,2026-04-18,2:35:00,ANTIOQUIA
45790,6356331,2026-04-19,0:00:00,ANTIOQUIA
45794,6356338,2026-04-18,1:30:00,ANTIOQUIA
45797,6356340,2026-04-18,2:30:00,CUNDINAMARCA
45804,6356359,2026-04-18,2:45:00,CUNDINAMARCA
45807,6356362,2026-04-18,3:55:00,ANTIOQUIA
45808,6356363,2026-04-18,3:00:00,ANTIOQUIA
45809,6356365,2026-04-18,3:15:00,ANTIOQUIA
45810,6356364,2026-04-18,3:00:00,ANTIOQUIA
45812,6356370,2026-04-18,3:30:00,CUNDINAMARCA
45814,6356373,2026-04-18,3:15:00,ANTIOQUIA
45817,6356378,2026-04-18,6:00:00,CUNDINAMARCA
45818,6356379,2026-04-18,3:40:00,ANTIOQUIA
45819,6356374,2026-04-18,3:30:00,CUNDINAMARCA
45821,6356379,2026-04-18,3:40:00,ANTIOQUIA
45822,6356383,2026-04-18,3:40:00,CUNDINAMARCA
45823,6356384,2026-04-18,4:00:00,CUNDINAMARCA
45824,6356388,2026-04-18,4:00:00,ANTIOQUIA
45829,6356394,2026-04-18,4:20:00,ANTIOQUIA
45830,6356396,2026-04-18,4:30:00,CUNDINAMARCA
45832,6356400,2026-04-19,1:30:00,CUNDINAMARCA
45834,6356402,2026-04-18,5:00:00,CUNDINAMARCA
45838,6356412,2026-04-18,8:00:00,ANTIOQUIA
45846,6356429,2026-04-18,11:45:00,CUNDINAMARCA
45857,6356449,2026-04-18,11:30:00,CUNDINAMARCA
45885,6356517,2026-04-18,13:00:00,CUNDINAMARCA
45887,6356526,2026-04-19,4:15:00,ANTIOQUIA
45888,6356521,2026-04-18,23:30:00,CUNDINAMARCA
45892,6356528,2026-04-19,0:45:00,CUNDINAMARCA
45895,6356533,2026-04-19,2:30:00,ANTIOQUIA
45905,6356558,2026-04-18,18:30:00,ANTIOQUIA
45913,6356576,2026-04-18,13:55:00,CUNDINAMARCA
45923,6356595,2026-04-26,0:15:00,ANTIOQUIA
45933,6356614,2026-04-19,1:00:00,CUNDINAMARCA
45942,6356629,2026-04-18,22:00:00,ANTIOQUIA
45951,6356650,2026-04-18,15:15:00,ANTIOQUIA
45962,6356673,2026-04-19,3:15:00,ANTIOQUIA
45966,6356680,2026-04-19,1:30:00,CUNDINAMARCA
45968,6356679,2026-04-19,1:30:00,CUNDINAMARCA
45973,6356695,2026-04-18,23:45:00,ANTIOQUIA
45984,6356711,2026-04-19,1:30:00,CUNDINAMARCA
45997,6356745,2026-04-18,22:30:00,CUNDINAMARCA
46007,6356763,2026-04-18,17:00:00,CUNDINAMARCA
46015,6356765,2026-04-19,2:00:00,CUNDINAMARCA
46023,6356789,2026-04-18,19:30:00,CUNDINAMARCA
46024,6356796,2026-04-18,17:30:00,ANTIOQUIA
46036,6356809,2026-04-18,23:30:00,ANTIOQUIA
46038,6356820,2026-04-18,18:15:00,CUNDINAMARCA
46045,6356836,2026-04-19,1:10:00,CUNDINAMARCA
46047,6356837,2026-04-18,22:00:00,ANTIOQUIA
46049,6356838,2026-04-18,19:00:00,CUNDINAMARCA
46051,6356844,2026-04-18,22:00:00,CUNDINAMARCA
46052,6356847,2026-04-18,20:00:00,CUNDINAMARCA
46053,6356851,2026-04-19,23:30:00,ANTIOQUIA
46056,6356860,2026-04-19,0:00:00,CUNDINAMARCA
46057,6356861,2026-04-18,23:55:00,CUNDINAMARCA
46060,6356864,2026-04-19,1:10:00,CUNDINAMARCA
46061,6356887,2026-04-19,2:05:00,CUNDINAMARCA
46063,6356865,2026-04-18,23:00:00,CUNDINAMARCA
46065,6356876,2026-04-19,3:00:00,ANTIOQUIA
46066,6356877,2026-04-19,3:00:00,CUNDINAMARCA
46076,6356891,2026-04-18,19:45:00,CUNDINAMARCA
46078,6356893,2026-04-18,23:30:00,CUNDINAMARCA
46080,6356896,2026-04-19,2:00:00,CUNDINAMARCA
46085,6356900,2026-04-18,2:00:00,ANTIOQUIA
46086,6356905,2026-04-19,3:00:00,ANTIOQUIA
46087,6356904,2026-04-18,21:00:00,CUNDINAMARCA
46090,6356913,2026-04-18,22:30:00,ANTIOQUIA
46091,6356911,2026-04-19,3:15:00,ANTIOQUIA
46093,6356917,2026-04-18,20:00:00,ANTIOQUIA
46096,6356925,2026-04-19,2:30:00,ANTIOQUIA
46097,6356923,2026-04-19,0:15:00,ANTIOQUIA
46099,6356927,2026-04-18,20:25:00,CUNDINAMARCA
46100,6356928,2026-04-18,20:15:00,CUNDINAMARCA
46102,6356932,2026-04-19,0:00:00,CUNDINAMARCA
46103,6356933,2026-04-19,3:00:00,ANTIOQUIA
46104,6356935,2026-04-18,23:00:00,ANTIOQUIA
46105,6356938,2026-04-19,1:00:00,CUNDINAMARCA
46106,6356940,2026-04-18,20:30:00,ANTIOQUIA
46110,6356944,2026-04-18,21:00:00,CUNDINAMARCA
46111,6356947,2026-04-18,21:00:00,ANTIOQUIA
46112,6356945,2026-04-19,3:00:00,ANTIOQUIA
46114,6356946,2026-04-19,0:00:00,CUNDINAMARCA
46115,6356952,2026-04-18,23:00:00,ANTIOQUIA
46117,6356953,2026-04-18,21:00:00,CUNDINAMARCA
46119,6356955,2026-04-18,23:00:00,ANTIOQUIA
46120,6356958,2026-04-18,21:00:00,ANTIOQUIA
46121,6356961,2026-04-18,22:00:00,CUNDINAMARCA
46122,6356963,2026-04-18,23:55:00,CUNDINAMARCA
46125,6356966,2026-04-18,21:10:00,CUNDINAMARCA
46127,6356970,2026-04-18,21:00:00,CUNDINAMARCA
46129,6356973,2026-04-19,2:35:00,CUNDINAMARCA
46130,6356975,2026-04-18,23:45:00,CUNDINAMARCA
46132,6356977,2026-04-18,22:00:00,CUNDINAMARCA
46134,6356986,2026-04-18,21:00:00,CUNDINAMARCA
46139,6356996,2026-04-18,22:45:00,ANTIOQUIA
46142,6356927,2026-04-18,21:00:00,CUNDINAMARCA
46144,6356998,2026-04-18,21:30:00,CUNDINAMARCA
46147,6356989,2026-04-19,1:00:00,ANTIOQUIA
46148,6356993,2026-04-18,23:00:00,CUNDINAMARCA
46151,6356968,2026-04-19,1:00:00,CUNDINAMARCA
46152,6357005,2026-04-19,0:15:00,ANTIOQUIA
46154,6357007,2026-04-18,22:00:00,CUNDINAMARCA
46155,6356994,2026-04-18,22:00:00,CUNDINAMARCA
46161,6357016,2026-04-19,1:00:00,ANTIOQUIA
46163,6357028,2026-04-18,23:59:00,ANTIOQUIA
46167,6357033,2026-04-18,23:55:00,CUNDINAMARCA
46168,6357038,2026-04-18,23:30:00,CUNDINAMARCA
46169,6357031,2026-04-19,3:30:00,ANTIOQUIA
46170,6357036,2026-04-18,23:00:00,ANTIOQUIA
46171,6357040,2026-04-19,0:00:00,ANTIOQUIA
46173,6357030,2026-04-19,3:30:00,CUNDINAMARCA
46175,6357039,2026-04-19,3:15:00,CUNDINAMARCA
46177,6357044,2026-04-19,0:00:00,ANTIOQUIA
46178,6357050,2026-04-19,3:30:00,ANTIOQUIA
46179,6357045,2026-04-19,0:30:00,CUNDINAMARCA
46180,6357051,2026-04-19,2:30:00,ANTIOQUIA
46182,6357052,2026-04-19,4:00:00,CUNDINAMARCA
46184,6357054,2026-04-19,23:30:00,CUNDINAMARCA
46185,6357056,2026-04-19,4:05:00,ANTIOQUIA
46186,6357057,2026-04-19,1:00:00,CUNDINAMARCA
46187,6357063,2026-04-19,1:00:00,ANTIOQUIA
46188,6357059,2026-04-19,2:00:00,CUNDINAMARCA
46191,6357065,2026-04-19,2:00:00,CUNDINAMARCA
46193,6357067,2026-04-19,4:00:00,ANTIOQUIA
46194,6357069,2026-04-19,1:15:00,ANTIOQUIA
46197,6357072,2026-04-19,2:00:00,ANTIOQUIA
46202,6357079,2026-04-19,2:30:00,CUNDINAMARCA
46203,6357077,2026-04-19,2:00:00,CUNDINAMARCA
46204,6357082,2026-04-19,1:00:00,CUNDINAMARCA
46205,6357080,2026-04-18,23:00:00,ANTIOQUIA
46206,6357089,2026-04-19,1:00:00,ANTIOQUIA
46208,6357088,2026-04-19,2:00:00,ANTIOQUIA
46209,6357086,2026-04-19,3:00:00,ANTIOQUIA
46210,6357091,2026-04-19,2:15:00,ANTIOQUIA
46214,6357084,2026-04-19,0:30:00,CUNDINAMARCA
46217,6357104,2026-04-19,0:30:00,CUNDINAMARCA
46221,6357107,2026-04-18,23:40:00,ANTIOQUIA
46222,6357099,2026-04-19,2:00:00,ANTIOQUIA
46224,6357100,2026-04-19,2:30:00,ANTIOQUIA
46225,6357115,2026-04-18,23:30:00,ANTIOQUIA
46226,6357114,2026-04-19,1:30:00,ANTIOQUIA
46227,6357102,2026-04-18,23:30:00,ANTIOQUIA
46228,6357117,2026-04-19,3:35:00,ANTIOQUIA
46230,6357120,2026-04-19,0:00:00,CUNDINAMARCA
46231,6357111,2026-04-19,2:30:00,CUNDINAMARCA
46233,6357125,2026-04-19,1:00:00,CUNDINAMARCA
46234,6357126,2026-04-18,23:55:00,CUNDINAMARCA
46235,6357129,2026-04-19,1:00:00,CUNDINAMARCA
46236,6357130,2026-04-19,1:00:00,CUNDINAMARCA
46237,6357121,2026-04-19,0:00:00,CUNDINAMARCA
46239,6357122,2026-04-18,23:30:00,CUNDINAMARCA
46240,6357131,2026-04-18,23:15:00,CUNDINAMARCA
46242,6357124,2026-04-19,1:30:00,CUNDINAMARCA
46243,6357132,2026-04-19,2:00:00,CUNDINAMARCA
46244,6357137,2026-04-19,1:00:00,CUNDINAMARCA
46245,6357136,2026-04-19,1:00:00,ANTIOQUIA
46246,6357135,2026-04-19,3:00:00,CUNDINAMARCA
46248,6357138,2026-04-18,23:45:00,CUNDINAMARCA
46250,6357145,2026-04-19,2:30:00,CUNDINAMARCA
46251,6357142,2026-04-19,1:30:00,CUNDINAMARCA
46255,6357147,2026-04-19,2:00:00,ANTIOQUIA
46256,6357151,2026-04-19,2:00:00,CUNDINAMARCA
46257,6357152,2026-04-19,4:00:00,ANTIOQUIA
46258,6357155,2026-04-19,1:00:00,CUNDINAMARCA
46259,6357154,2026-04-19,1:55:00,CUNDINAMARCA
46262,6357160,2026-04-18,23:25:00,CUNDINAMARCA
46263,6357161,2026-04-19,0:15:00,ANTIOQUIA
46265,6357169,2026-04-19,1:15:00,CUNDINAMARCA
46266,6357167,2026-04-19,0:00:00,ANTIOQUIA
46267,6357164,2026-04-19,2:00:00,CUNDINAMARCA
46268,6357163,2026-04-19,0:30:00,ANTIOQUIA
46269,6357168,2026-04-19,3:00:00,CUNDINAMARCA
46270,6357170,2026-04-19,2:00:00,ANTIOQUIA
46271,6357171,2026-04-18,23:45:00,CUNDINAMARCA
46273,6357173,2026-04-19,0:10:00,CUNDINAMARCA
46274,6357176,2026-04-19,1:00:00,CUNDINAMARCA
46275,6357175,2026-04-19,0:30:00,CUNDINAMARCA
46276,6357177,2026-04-18,23:50:00,CUNDINAMARCA
46277,6357178,2026-04-19,1:30:00,ANTIOQUIA
46281,6357180,2026-04-19,5:00:00,CUNDINAMARCA
46282,6357183,2026-04-19,2:00:00,ANTIOQUIA
46288,6357194,2026-04-19,2:00:00,CUNDINAMARCA
46289,6357195,2026-04-19,2:00:00,CUNDINAMARCA
46290,6357196,2026-04-19,2:30:00,CUNDINAMARCA
46291,6357197,2026-04-19,3:00:00,ANTIOQUIA
46293,6357192,2026-04-19,3:00:00,ANTIOQUIA
46294,6357198,2026-04-19,2:30:00,CUNDINAMARCA
46295,6357203,2026-04-19,3:25:00,CUNDINAMARCA
46297,6357209,2026-04-19,0:00:00,ANTIOQUIA
46298,6357202,2026-04-19,3:00:00,CUNDINAMARCA
46299,6357207,2026-04-19,3:00:00,CUNDINAMARCA
46300,6357208,2026-04-19,2:30:00,CUNDINAMARCA
46301,6357210,2026-04-19,0:35:00,CUNDINAMARCA
46303,6357214,2026-04-19,2:00:00,CUNDINAMARCA
46305,6357217,2026-04-19,1:00:00,ANTIOQUIA
46306,6357213,2026-04-20,1:00:00,CUNDINAMARCA
46311,6357226,2026-04-19,1:10:00,CUNDINAMARCA
46313,6357218,2026-04-19,1:00:00,ANTIOQUIA
46315,6357220,2026-04-19,3:00:00,CUNDINAMARCA
46317,6357221,2026-04-19,3:30:00,CUNDINAMARCA
46318,6357234,2026-04-19,3:45:00,CUNDINAMARCA
46319,6357235,2026-04-19,4:10:00,ANTIOQUIA
46320,6357225,2026-04-19,4:15:00,ANTIOQUIA
46323,6357229,2026-04-19,3:00:00,CUNDINAMARCA
46325,6357232,2026-09-19,2:00:00,ANTIOQUIA
46326,6357236,2026-04-19,2:30:00,ANTIOQUIA
46327,6357243,2026-04-19,1:30:00,CUNDINAMARCA
46328,6357244,2026-04-19,3:05:00,CUNDINAMARCA
46329,6357245,2026-04-19,2:15:00,ANTIOQUIA
46330,6357240,2026-04-19,2:00:00,CUNDINAMARCA
46332,6357249,2026-04-19,0:30:00,ANTIOQUIA
46335,6357252,2026-04-19,2:30:00,CUNDINAMARCA
46337,6357255,2026-04-19,1:30:00,ANTIOQUIA
46338,6357247,2026-04-19,1:45:00,ANTIOQUIA
46342,6357260,2026-04-19,3:05:00,ANTIOQUIA
46344,6357264,2026-04-19,1:45:00,CUNDINAMARCA
46347,6357251,2026-04-03,3:15:00,CUNDINAMARCA
46348,6357269,2026-04-19,3:00:00,CUNDINAMARCA
46351,6357274,2026-04-19,2:00:00,CUNDINAMARCA
46353,6357268,2026-04-19,2:30:00,CUNDINAMARCA
46354,6357273,2026-04-19,2:30:00,CUNDINAMARCA
46356,6357275,2026-04-19,3:00:00,ANTIOQUIA
46358,6357277,2026-04-19,2:00:00,CUNDINAMARCA
46359,6357079,2026-04-19,2:30:00,CUNDINAMARCA
46362,6357280,2026-04-19,3:10:00,CUNDINAMARCA
46364,6357283,2026-04-19,2:00:00,ANTIOQUIA
46370,6357299,2026-04-19,2:30:00,CUNDINAMARCA
46375,6357303,2026-04-19,3:00:00,ANTIOQUIA
46377,6357305,2026-04-19,2:45:00,CUNDINAMARCA
46380,6357308,2026-04-19,3:00:00,ANTIOQUIA
46385,6357318,2026-04-19,5:00:00,CUNDINAMARCA
46389,6357324,2026-04-19,3:00:00,ANTIOQUIA
46394,6357329,2026-04-19,3:00:00,ANTIOQUIA
46396,6357332,2026-04-19,4:00:00,ANTIOQUIA
46399,6357343,2026-04-19,10:30:00,CUNDINAMARCA
46401,6357334,2026-04-19,5:00:00,CUNDINAMARCA
46405,6357325,2026-04-19,10:30:00,CUNDINAMARCA
46410,6357354,2026-04-19,3:30:00,CUNDINAMARCA
46414,6356373,2026-04-19,16:10:00,ANTIOQUIA
46417,6357365,2026-04-19,5:40:00,CUNDINAMARCA
46418,6357366,2026-04-19,5:25:00,CUNDINAMARCA
46421,6357370,2026-04-19,6:00:00,CUNDINAMARCA
46422,6357169,2026-04-19,2:30:00,CUNDINAMARCA
46425,6357378,2026-04-19,8:10:00,CUNDINAMARCA
46427,6357380,2026-04-19,9:00:00,ANTIOQUIA
46446,6357431,2026-04-19,19:00:00,ANTIOQUIA
46456,6357445,2026-04-19,19:30:00,ANTIOQUIA
46459,6357462,2026-04-19,18:00:00,CUNDINAMARCA
46470,6357695,2026-04-19,15:40:00,CUNDINAMARCA
46472,6357496,2026-04-19,14:00:00,CUNDINAMARCA
46489,6357531,2026-04-19,17:30:00,ANTIOQUIA
46494,6357550,2026-04-19,18:00:00,CUNDINAMARCA
46501,6357558,2026-04-19,17:00:00,CUNDINAMARCA
46510,6357572,2026-04-19,17:10:00,CUNDINAMARCA
46521,6357617,2026-04-19,22:15:00,ANTIOQUIA
46535,6357620,2026-04-19,22:00:00,ANTIOQUIA
46540,6357625,2026-04-19,19:30:00,CUNDINAMARCA
46550,6357666,2026-04-19,19:10:00,ANTIOQUIA
46554,6357688,2026-04-19,21:00:00,ANTIOQUIA
46556,6357696,2026-04-19,21:00:00,ANTIOQUIA
46561,6357699,2026-04-19,20:00:00,CUNDINAMARCA
46563,6357737,2026-04-19,19:00:00,CUNDINAMARCA
46578,6357770,2026-04-19,20:30:00,ANTIOQUIA
46630,6357903,2026-04-20,8:00:00,CUNDINAMARCA
46634,6357909,2026-04-20,1:30:00,ANTIOQUIA
46636,6357913,2026-04-20,2:30:00,ANTIOQUIA
46650,6357935,2026-04-20,7:30:00,ANTIOQUIA
46653,6357956,2026-04-20,4:35:00,CUNDINAMARCA
46654,6357972,2026-07-20,2:00:00,ANTIOQUIA
46658,63579994,2026-04-20,10:30:00,ANTIOQUIA
46769,6358208,2026-04-26,22:30:00,CUNDINAMARCA
46910,6358647,2026-04-20,16:45:00,ANTIOQUIA
46923,6358679,2026-04-21,16:45:00,CUNDINAMARCA
46932,6358712,2026-04-20,17:45:00,CUNDINAMARCA
46957,6358758,2026-04-21,10:30:00,ANTIOQUIA
46965,6358802,2026-04-20,21:00:00,CUNDINAMARCA
47061,6359106,2026-04-24,6:55:00,CUNDINAMARCA
47067,6359130,2026-04-20,23:30:00,CUNDINAMARCA
47078,6359158,2026-04-21,9:00:00,ANTIOQUIA
47100,6359195,2026-05-02,2:30:00,CUNDINAMARCA
47104,6359209,2026-04-21,5:50:00,CUNDINAMARCA
47110,6359217,2026-04-20,23:00:00,ANTIOQUIA
47306,6359965,2026-04-21,20:00:00,CUNDINAMARCA
47326,6359757,2026-04-21,19:00:00,CUNDINAMARCA
47364,6359856,2026-04-21,14:00:00,CUNDINAMARCA
47374,6359878,2026-04-21,18:15:00,CUNDINAMARCA
47389,6359950,2026-04-21,19:00:00,CUNDINAMARCA
47404,6359987,2026-04-21,21:00:00,CUNDINAMARCA
47428,6360068,2026-04-21,19:20:00,CUNDINAMARCA
47452,6360128,2026-04-26,16:00:00,CUNDINAMARCA
47461,6360154,2026-04-21,21:30:00,CUNDINAMARCA
47502,6360258,2026-04-21,23:00:00,ANTIOQUIA
47505,6360264,2026-04-22,12:30:00,CUNDINAMARCA
47516,6360288,2026-04-22,16:00:00,CUNDINAMARCA
47529,6360312,2026-04-22,10:15:00,ANTIOQUIA
47554,6360357,2026-04-25,2:00:00,CUNDINAMARCA
47555,6360349,2026-04-22,14:00:00,CUNDINAMARCA
47570,6360379,2026-04-22,9:00:00,CUNDINAMARCA
47574,6360389,2026-04-22,3:00:00,CUNDINAMARCA
47579,6360402,2026-04-22,4:35:00,CUNDINAMARCA
47629,6350506,2026-04-23,13:00:00,ANTIOQUIA
47631,6360508,2026-04-23,17:00:00,ANTIOQUIA
47678,6360614,2026-04-22,14:00:00,ANTIOQUIA
47736,6360776,2026-04-22,16:00:00,CUNDINAMARCA
47757,6360831,2026-04-22,17:00:00,CUNDINAMARCA
47777,6360888,2026-04-22,19:00:00,CUNDINAMARCA
47781,6360901,2026-04-23,7:30:00,CUNDINAMARCA
47825,6361003,2026-04-26,1:00:00,ANTIOQUIA
47827,6361017,2026-04-23,10:00:00,CUNDINAMARCA
47843,6361009,2026-04-22,22:00:00,ANTIOQUIA
47845,6361063,2026-04-23,17:00:00,CUNDINAMARCA
47846,6361039,2026-04-22,19:30:00,CUNDINAMARCA
47848,6361042,2026-04-23,5:00:00,CUNDINAMARCA
47873,6361137,2026-04-22,20:30:00,CUNDINAMARCA
47877,6361154,2026-04-22,20:30:00,ANTIOQUIA
47903,6361214,2026-04-23,5:00:00,CUNDINAMARCA
47911,6361246,2026-04-22,22:00:00,CUNDINAMARCA
47921,6361274,2026-04-23,16:00:00,CUNDINAMARCA
47930,6361282,2026-04-22,22:30:00,ANTIOQUIA
47954,6361336,2026-04-25,2:15:00,CUNDINAMARCA
47969,6361361,2026-04-23,0:15:00,ANTIOQUIA
47976,6361384,2026-04-22,22:00:00,CUNDINAMARCA
47991,6361423,2026-04-23,1:50:00,CUNDINAMARCA
48005,6361458,2026-04-23,6:00:00,CUNDINAMARCA
48030,6361501,2026-04-25,1:30:00,ANTIOQUIA
48098,6361672,2026-04-24,17:30:00,CUNDINAMARCA
48137,6361783,2026-04-25,8:00:00,ANTIOQUIA
48142,6361811,2026-04-23,12:00:00,CUNDINAMARCA
48152,6361828,2026-04-25,16:30:00,ANTIOQUIA
48166,6361874,2026-04-23,22:15:00,CUNDINAMARCA
48173,6361900,2026-04-24,8:00:00,CUNDINAMARCA
48178,6361908,2026-04-23,16:45:00,CUNDINAMARCA
48216,6362006,2026-04-23,18:00:00,CUNDINAMARCA
48227,6362042,2026-04-23,20:30:00,ANTIOQUIA
48252,6362144,2026-04-26,2:00:00,ANTIOQUIA
48264,6362202,2026-04-25,19:00:00,CUNDINAMARCA
48270,6362224,2026-04-23,20:00:00,CUNDINAMARCA
48271,6362205,2026-04-23,20:30:00,CUNDINAMARCA
48277,6362260,2026-04-23,20:30:00,CUNDINAMARCA
48291,6362297,2026-04-23,22:00:00,CUNDINAMARCA
48296,6362307,2026-04-24,1:00:00,ANTIOQUIA
48308,6362329,2026-04-23,22:00:00,CUNDINAMARCA
48320,6362357,2026-04-24,9:30:00,ANTIOQUIA
48326,6362371,2026-04-23,23:30:00,CUNDINAMARCA
48331,6362366,2026-04-24,1:30:00,CUNDINAMARCA
48332,6362368,2026-04-24,7:00:00,CUNDINAMARCA
48338,6362397,2026-04-23,23:30:00,CUNDINAMARCA
48350,6362417,2026-04-24,23:55:00,CUNDINAMARCA
48351,6362409,2026-04-25,2:30:00,CUNDINAMARCA
48356,6362425,2026-04-24,20:55:00,CUNDINAMARCA
48363,6362438,2026-04-24,23:00:00,ANTIOQUIA
48367,6362444,2026-04-24,0:00:00,CUNDINAMARCA
48374,6362449,2026-04-24,2:00:00,CUNDINAMARCA
48382,6362451,2026-04-24,1:00:00,CUNDINAMARCA
48388,6362473,2026-04-24,0:35:00,ANTIOQUIA
48392,6362476,2026-04-26,1:00:00,CUNDINAMARCA
48397,6362488,2026-04-24,1:00:00,CUNDINAMARCA
48402,6362503,2026-04-24,1:40:00,CUNDINAMARCA
48410,6362520,2026-04-24,7:00:00,CUNDINAMARCA
48413,6362523,2026-04-24,2:00:00,CUNDINAMARCA
48415,6362525,2026-04-24,4:30:00,CUNDINAMARCA
48417,6362530,2026-04-24,2:30:00,CUNDINAMARCA
48429,6362564,2026-04-24,4:00:00,CUNDINAMARCA
48431,6362569,2026-04-24,6:40:00,CUNDINAMARCA
48433,6362571,2026-04-24,7:00:00,ANTIOQUIA
48467,6362571,2026-04-25,2:00:00,CUNDINAMARCA
48469,6362632,2026-04-25,1:30:00,CUNDINAMARCA
48474,6362644,2026-04-25,0:30:00,CUNDINAMARCA
48475,6362660,2026-04-24,11:00:00,CUNDINAMARCA
48480,6362644,2026-04-25,0:30:00,CUNDINAMARCA
48504,6362701,2026-04-25,2:00:00,ANTIOQUIA
48509,6362748,2026-04-24,12:00:00,ANTIOQUIA
48510,6362745,2026-04-24,15:00:00,CUNDINAMARCA
48511,6362768,2026-04-24,14:45:00,CUNDINAMARCA
48557,6362947,2026-04-25,23:15:00,CUNDINAMARCA
48559,6362950,2026-04-25,0:00:00,CUNDINAMARCA
48590,6363024,2026-04-25,0:30:00,ANTIOQUIA
48591,6363029,2026-04-25,2:00:00,ANTIOQUIA
48596,6363057,2026-04-24,20:00:00,ANTIOQUIA
48601,6363066,2026-04-24,16:40:00,CUNDINAMARCA
48611,6363094,2026-04-24,23:00:00,ANTIOQUIA
48623,6363057,2026-04-24,20:00:00,ANTIOQUIA
48633,6363147,2026-04-24,18:30:00,CUNDINAMARCA
48641,6363180,2026-04-25,5:00:00,CUNDINAMARCA
48645,6363174,2026-04-25,0:00:00,CUNDINAMARCA
48650,6363177,2026-04-24,22:00:00,CUNDINAMARCA
48658,6363205,2026-04-25,1:30:00,ANTIOQUIA
48667,6363242,2026-04-24,19:00:00,CUNDINAMARCA
48669,6363246,2026-04-24,23:00:00,ANTIOQUIA
48671,6363252,2026-04-25,0:30:00,CUNDINAMARCA
48675,6363262,2026-04-25,10:00:00,CUNDINAMARCA
48676,6363271,2026-04-24,18:50:00,CUNDINAMARCA
48684,6363293,2026-04-24,21:00:00,ANTIOQUIA
48691,6363305,2026-04-24,23:35:00,CUNDINAMARCA
48692,6363284,2026-04-25,2:30:00,CUNDINAMARCA
48693,6363311,2026-04-24,20:00:00,CUNDINAMARCA
48695,6363289,2026-04-24,23:00:00,CUNDINAMARCA
48697,6363298,2026-04-24,23:30:00,CUNDINAMARCA
48699,6363325,2026-04-25,2:00:00,CUNDINAMARCA
48708,6363342,2026-04-25,9:00:00,ANTIOQUIA
48711,6363352,2026-04-24,19:00:00,CUNDINAMARCA
48717,6363354,2026-04-24,23:00:00,ANTIOQUIA
48719,6363370,2026-04-24,20:30:00,CUNDINAMARCA
48726,6363371,2026-04-25,2:00:00,CUNDINAMARCA
48727,6363379,2026-04-24,19:30:00,ANTIOQUIA
48735,6363398,2026-04-24,22:00:00,CUNDINAMARCA
48744,6363421,2026-04-25,1:00:00,CUNDINAMARCA
48750,6363430,2026-04-25,2:00:00,ANTIOQUIA
48751,6363432,2026-04-24,22:00:00,ANTIOQUIA
48752,6363442,2026-04-25,3:00:00,ANTIOQUIA
48755,6363453,2026-04-25,18:00:00,CUNDINAMARCA
48758,6363437,2026-04-24,21:30:00,CUNDINAMARCA
48762,63633463,2026-04-25,0:15:00,CUNDINAMARCA
48770,6363481,2026-04-25,0:00:00,ANTIOQUIA
48776,6363499,2026-04-24,22:00:00,ANTIOQUIA
48778,6363513,2026-04-25,3:00:00,CUNDINAMARCA
48783,6363503,2026-04-25,1:30:00,CUNDINAMARCA
48784,6363500,2026-04-24,22:00:00,CUNDINAMARCA
48786,6363506,2026-04-25,3:00:00,CUNDINAMARCA
48787,6363509,2026-04-25,1:30:00,CUNDINAMARCA
48793,6363516,2026-04-25,2:30:00,CUNDINAMARCA
48797,6363543,2026-04-24,10:00:00,CUNDINAMARCA
48798,6363534,2026-04-24,23:55:00,CUNDINAMARCA
48802,6363542,2026-04-24,23:30:00,CUNDINAMARCA
48803,6363550,2026-04-24,22:40:00,ANTIOQUIA
48805,6363549,2026-04-24,23:30:00,ANTIOQUIA
48807,6363559,2026-04-24,22:30:00,CUNDINAMARCA
48809,6363552,2026-04-24,23:30:00,CUNDINAMARCA
48810,6363569,2026-04-26,0:30:00,ANTIOQUIA
48811,6363568,2026-04-25,2:45:00,CUNDINAMARCA
48812,6363562,2026-04-25,0:00:00,CUNDINAMARCA
48814,6363554,2026-04-24,22:15:00,CUNDINAMARCA
48815,6363571,2026-04-24,23:55:00,CUNDINAMARCA
48820,6363560,2026-04-25,0:00:00,CUNDINAMARCA
48821,6363580,2026-04-25,1:35:00,CUNDINAMARCA
48823,6363572,2026-04-24,22:30:00,ANTIOQUIA
48824,6363557,2026-04-24,22:30:00,ANTIOQUIA
48827,6363575,2026-04-25,1:30:00,ANTIOQUIA
48828,6363587,2026-04-24,23:30:00,ANTIOQUIA
48832,6363596,2026-04-24,23:00:00,CUNDINAMARCA
48833,6363598,2026-04-25,1:30:00,CUNDINAMARCA
48834,6363600,2026-04-24,23:30:00,ANTIOQUIA
48836,6363603,2026-04-25,0:30:00,ANTIOQUIA
48837,63636058,2026-04-24,22:45:00,CUNDINAMARCA
48838,6363601,2026-04-24,22:45:00,ANTIOQUIA
48841,6363606,2026-04-24,23:30:00,CUNDINAMARCA
48844,6363612,2026-04-24,23:00:00,ANTIOQUIA
48846,6363618,2026-04-25,0:00:00,CUNDINAMARCA
48847,6363614,2026-04-25,1:30:00,CUNDINAMARCA
48849,6383616,2026-04-24,23:00:00,CUNDINAMARCA
48850,6363619,2026-04-24,23:00:00,CUNDINAMARCA
48852,6363628,2026-04-25,1:00:00,CUNDINAMARCA
48857,6363638,2026-04-25,1:00:00,ANTIOQUIA
48858,6363625,2026-04-24,23:15:00,ANTIOQUIA
48865,6363648,2026-04-25,0:00:00,CUNDINAMARCA
48870,6363652,2026-04-24,23:30:00,CUNDINAMARCA
48871,6363654,2026-04-25,1:30:00,CUNDINAMARCA
48872,6363655,2026-04-25,11:00:00,CUNDINAMARCA
48873,6363659,2026-04-24,23:25:00,CUNDINAMARCA
48874,6363661,2026-04-24,21:00:00,CUNDINAMARCA
48875,6363662,2026-04-25,0:15:00,ANTIOQUIA
48877,6363663,2026-04-25,2:55:00,ANTIOQUIA
48878,6363666,2026-04-24,23:55:00,CUNDINAMARCA
48883,6363677,2026-04-25,3:00:00,CUNDINAMARCA
48886,6363683,2026-04-25,1:40:00,ANTIOQUIA
48888,6363682,2026-04-24,23:59:00,CUNDINAMARCA
48889,6363676,2026-04-24,23:30:00,CUNDINAMARCA
48891,6363678,2026-04-25,0:00:00,CUNDINAMARCA
48894,6363697,2026-04-25,0:30:00,ANTIOQUIA
48897,6363704,2026-04-25,3:30:00,CUNDINAMARCA
48898,6363699,2026-04-25,2:30:00,CUNDINAMARCA
48904,6363708,2026-04-25,1:00:00,CUNDINAMARCA
48908,6363714,2026-04-25,0:45:00,CUNDINAMARCA
48909,6363715,2026-04-25,0:45:00,ANTIOQUIA
48916,6363732,2026-04-25,1:30:00,CUNDINAMARCA
48917,6363730,2026-04-25,0:55:00,CUNDINAMARCA
48919,6363735,2026-04-25,2:00:00,CUNDINAMARCA
48920,6363738,2026-04-25,2:00:00,CUNDINAMARCA
48922,6363741,2026-04-25,1:30:00,CUNDINAMARCA
48926,6363748,2026-04-26,0:00:00,CUNDINAMARCA
48927,6363751,2026-04-25,1:30:00,ANTIOQUIA
48928,6363742,2026-04-25,1:30:00,CUNDINAMARCA
48930,6363761,2026-04-25,1:30:00,CUNDINAMARCA
48931,6363759,2026-04-25,1:00:00,ANTIOQUIA
48934,6363753,2026-04-25,2:45:00,ANTIOQUIA
48936,6363763,2026-04-25,1:20:00,CUNDINAMARCA
48937,6363764,2026-04-25,1:35:00,CUNDINAMARCA
48940,6363767,2026-04-25,2:00:00,CUNDINAMARCA
48944,6363769,2026-04-25,1:45:00,CUNDINAMARCA
48946,6363779,2026-04-25,1:10:00,ANTIOQUIA
48949,6363785,2026-04-25,4:15:00,ANTIOQUIA
48952,6363782,2026-04-25,2:30:00,CUNDINAMARCA
48956,6363789,2026-04-25,2:00:00,CUNDINAMARCA
48958,6363771,2026-04-25,2:00:00,ANTIOQUIA
48959,6363775,2026-04-25,4:00:00,CUNDINAMARCA
48961,6363774,2026-04-25,2:00:00,CUNDINAMARCA
48962,6363790,2026-04-25,2:30:00,CUNDINAMARCA
48968,6363812,2026-04-25,2:00:00,CUNDINAMARCA
48969,6363813,2026-04-25,2:30:00,CUNDINAMARCA
48971,6363816,2026-04-25,3:00:00,ANTIOQUIA
48973,6363819,2026-04-26,1:30:00,CUNDINAMARCA
48974,6363821,2026-04-25,2:45:00,ANTIOQUIA
48976,6363823,2026-04-25,2:45:00,CUNDINAMARCA
48980,6363825,2026-04-25,3:00:00,ANTIOQUIA
48981,6363827,2026-04-25,15:30:00,ANTIOQUIA
48982,6363828,2026-04-25,3:00:00,CUNDINAMARCA
48984,6363829,2026-04-25,3:20:00,CUNDINAMARCA
48985,6363832,2026-04-25,3:00:00,ANTIOQUIA
48987,6363836,2026-04-25,3:00:00,ANTIOQUIA
48991,6363841,2026-04-25,4:25:00,CUNDINAMARCA
48993,6363848,2026-04-25,4:00:00,CUNDINAMARCA
48994,6363845,2026-04-25,4:00:00,ANTIOQUIA
48995,6363849,2026-04-25,3:30:00,ANTIOQUIA
48996,6363850,2026-04-25,3:45:00,CUNDINAMARCA
48998,6363852,2026-04-25,4:05:00,ANTIOQUIA
49001,6363858,2026-04-25,5:30:00,CUNDINAMARCA
49005,6363863,2026-04-25,9:30:00,ANTIOQUIA
49017,6363890,2026-04-26,0:15:00,ANTIOQUIA
49020,6363342,2026-04-25,9:00:00,ANTIOQUIA
49069,6364001,2026-04-26,2:10:00,ANTIOQUIA
49072,6364007,2026-04-26,3:00:00,ANTIOQUIA
49078,6364030,2026-04-26,1:00:00,CUNDINAMARCA
49084,6364022,2026-04-26,0:30:00,CUNDINAMARCA
49090,6364057,2026-04-25,21:00:00,CUNDINAMARCA
49094,6364030,2026-04-26,1:00:00,CUNDINAMARCA
49112,6364105,2026-04-26,1:50:00,ANTIOQUIA
49116,6364114,2026-04-26,1:00:00,ANTIOQUIA
49120,6364126,2026-04-25,22:00:00,CUNDINAMARCA
49123,6362202,2026-04-25,20:00:00,CUNDINAMARCA
49132,6364170,2026-04-25,23:00:00,ANTIOQUIA
49134,6364176,2026-04-25,23:00:00,CUNDINAMARCA
49135,6364158,2026-04-26,0:00:00,ANTIOQUIA
49138,6364160,2026-04-25,23:45:00,CUNDINAMARCA
49143,6364163,2026-04-25,23:30:00,ANTIOQUIA
49147,6364192,2026-04-26,4:00:00,ANTIOQUIA
49153,6364200,2026-04-25,23:00:00,ANTIOQUIA
49160,6364222,2026-04-26,1:30:00,ANTIOQUIA
49162,6364224,2026-04-25,20:05:00,CUNDINAMARCA
49167,6364239,2026-04-25,16:05:00,ANTIOQUIA
49168,6364238,2026-04-25,22:15:00,CUNDINAMARCA
49169,6364241,2026-04-25,23:00:00,ANTIOQUIA
49174,6364215,2026-04-25,20:00:00,CUNDINAMARCA
49184,6364243,2026-04-26,2:30:00,ANTIOQUIA
49187,6364273,2026-04-26,2:00:00,CUNDINAMARCA
49189,6364280,2026-04-25,21:00:00,CUNDINAMARCA
49207,6364306,2026-04-25,18:30:00,CUNDINAMARCA
49208,6364309,2026-04-25,23:45:00,ANTIOQUIA
49210,6364321,2026-04-25,20:00:00,CUNDINAMARCA
49216,6364319,2026-04-26,9:30:00,CUNDINAMARCA
49221,6364332,2026-04-25,18:30:00,CUNDINAMARCA
49222,6364325,2026-04-25,21:30:00,CUNDINAMARCA
49223,6364333,2026-04-25,23:00:00,ANTIOQUIA
49231,6364351,2026-04-25,19:00:00,CUNDINAMARCA
49232,6364345,2026-04-26,1:30:00,ANTIOQUIA
49233,6364352,2026-04-25,21:00:00,ANTIOQUIA
49235,6364354,2026-04-26,0:00:00,ANTIOQUIA
49236,6364356,2026-04-26,2:30:00,ANTIOQUIA
49242,6364367,2026-04-25,23:00:00,ANTIOQUIA
49243,6364369,2026-04-26,3:00:00,CUNDINAMARCA
49247,6364375,2026-04-25,18:15:00,ANTIOQUIA
49248,6364374,2026-04-25,20:30:00,CUNDINAMARCA
49251,6364379,2026-04-26,3:00:00,CUNDINAMARCA
49255,6364389,2026-04-25,22:45:00,CUNDINAMARCA
49257,6364390,2026-04-26,2:00:00,CUNDINAMARCA
49258,6364391,2026-04-26,0:00:00,ANTIOQUIA
49259,6364392,2026-04-25,23:50:00,ANTIOQUIA
49260,6364398,2026-04-25,21:00:00,CUNDINAMARCA
49261,6364400,2026-04-25,19:30:00,CUNDINAMARCA
49268,6364411,2026-04-25,19:30:00,CUNDINAMARCA
49271,6364410,2026-04-26,1:55:00,ANTIOQUIA
49272,6364406,2026-04-26,0:15:00,ANTIOQUIA
49273,6364414,2026-04-26,2:30:00,ANTIOQUIA
49278,6364423,2026-04-26,2:30:00,ANTIOQUIA
49280,6364427,2026-04-25,20:00:00,CUNDINAMARCA
49281,6364426,2026-04-25,20:30:00,CUNDINAMARCA
49283,6364428,2026-04-26,2:15:00,CUNDINAMARCA
49285,6364432,2026-04-25,23:30:00,ANTIOQUIA
49289,6364443,2026-04-26,2:30:00,ANTIOQUIA
49290,6364445,2026-04-26,1:30:00,CUNDINAMARCA
49291,6364438,2026-05-02,0:00:00,CUNDINAMARCA
49292,6364450,2026-04-26,2:00:00,ANTIOQUIA
49299,6364458,2026-04-25,23:00:00,ANTIOQUIA
49300,6364446,2026-04-26,2:30:00,CUNDINAMARCA
49301,6364448,2026-04-26,1:00:00,ANTIOQUIA
49302,6364463,2026-04-25,22:15:00,ANTIOQUIA
49303,6364456,2026-04-26,4:30:00,CUNDINAMARCA
49305,6364467,2026-04-26,0:00:00,ANTIOQUIA
49308,6364471,2026-04-26,3:50:00,ANTIOQUIA
49309,6364469,2026-04-26,0:30:00,CUNDINAMARCA
49315,6364485,2026-04-26,0:30:00,ANTIOQUIA
49320,6364495,2026-04-25,21:00:00,CUNDINAMARCA
49322,6364500,2026-04-26,2:30:00,ANTIOQUIA
49323,6364502,2026-04-25,21:00:00,ANTIOQUIA
49326,6364507,2026-04-25,23:40:00,CUNDINAMARCA
49327,6364498,2026-04-26,2:00:00,ANTIOQUIA
49328,6364508,2026-04-26,2:30:00,ANTIOQUIA
49331,6364511,2026-04-25,22:30:00,CUNDINAMARCA
49332,6364515,2026-04-25,22:30:00,ANTIOQUIA
49335,6364521,2026-04-25,23:30:00,CUNDINAMARCA
49339,6364530,2026-04-26,0:20:00,ANTIOQUIA
49340,6364533,2026-04-25,22:00:00,ANTIOQUIA
49342,6364532,2026-04-25,21:30:00,CUNDINAMARCA
49343,6364534,2026-04-25,23:30:00,CUNDINAMARCA
49344,6364539,2026-04-26,1:00:00,ANTIOQUIA
49346,6364520,2026-04-26,8:00:00,CUNDINAMARCA
49347,6364522,2026-04-26,2:00:00,CUNDINAMARCA
49348,6364541,2026-04-25,23:00:00,ANTIOQUIA
49350,6364547,2026-04-25,23:15:00,CUNDINAMARCA
49352,6364548,2026-04-26,0:30:00,CUNDINAMARCA
49356,6364554,2026-04-26,1:05:00,CUNDINAMARCA
49358,6364537,2026-04-26,3:30:00,ANTIOQUIA
49359,6364560,2026-04-25,23:30:00,CUNDINAMARCA
49360,6364558,2026-04-26,2:30:00,CUNDINAMARCA
49361,6364569,2026-04-26,0:00:00,CUNDINAMARCA
49363,6364568,2026-04-26,2:00:00,ANTIOQUIA
49366,6364552,2026-04-25,23:30:00,ANTIOQUIA
49367,6364574,2026-04-25,23:00:00,CUNDINAMARCA
49368,6364575,2026-04-25,22:30:00,CUNDINAMARCA
49369,6364577,2026-04-26,2:30:00,ANTIOQUIA
49370,6364555,2026-04-26,3:15:00,CUNDINAMARCA
49373,6364581,2026-04-25,22:30:00,CUNDINAMARCA
49374,6364582,2026-04-26,2:00:00,CUNDINAMARCA
49375,6364556,2026-05-02,2:15:00,ANTIOQUIA
49376,6364558,2026-04-26,0:00:00,CUNDINAMARCA
49377,6364585,2026-04-25,23:00:00,ANTIOQUIA
49378,6364588,2026-04-26,0:00:00,CUNDINAMARCA
49380,6364561,2026-04-26,2:00:00,ANTIOQUIA
49384,6364594,2026-04-25,23:55:00,CUNDINAMARCA
49385,6364563,2026-04-25,23:30:00,CUNDINAMARCA
49388,6364587,2026-04-25,22:30:00,CUNDINAMARCA
49389,6364565,2026-04-26,0:15:00,ANTIOQUIA
49390,6364601,2026-04-26,0:30:00,CUNDINAMARCA
49391,6364599,2026-04-25,23:30:00,ANTIOQUIA
49392,6364566,2026-04-25,22:00:00,CUNDINAMARCA
49393,6364593,2026-04-26,2:30:00,ANTIOQUIA
49396,6364593,2026-04-25,22:30:00,CUNDINAMARCA
49397,6364587,2026-04-25,22:30:00,CUNDINAMARCA
49401,6364608,2026-04-25,22:30:00,CUNDINAMARCA
49402,6364611,2026-04-26,0:00:00,ANTIOQUIA
49403,6364610,2026-04-25,22:15:00,ANTIOQUIA
49405,6364606,2026-04-26,3:15:00,CUNDINAMARCA
49407,6364620,2026-04-26,3:00:00,ANTIOQUIA
49409,6364619,2026-04-26,1:30:00,CUNDINAMARCA
49410,6364623,2026-04-25,23:30:00,ANTIOQUIA
49411,6364622,2026-04-25,23:50:00,ANTIOQUIA
49412,6364624,2026-04-26,2:00:00,ANTIOQUIA
49417,6364641,2026-04-25,23:30:00,CUNDINAMARCA
49418,6364638,2026-04-25,22:45:00,CUNDINAMARCA
49419,6364639,2026-04-25,23:00:00,CUNDINAMARCA
49421,6364645,2026-04-25,22:30:00,CUNDINAMARCA
49422,6364640,2026-04-26,3:30:00,CUNDINAMARCA
49424,6364650,2026-04-25,23:55:00,ANTIOQUIA
49425,6364643,2026-04-26,1:00:00,CUNDINAMARCA
49427,6364647,2026-04-26,2:00:00,CUNDINAMARCA
49430,6364656,2026-04-26,1:00:00,ANTIOQUIA
49431,6364659,2026-04-25,18:55:00,CUNDINAMARCA
49433,6364655,2026-04-26,4:30:00,CUNDINAMARCA
49434,6364667,2026-04-25,23:00:00,CUNDINAMARCA
49435,6364670,2026-04-26,1:30:00,ANTIOQUIA
49436,6364671,2026-04-25,22:00:00,CUNDINAMARCA
49437,6364660,2026-04-25,23:00:00,CUNDINAMARCA
49438,6364661,2026-04-26,2:30:00,CUNDINAMARCA
49439,6364674,2026-04-26,2:00:00,CUNDINAMARCA
49441,6364676,2026-04-25,23:10:00,ANTIOQUIA
49443,6364663,2026-04-26,2:00:00,CUNDINAMARCA
49444,6364679,2026-04-26,1:00:00,CUNDINAMARCA
49445,6364684,2026-04-25,23:00:00,CUNDINAMARCA
49446,6364668,2026-04-26,2:00:00,CUNDINAMARCA
49448,6364687,2026-04-26,0:30:00,CUNDINAMARCA
49451,6364690,2026-04-26,0:30:00,ANTIOQUIA
49452,6364689,2026-04-26,0:30:00,CUNDINAMARCA
49453,6364700,2026-04-25,23:20:00,ANTIOQUIA
49454,6364620,2026-04-26,3:00:00,ANTIOQUIA
49455,6364672,2026-04-26,2:30:00,CUNDINAMARCA
49457,6364678,2026-04-26,3:15:00,ANTIOQUIA
49459,6364682,2026-04-26,1:30:00,CUNDINAMARCA
49460,6364705,2026-04-25,23:30:00,CUNDINAMARCA
49461,6364707,2026-04-26,1:00:00,CUNDINAMARCA
49463,6364714,2026-04-25,23:30:00,CUNDINAMARCA
49464,6364681,2026-04-26,1:00:00,CUNDINAMARCA
49465,6364703,2026-04-26,0:15:00,CUNDINAMARCA
49466,6364698,2026-04-26,0:30:00,CUNDINAMARCA
49468,6364718,2026-04-26,1:30:00,ANTIOQUIA
49470,6364723,2026-04-26,0:30:00,CUNDINAMARCA
49475,6364728,2026-04-26,1:05:00,CUNDINAMARCA
49476,6364713,2026-04-26,2:00:00,CUNDINAMARCA
49477,6364715,2026-04-25,23:45:00,ANTIOQUIA
49480,6364716,2026-04-26,1:00:00,CUNDINAMARCA
49488,6364731,2026-04-26,2:00:00,CUNDINAMARCA
49490,6364741,2026-04-26,1:30:00,CUNDINAMARCA
49492,6364745,2026-04-26,3:30:00,CUNDINAMARCA
49493,6364747,2026-04-26,2:05:00,CUNDINAMARCA
49495,6364749,2026-04-25,23:30:00,CUNDINAMARCA
49496,6364750,2026-04-26,0:00:00,ANTIOQUIA
49497,6364746,2026-04-26,0:30:00,ANTIOQUIA
49501,6364761,2026-04-26,2:30:00,CUNDINAMARCA
49503,6364763,2026-04-26,0:30:00,CUNDINAMARCA
49504,6364764,2026-04-26,2:00:00,ANTIOQUIA
49506,6364767,2026-04-26,2:00:00,CUNDINAMARCA
49513,6364782,2026-04-26,7:30:00,ANTIOQUIA
49514,6364788,2026-04-25,23:30:00,CUNDINAMARCA
49515,6364772,2026-04-26,2:00:00,CUNDINAMARCA
49518,6364791,2026-04-26,0:30:00,CUNDINAMARCA
49520,6364773,2026-04-26,1:00:00,ANTIOQUIA
49523,6364805,2026-04-26,1:00:00,ANTIOQUIA
49525,6364800,2026-04-26,12:00:00,CUNDINAMARCA
49527,6364778,2026-04-26,0:30:00,CUNDINAMARCA
49528,6364785,2026-04-26,2:30:00,ANTIOQUIA
49531,6364786,2026-04-26,3:00:00,CUNDINAMARCA
49532,6364807,2026-04-26,1:00:00,CUNDINAMARCA
49533,6364785,2026-04-26,2:30:00,ANTIOQUIA
49534,6364795,2026-04-26,0:45:00,CUNDINAMARCA
49535,6364812,2026-04-26,2:15:00,CUNDINAMARCA
49536,6364796,2026-04-26,0:45:00,CUNDINAMARCA
49538,6364797,2026-04-26,12:30:00,CUNDINAMARCA
49543,6364803,2026-04-26,2:20:00,ANTIOQUIA
49548,6364819,2026-04-26,11:45:00,CUNDINAMARCA
49549,6364825,2026-04-26,2:00:00,CUNDINAMARCA
49551,6364830,2026-04-26,2:15:00,ANTIOQUIA
49552,6364833,2026-04-26,2:15:00,CUNDINAMARCA
49553,6364835,2026-04-26,1:30:00,CUNDINAMARCA
49555,6364838,2026-04-26,1:45:00,ANTIOQUIA
49557,6384839,2026-04-26,3:00:00,ANTIOQUIA
49559,6364842,2026-04-26,1:40:00,ANTIOQUIA
49562,6364844,2026-04-26,2:10:00,CUNDINAMARCA
49564,6364848,2026-04-26,2:00:00,CUNDINAMARCA
49567,6364851,2026-04-26,1:50:00,CUNDINAMARCA
49569,6364854,2026-04-26,3:30:00,CUNDINAMARCA
49570,6364855,2026-04-26,3:00:00,CUNDINAMARCA
49574,6364859,2026-04-26,3:00:00,CUNDINAMARCA
49575,6364862,2026-04-26,3:00:00,CUNDINAMARCA
49576,6364863,2026-04-26,2:15:00,CUNDINAMARCA
49577,6364864,2026-04-26,2:20:00,CUNDINAMARCA
49578,6364865,2026-04-26,2:20:00,CUNDINAMARCA
49579,6364866,2026-04-26,2:20:00,CUNDINAMARCA
49581,6364869,2026-04-26,2:30:00,CUNDINAMARCA
49584,6364873,2026-04-26,4:00:00,ANTIOQUIA
49585,6364877,2026-04-26,4:00:00,CUNDINAMARCA
49588,6364881,2026-04-26,3:00:00,ANTIOQUIA
49591,6364889,2026-04-26,3:30:00,CUNDINAMARCA
49592,6364891,2026-04-26,3:05:00,ANTIOQUIA
49597,6364896,2026-04-26,3:15:00,CUNDINAMARCA
49600,6364900,2026-04-26,3:30:00,ANTIOQUIA
49602,6364901,2026-04-26,3:20:00,ANTIOQUIA
49607,6364908,2026-04-26,3:30:00,ANTIOQUIA
49608,6364907,2026-04-26,3:30:00,ANTIOQUIA
49612,6364918,2026-04-26,4:00:00,ANTIOQUIA
49613,6364919,2026-04-26,4:00:00,CUNDINAMARCA
49614,6364917,2026-04-26,4:30:00,CUNDINAMARCA
49616,6364783,2026-04-26,1:30:00,CUNDINAMARCA
49623,6364933,2026-04-27,5:00:00,ANTIOQUIA
49626,6364940,2026-04-26,18:00:00,ANTIOQUIA
49665,6365018,2026-04-26,14:15:00,ANTIOQUIA
49668,6365026,2026-04-26,16:00:00,CUNDINAMARCA
49671,6365041,2026-04-26,15:40:00,ANTIOQUIA
49675,6365049,2026-04-26,19:00:00,CUNDINAMARCA
49691,6365085,2026-04-26,19:00:00,CUNDINAMARCA
49699,6365110,2026-04-26,19:00:00,CUNDINAMARCA
49706,6365134,2026-04-26,17:00:00,ANTIOQUIA
49712,6365147,2026-04-26,17:40:00,CUNDINAMARCA
49722,6365156,2026-04-26,21:30:00,CUNDINAMARCA
49732,6365171,2026-04-26,18:50:00,CUNDINAMARCA
49734,6365185,2026-04-26,18:00:00,CUNDINAMARCA
49738,6365199,2026-04-26,18:50:00,ANTIOQUIA
49741,6365203,2026-04-26,18:50:00,CUNDINAMARCA
49749,6365213,2026-04-26,19:15:00,CUNDINAMARCA
49784,6365288,2026-04-27,5:45:00,CUNDINAMARCA
49786,6365134,2026-04-26,17:00:00,ANTIOQUIA
49787,6365285,2026-04-26,20:30:00,CUNDINAMARCA
49790,6365298,2026-04-26,20:30:00,CUNDINAMARCA
49791,6365289,2026-04-27,6:00:00,CUNDINAMARCA
49794,6365304,2026-04-26,20:45:00,ANTIOQUIA
49806,6365326,2026-04-26,21:30:00,ANTIOQUIA
49823,6365362,2026-04-27,0:30:00,CUNDINAMARCA
49825,6365361,2026-04-27,6:45:00,CUNDINAMARCA
49857,6365433,2026-04-27,2:00:00,ANTIOQUIA
49864,6365444,2026-04-27,1:00:00,ANTIOQUIA
49872,6365458,2026-04-27,1:30:00,ANTIOQUIA
49876,6365469,2026-04-27,2:00:00,ANTIOQUIA
49922,6365611,2026-04-27,17:00:00,CUNDINAMARCA
50076,6365988,2026-04-27,17:00:00,CUNDINAMARCA
50143,6366183,2026-04-27,20:00:00,CUNDINAMARCA
50145,6366186,2026-04-27,17:30:00,CUNDINAMARCA
50224,6366400,2026-04-27,19:35:00,CUNDINAMARCA
50265,6366510,2026-04-27,21:30:00,CUNDINAMARCA
50269,6366525,2026-04-28,0:00:00,CUNDINAMARCA
50291,6366569,2026-04-28,6:00:00,CUNDINAMARCA
50293,6366579,2026-04-27,22:30:00,CUNDINAMARCA
50387,6366811,2026-04-28,12:00:00,CUNDINAMARCA
50391,6366820,2026-04-28,17:30:00,CUNDINAMARCA
50406,6366859,2026-05-02,1:40:00,CUNDINAMARCA
50491,6367139,2026-04-28,23:30:00,CUNDINAMARCA
50557,6367386,2026-04-28,19:30:00,CUNDINAMARCA
50565,6367422,2026-04-30,10:10:00,CUNDINAMARCA
50583,6367452,2026-04-28,23:00:00,CUNDINAMARCA
50618,6367610,2026-04-28,21:40:00,ANTIOQUIA
50621,6367646,2026-04-28,20:30:00,CUNDINAMARCA
50655,6367734,2026-04-28,22:30:00,CUNDINAMARCA
50664,6367757,2026-04-28,22:00:00,CUNDINAMARCA
50679,6367790,2026-04-28,22:30:00,CUNDINAMARCA
50681,6367789,2026-04-29,13:15:00,ANTIOQUIA
50690,6367794,2026-04-28,22:25:00,ANTIOQUIA
50701,6367831,2026-04-29,0:15:00,CUNDINAMARCA
50717,6367857,2026-05-02,3:00:00,CUNDINAMARCA
50741,6367911,2026-04-29,3:30:00,CUNDINAMARCA
50760,6367947,2026-04-29,2:20:00,CUNDINAMARCA
50761,6367948,2026-04-29,4:30:00,CUNDINAMARCA
50780,6367985,2026-04-30,14:00:00,CUNDINAMARCA
50845,6368150,2026-04-29,13:30:00,CUNDINAMARCA
50850,6368158,2026-04-29,16:30:00,CUNDINAMARCA
50876,6368245,2026-04-29,16:30:00,CUNDINAMARCA
50883,6368264,2026-04-30,5:00:00,CUNDINAMARCA
50902,6368328,2026-05-02,0:00:00,CUNDINAMARCA
50918,6368359,2026-05-01,0:15:00,CUNDINAMARCA
50963,6368491,2026-04-30,8:00:00,CUNDINAMARCA
51002,6368592,2026-05-01,23:00:00,CUNDINAMARCA
51024,6368650,2026-05-01,1:20:00,CUNDINAMARCA
51052,6368748,2026-04-29,19:00:00,CUNDINAMARCA
51062,6368776,2026-05-03,2:00:00,CUNDINAMARCA
51074,6368854,2026-04-30,0:00:00,CUNDINAMARCA
51089,6368906,2026-04-29,21:00:00,ANTIOQUIA
51104,6368946,2026-04-29,21:00:00,CUNDINAMARCA
51123,6369009,2026-04-29,22:00:00,CUNDINAMARCA
51144,6369064,2026-04-30,22:00:00,CUNDINAMARCA
51151,6369076,2026-04-30,7:30:00,ANTIOQUIA
51152,6369080,2026-04-30,14:00:00,ANTIOQUIA
51156,6369087,2026-04-30,15:00:00,ANTIOQUIA
51162,6369102,2026-04-30,17:30:00,ANTIOQUIA
51186,6369135,2026-04-30,0:30:00,ANTIOQUIA
51209,6369186,2026-04-30,6:05:00,CUNDINAMARCA
51216,6369190,2026-04-30,6:00:00,CUNDINAMARCA
51217,6369199,2026-05-02,2:30:00,CUNDINAMARCA
51238,6369255,2026-04-30,2:00:00,CUNDINAMARCA
51253,6369275,2026-04-30,9:30:00,ANTIOQUIA
51254,6369274,2026-04-30,4:30:00,CUNDINAMARCA
51285,6369324,2026-05-01,23:45:00,ANTIOQUIA
51305,6369357,2026-05-01,1:30:00,CUNDINAMARCA
51319,6369393,2026-04-30,12:00:00,ANTIOQUIA
51328,6369414,2026-04-30,15:00:00,CUNDINAMARCA
51330,6369416,2026-05-01,1:00:00,CUNDINAMARCA
51337,6369433,2026-05-01,1:30:00,CUNDINAMARCA
51355,6369510,2026-04-30,17:30:00,ANTIOQUIA
51359,6369515,2026-05-01,1:30:00,CUNDINAMARCA
51364,6369516,2026-05-01,2:30:00,CUNDINAMARCA
51379,6369565,2026-05-01,1:45:00,ANTIOQUIA
51401,6369648,2026-05-01,2:00:00,CUNDINAMARCA
51402,6369654,2026-04-30,21:00:00,ANTIOQUIA
51404,6369638,2026-05-01,1:15:00,ANTIOQUIA
51418,6369706,2026-05-01,2:00:00,ANTIOQUIA
51426,6369712,2026-04-30,19:15:00,ANTIOQUIA
51432,6369730,2026-04-30,23:30:00,ANTIOQUIA
51469,6369812,2026-04-30,23:00:00,ANTIOQUIA
51489,6369843,2026-05-01,1:30:00,CUNDINAMARCA
51496,6369870,2026-05-01,3:15:00,ANTIOQUIA
51499,6369894,2026-04-30,15:00:00,CUNDINAMARCA
51500,6369896,2026-05-01,0:00:00,CUNDINAMARCA
51501,6369893,2026-05-01,1:25:00,CUNDINAMARCA
51521,6369954,2026-04-30,22:30:00,CUNDINAMARCA
51525,6369955,2026-05-01,2:30:00,ANTIOQUIA
51548,6370020,2026-04-30,23:00:00,ANTIOQUIA
51552,6370039,2026-04-30,21:00:00,ANTIOQUIA
51577,6370109,2026-04-30,22:15:00,CUNDINAMARCA
51578,6370111,2026-05-01,2:00:00,ANTIOQUIA
51584,6370106,2026-04-30,21:30:00,CUNDINAMARCA
51587,6370138,2026-04-30,22:45:00,CUNDINAMARCA
51588,6370137,2026-04-30,23:00:00,CUNDINAMARCA
51604,6370179,2026-04-30,22:30:00,ANTIOQUIA
51609,6370190,2026-04-30,21:15:00,CUNDINAMARCA
51611,6370176,2026-05-01,4:00:00,CUNDINAMARCA
51617,6370201,2026-05-01,1:30:00,ANTIOQUIA
51622,6370215,2026-04-30,22:00:00,CUNDINAMARCA
51623,6370214,2026-05-01,2:15:00,CUNDINAMARCA
51627,6370222,2026-04-30,23:55:00,CUNDINAMARCA
51630,6370224,2026-05-01,0:00:00,CUNDINAMARCA
51632,6370227,2026-05-01,1:45:00,ANTIOQUIA
51633,6370230,2026-05-01,2:00:00,ANTIOQUIA
51636,6370232,2026-04-30,22:00:00,CUNDINAMARCA
51638,6370243,2026-05-01,2:00:00,ANTIOQUIA
51641,6370246,2026-04-30,22:05:00,CUNDINAMARCA
51646,63670258,2026-05-01,2:30:00,CUNDINAMARCA
51647,6370259,2026-04-30,23:00:00,CUNDINAMARCA
51648,6370257,2026-04-30,23:00:00,CUNDINAMARCA
51649,6370261,2026-05-01,1:00:00,ANTIOQUIA
51652,6370260,2026-05-01,1:00:00,CUNDINAMARCA
51653,6370265,2026-05-01,2:00:00,ANTIOQUIA
51654,6370264,2026-05-01,3:30:00,CUNDINAMARCA
51655,6370266,2026-04-30,23:30:00,CUNDINAMARCA
51657,6370269,2026-04-30,23:30:00,ANTIOQUIA
51658,6370270,2026-04-30,23:55:00,ANTIOQUIA
51659,6370271,2026-05-01,2:00:00,ANTIOQUIA
51660,6370272,2026-04-30,21:40:00,CUNDINAMARCA
51666,6370280,2026-04-30,23:30:00,CUNDINAMARCA
51668,6370282,2026-04-30,23:05:00,CUNDINAMARCA
51669,6370287,2026-04-30,23:00:00,CUNDINAMARCA
51673,6370295,2026-04-30,23:55:00,ANTIOQUIA
51674,6370289,2026-05-01,2:30:00,CUNDINAMARCA
51676,6370300,2026-04-30,23:30:00,CUNDINAMARCA
51678,6370311,2026-05-01,0:00:00,ANTIOQUIA
51688,6370331,2026-05-01,1:30:00,CUNDINAMARCA
51689,6370309,2026-05-01,7:45:00,CUNDINAMARCA
51691,6370312,2026-04-30,23:45:00,ANTIOQUIA
51693,6370314,2026-04-30,23:45:00,CUNDINAMARCA
51694,6370336,2026-05-01,0:00:00,CUNDINAMARCA
51698,6370339,2026-05-01,0:00:00,CUNDINAMARCA
51699,6370342,2026-05-01,0:00:00,CUNDINAMARCA
51701,6370316,2026-05-01,1:30:00,ANTIOQUIA
51703,6370318,2026-05-01,1:00:00,CUNDINAMARCA
51704,6370317,2026-05-02,0:30:00,ANTIOQUIA
51705,6370325,2026-05-01,2:30:00,ANTIOQUIA
51709,6370332,2026-05-01,1:00:00,ANTIOQUIA
51712,6370353,2026-05-01,0:05:00,CUNDINAMARCA
51713,6370344,2026-05-01,1:30:00,ANTIOQUIA
51714,6370354,2026-05-01,0:10:00,ANTIOQUIA
51715,6370356,2026-05-01,1:00:00,CUNDINAMARCA
51716,6370358,2026-05-01,0:00:00,ANTIOQUIA
51717,6370348,2026-05-02,0:00:00,ANTIOQUIA
51721,6370365,2026-05-01,0:40:00,ANTIOQUIA
51724,6370372,2026-05-01,3:15:00,CUNDINAMARCA
51726,6370376,2026-05-01,1:30:00,CUNDINAMARCA
51729,6370386,2026-05-01,2:30:00,CUNDINAMARCA
51731,6370383,2026-05-01,2:25:00,ANTIOQUIA
51734,6370393,2026-05-01,1:05:00,ANTIOQUIA
51736,6370395,2026-05-01,0:45:00,ANTIOQUIA
51740,6370389,2026-05-01,2:00:00,CUNDINAMARCA
51741,6370404,2026-05-01,1:00:00,CUNDINAMARCA
51742,6370391,2026-05-01,1:00:00,CUNDINAMARCA
51744,6370407,2026-05-01,3:00:00,CUNDINAMARCA
51746,6370402,2026-05-01,1:30:00,CUNDINAMARCA
51751,6370406,2026-05-01,1:30:00,CUNDINAMARCA
51753,6370415,2026-05-01,3:00:00,ANTIOQUIA
51759,6370423,2026-05-01,1:50:00,CUNDINAMARCA
51760,630427,2026-05-01,3:00:00,CUNDINAMARCA
51764,6370433,2026-05-01,2:00:00,CUNDINAMARCA
51765,6370434,2026-05-01,2:30:00,ANTIOQUIA
51768,6370435,2026-05-01,2:15:00,CUNDINAMARCA
51770,6370440,2026-05-01,2:00:00,ANTIOQUIA
51771,6370438,2026-05-01,15:00:00,ANTIOQUIA
51772,6370441,2026-05-01,2:15:00,CUNDINAMARCA
51774,6370445,2026-05-01,3:00:00,CUNDINAMARCA
51776,6370449,2026-05-01,2:35:00,ANTIOQUIA
51777,6370452,2026-05-01,4:00:00,CUNDINAMARCA
51779,6370454,2026-05-01,2:40:00,CUNDINAMARCA
51780,6370456,2026-05-01,2:40:00,ANTIOQUIA
51781,6370457,2026-05-01,3:05:00,CUNDINAMARCA
51783,6370463,2026-05-01,2:00:00,ANTIOQUIA
51784,6370464,2026-05-01,3:00:00,CUNDINAMARCA
51785,6370462,2026-05-01,4:00:00,CUNDINAMARCA
51787,6370466,2026-05-01,3:15:00,CUNDINAMARCA
51789,6370470,2026-05-01,3:20:00,CUNDINAMARCA
51790,6370469,2026-05-01,3:30:00,CUNDINAMARCA
51791,6370472,2026-05-01,3:00:00,CUNDINAMARCA
51795,6370482,2026-05-01,4:10:00,CUNDINAMARCA
51797,6370485,2026-05-01,4:00:00,CUNDINAMARCA
51799,6370490,2026-05-01,4:30:00,CUNDINAMARCA
51811,6370510,2026-05-01,7:45:00,ANTIOQUIA
51812,6370511,2026-05-01,7:00:00,CUNDINAMARCA
51818,6370529,2026-05-01,23:45:00,CUNDINAMARCA
51825,6370536,2026-05-01,11:00:00,ANTIOQUIA
51826,6370539,2026-05-01,11:00:00,ANTIOQUIA
51830,6370543,2026-05-02,3:00:00,CUNDINAMARCA
51833,6370550,2026-05-01,12:00:00,ANTIOQUIA
51859,6370610,2026-05-02,2:10:00,ANTIOQUIA
51865,6370617,2026-05-05,5:55:00,CUNDINAMARCA
51875,6370644,2026-05-01,17:00:00,CUNDINAMARCA
51876,6370643,2026-05-01,15:00:00,CUNDINAMARCA
51888,6370660,2026-05-01,19:00:00,CUNDINAMARCA
51894,6370679,2026-05-02,2:00:00,CUNDINAMARCA
51895,6370677,2026-05-01,19:00:00,CUNDINAMARCA
51897,6370682,2026-05-01,19:45:00,ANTIOQUIA
51903,6370687,2026-05-02,22:00:00,CUNDINAMARCA
51907,6370696,2026-05-02,1:00:00,CUNDINAMARCA
51911,6370708,2026-05-01,17:00:00,CUNDINAMARCA
51915,6370714,2026-05-02,2:00:00,CUNDINAMARCA
51931,6370735,2026-05-03,9:45:00,CUNDINAMARCA
51937,6370754,2026-05-02,1:05:00,ANTIOQUIA
51940,6370761,2026-05-01,19:00:00,ANTIOQUIA
51942,6370760,2026-05-01,21:30:00,CUNDINAMARCA
51953,6370781,2026-05-01,18:30:00,ANTIOQUIA
51954,6370770,2026-05-01,20:00:00,CUNDINAMARCA
51956,6370787,2026-05-03,3:35:00,ANTIOQUIA
51957,6370785,2026-05-01,21:00:00,CUNDINAMARCA
51960,6370786,2026-05-02,22:30:00,CUNDINAMARCA
51965,6370804,2026-05-03,2:20:00,ANTIOQUIA
51966,6370807,2026-05-02,23:00:00,CUNDINAMARCA
51969,6370809,2026-05-01,18:30:00,CUNDINAMARCA
51977,6370825,2026-05-02,2:00:00,CUNDINAMARCA
51978,6370828,2026-05-01,21:00:00,CUNDINAMARCA
51979,6370830,2026-05-01,19:30:00,CUNDINAMARCA
51980,6370833,2026-05-02,23:00:00,ANTIOQUIA
51981,6370834,2026-05-02,3:35:00,CUNDINAMARCA
51982,6370835,2026-05-01,22:30:00,CUNDINAMARCA
51983,6370832,2026-05-01,19:15:00,ANTIOQUIA
51986,6370843,2026-05-01,20:30:00,ANTIOQUIA
51989,6370844,2026-05-01,20:00:00,ANTIOQUIA
51992,6370859,2026-05-01,20:00:00,CUNDINAMARCA
51993,6370860,2026-05-02,1:00:00,ANTIOQUIA
51998,6370856,2026-05-01,21:00:00,CUNDINAMARCA
51999,6370873,2026-05-01,20:30:00,CUNDINAMARCA
52000,6370874,2026-05-02,0:30:00,ANTIOQUIA
52001,6370864,2026-05-01,20:00:00,ANTIOQUIA
52004,6370866,2026-05-02,1:50:00,CUNDINAMARCA
52009,6370887,2026-05-01,23:30:00,CUNDINAMARCA
52010,6370881,2026-05-01,23:30:00,ANTIOQUIA
52015,6370677,2026-05-01,19:00:00,CUNDINAMARCA
52027,6370922,2026-05-02,3:00:00,ANTIOQUIA
52033,6370929,2026-05-01,21:00:00,ANTIOQUIA
52037,6370924,2026-05-01,22:00:00,CUNDINAMARCA
52038,6370931,2026-05-01,21:00:00,ANTIOQUIA
52039,6370941,2026-05-01,23:00:00,ANTIOQUIA
52040,6370945,2026-05-01,23:00:00,CUNDINAMARCA
52041,6370932,2026-05-01,22:00:00,CUNDINAMARCA
52043,6370934,2026-05-01,23:00:00,ANTIOQUIA
52044,6370948,2026-05-03,1:15:00,CUNDINAMARCA
52050,6370962,2026-05-01,23:00:00,CUNDINAMARCA
52053,6370954,2026-05-01,21:30:00,CUNDINAMARCA
52054,6370966,2026-05-02,0:45:00,ANTIOQUIA
52056,6370961,2026-05-02,0:15:00,ANTIOQUIA
52057,6370971,2026-05-01,22:00:00,ANTIOQUIA
52063,6370984,2026-05-02,1:00:00,CUNDINAMARCA
52064,6370982,2026-05-01,23:30:00,CUNDINAMARCA
52065,6370983,2026-05-01,22:00:00,ANTIOQUIA
52069,6370991,2026-05-01,22:15:00,ANTIOQUIA
52071,6368328,2026-05-02,2:00:00,CUNDINAMARCA
52072,6370980,2026-05-02,0:00:00,ANTIOQUIA
52075,6370997,2026-05-01,23:30:00,ANTIOQUIA
52078,6371000,2026-05-02,2:00:00,ANTIOQUIA
52079,6371001,2026-05-02,21:30:00,CUNDINAMARCA
52080,6371002,2026-05-01,22:25:00,CUNDINAMARCA
52083,6371006,2026-05-02,0:00:00,CUNDINAMARCA
52085,6371009,2026-05-02,1:45:00,ANTIOQUIA
52088,6371014,2026-05-02,2:50:00,CUNDINAMARCA
52090,6371011,2026-05-03,1:00:00,CUNDINAMARCA
52094,6371022,2026-05-01,23:55:00,CUNDINAMARCA
52095,6371025,2026-05-01,23:55:00,ANTIOQUIA
52096,6371029,2026-05-01,22:45:00,CUNDINAMARCA
52097,6371021,2026-05-02,11:30:00,CUNDINAMARCA
52098,6371028,2026-05-01,23:15:00,CUNDINAMARCA
52104,6371039,2026-05-02,3:00:00,CUNDINAMARCA
52108,6371043,2026-05-02,0:00:00,ANTIOQUIA
52109,6371044,2026-05-02,0:00:00,ANTIOQUIA
52111,6371053,2026-05-02,2:30:00,ANTIOQUIA
52112,6371048,2026-05-02,1:30:00,CUNDINAMARCA
52116,6371054,2026-05-02,0:30:00,CUNDINAMARCA
52118,6371065,2026-05-02,1:00:00,ANTIOQUIA
52120,6371066,2026-05-02,2:15:00,CUNDINAMARCA
52122,6371070,2026-05-02,1:30:00,CUNDINAMARCA
52125,6370177,2026-05-02,2:30:00,CUNDINAMARCA
52127,6371083,2026-05-01,22:30:00,ANTIOQUIA
52128,6371084,2026-05-02,0:00:00,ANTIOQUIA
52129,6368328,2026-05-02,0:00:00,CUNDINAMARCA
52133,6371088,2026-05-02,0:16:00,ANTIOQUIA
52135,6371091,2026-05-02,1:05:00,ANTIOQUIA
52138,6371096,2026-05-02,1:35:00,CUNDINAMARCA
52139,6371099,2026-05-02,3:00:00,ANTIOQUIA
52141,6371100,2026-05-02,0:30:00,CUNDINAMARCA
52142,6371101,2026-05-02,0:50:00,CUNDINAMARCA
52144,6371106,2026-05-02,0:30:00,ANTIOQUIA
52150,6371113,2026-05-02,1:00:00,CUNDINAMARCA
52151,6371115,2026-05-02,1:00:00,ANTIOQUIA
52152,6371117,2026-05-02,2:00:00,ANTIOQUIA
52154,6371123,2026-05-02,2:00:00,CUNDINAMARCA
52156,6371116,2026-05-02,2:00:00,ANTIOQUIA
52165,6371133,2026-05-02,3:00:00,ANTIOQUIA
52166,6371136,2026-05-02,1:00:00,ANTIOQUIA
52167,6371137,2026-05-02,2:00:00,CUNDINAMARCA
52168,6371141,2026-05-02,1:15:00,CUNDINAMARCA
52169,6371142,2026-05-02,1:15:00,ANTIOQUIA
52170,6371139,2026-05-02,20:00:00,CUNDINAMARCA
52171,6371143,2026-05-02,6:00:00,CUNDINAMARCA
52172,6371145,2026-05-02,1:30:00,ANTIOQUIA
52173,6371146,2026-05-02,3:30:00,ANTIOQUIA
52175,6371147,2026-05-03,0:00:00,ANTIOQUIA
52176,6371149,2026-05-02,1:45:00,CUNDINAMARCA
52177,6371151,2026-05-02,1:35:00,ANTIOQUIA
52178,6371148,2026-05-02,2:00:00,CUNDINAMARCA
52179,6371152,2026-05-02,1:30:00,ANTIOQUIA
52180,6371153,2026-05-02,1:35:00,ANTIOQUIA
52181,6371157,2026-05-02,5:00:00,CUNDINAMARCA
52183,6371156,2026-05-02,2:00:00,ANTIOQUIA
52184,6371159,2026-05-02,1:55:00,ANTIOQUIA
52187,6371162,2026-05-02,2:00:00,ANTIOQUIA
52189,6371164,2026-05-02,2:15:00,ANTIOQUIA
52190,6371168,2026-05-02,2:00:00,CUNDINAMARCA
52191,6371167,2026-05-02,2:15:00,ANTIOQUIA
52195,6371171,2026-05-02,3:05:00,CUNDINAMARCA
52196,6371172,2026-05-02,3:00:00,ANTIOQUIA
52197,6371173,2026-05-02,2:45:00,ANTIOQUIA
52199,6371175,2026-05-02,2:35:00,CUNDINAMARCA
52201,6371177,2026-05-02,15:30:00,ANTIOQUIA
52203,6371167,2026-05-02,2:15:00,ANTIOQUIA
52208,6371184,2026-05-02,3:30:00,CUNDINAMARCA
52210,6371198,2026-05-02,3:10:00,ANTIOQUIA
52216,6371196,2026-05-02,4:00:00,ANTIOQUIA
52217,6371199,2026-05-02,7:15:00,CUNDINAMARCA
52219,6371202,2026-05-02,4:00:00,CUNDINAMARCA
52220,6371203,2026-04-02,4:00:00,CUNDINAMARCA
52221,6371205,2026-05-02,4:15:00,CUNDINAMARCA
52224,6371208,2026-05-02,5:20:00,CUNDINAMARCA
52225,6371209,2026-05-02,4:30:00,CUNDINAMARCA
52228,6371211,2026-05-02,15:00:00,ANTIOQUIA
52229,6371214,2026-05-02,7:00:00,CUNDINAMARCA
52280,6371314,2026-05-03,0:45:00,CUNDINAMARCA
52283,6371310,2026-05-02,23:00:00,ANTIOQUIA
52288,6371329,2026-05-03,2:15:00,CUNDINAMARCA
52296,6371343,2026-05-03,0:50:00,ANTIOQUIA
52318,6371396,2026-05-03,2:00:00,CUNDINAMARCA
52321,6371403,2026-05-02,23:55:00,ANTIOQUIA
52324,6371410,2026-05-02,23:30:00,ANTIOQUIA
52333,6371429,2026-05-03,0:30:00,CUNDINAMARCA
52337,6371433,2026-05-03,2:00:00,CUNDINAMARCA
52345,6371458,2026-05-03,1:45:00,ANTIOQUIA
52347,6371468,2026-05-02,22:00:00,CUNDINAMARCA
52354,6371491,2026-05-03,2:00:00,CUNDINAMARCA
52366,6371516,2026-05-03,1:00:00,CUNDINAMARCA
52367,6371518,2026-05-02,18:00:00,ANTIOQUIA
52369,6371523,2026-05-02,21:00:00,CUNDINAMARCA
52371,6371529,2026-05-03,3:55:00,ANTIOQUIA
52387,6371567,2026-05-02,18:30:00,CUNDINAMARCA
52408,6371524,2026-05-02,21:00:00,CUNDINAMARCA
52414,6371621,2026-05-02,19:40:00,CUNDINAMARCA
52431,6371675,2026-05-02,20:30:00,ANTIOQUIA
52435,6371685,2026-05-02,19:40:00,CUNDINAMARCA
52436,6371686,2026-05-02,23:00:00,ANTIOQUIA
52437,6371683,2026-05-03,2:00:00,CUNDINAMARCA
52440,6371655,2026-05-03,1:00:00,CUNDINAMARCA
52441,6371641,2026-05-02,21:00:00,CUNDINAMARCA
52444,6371620,2026-05-02,23:00:00,CUNDINAMARCA
52445,6371679,2026-05-03,0:30:00,CUNDINAMARCA
52446,6371614,2026-05-03,2:00:00,CUNDINAMARCA
52449,6371565,2026-05-02,19:30:00,CUNDINAMARCA
52450,6371701,2026-05-03,18:00:00,CUNDINAMARCA
52454,6371702,2026-05-03,2:15:00,CUNDINAMARCA
52458,6371720,2026-05-03,0:30:00,ANTIOQUIA
52464,6371730,2026-05-03,2:00:00,CUNDINAMARCA
52465,6371736,2026-05-02,23:00:00,ANTIOQUIA
52468,6371749,2026-05-02,21:00:00,CUNDINAMARCA
52469,6371742,2026-05-02,21:00:00,ANTIOQUIA
52472,6371753,2026-05-02,23:30:00,ANTIOQUIA
52473,6371758,2026-05-02,23:30:00,CUNDINAMARCA
52480,6371771,2026-05-03,3:00:00,ANTIOQUIA
52481,6371775,2026-05-02,23:00:00,CUNDINAMARCA
52482,6371776,2026-05-03,2:00:00,ANTIOQUIA
52484,6371778,2026-05-03,0:30:00,CUNDINAMARCA
52485,6371779,2026-05-03,1:00:00,ANTIOQUIA
52486,6371780,2026-05-02,21:45:00,ANTIOQUIA
52487,6371775,2026-05-02,23:00:00,CUNDINAMARCA
52488,6371785,2026-05-03,1:00:00,CUNDINAMARCA
52490,6371781,2026-05-03,3:00:00,ANTIOQUIA
52491,6371789,2026-05-03,1:00:00,ANTIOQUIA
52494,6371791,2026-05-02,22:15:00,CUNDINAMARCA
52495,6371795,2026-05-02,23:55:00,CUNDINAMARCA
52498,6371802,2026-05-02,22:10:00,CUNDINAMARCA
52499,6371804,2026-05-03,1:25:00,ANTIOQUIA
52501,6371809,2026-05-03,0:35:00,ANTIOQUIA
52502,6371807,2026-05-03,0:00:00,ANTIOQUIA
52503,6371810,2026-05-03,0:40:00,ANTIOQUIA
52506,6371824,2026-05-03,1:00:00,CUNDINAMARCA
52507,6371813,2026-05-02,23:55:00,ANTIOQUIA
52508,6371811,2026-05-02,22:05:00,ANTIOQUIA
52514,6371827,2026-05-03,1:00:00,ANTIOQUIA
52516,6371820,2026-05-02,23:00:00,ANTIOQUIA
52517,6371834,2026-05-03,1:00:00,ANTIOQUIA
52521,6371825,2026-05-02,23:30:00,CUNDINAMARCA
52523,6371838,2026-05-03,1:55:00,CUNDINAMARCA
52527,6371841,2026-05-02,22:45:00,ANTIOQUIA
52528,6371844,2026-05-03,2:30:00,CUNDINAMARCA
52529,6371845,2026-05-02,23:00:00,CUNDINAMARCA
52533,6371848,2026-05-03,3:00:00,CUNDINAMARCA
52534,6371859,2026-05-03,2:00:00,ANTIOQUIA
52536,6371860,2026-05-02,23:15:00,CUNDINAMARCA
52538,6371861,2026-05-03,2:05:00,CUNDINAMARCA
52540,6371866,2026-05-03,1:00:00,ANTIOQUIA
52541,6371869,2026-05-03,2:00:00,ANTIOQUIA
52546,6371874,2026-05-03,4:00:00,CUNDINAMARCA
52547,6371877,2026-05-02,23:30:00,ANTIOQUIA
52549,6371876,2026-05-03,21:00:00,CUNDINAMARCA
52551,6371875,2026-05-03,0:15:00,ANTIOQUIA
52553,6371881,2026-05-03,0:30:00,CUNDINAMARCA
52556,6371889,2026-05-03,4:30:00,CUNDINAMARCA
52557,6371888,2026-05-03,2:00:00,ANTIOQUIA
52559,6371893,2026-05-02,23:30:00,ANTIOQUIA
52560,6371885,2026-05-02,23:30:00,ANTIOQUIA
52561,6371897,2026-05-03,1:05:00,ANTIOQUIA
52562,6371887,2026-05-03,2:00:00,CUNDINAMARCA
52564,6371903,2026-05-03,2:00:00,CUNDINAMARCA
52565,6371902,2026-05-02,23:45:00,CUNDINAMARCA
52567,6371898,2026-05-03,2:00:00,ANTIOQUIA
52568,6371908,2026-05-03,0:00:00,CUNDINAMARCA
52570,6371907,2026-05-02,23:55:00,CUNDINAMARCA
52571,6371916,2026-05-02,23:00:00,ANTIOQUIA
52573,6371919,2026-05-02,23:40:00,CUNDINAMARCA
52574,6371918,2026-05-02,23:55:00,CUNDINAMARCA
52575,6371905,2026-05-03,2:00:00,ANTIOQUIA
52577,6371917,2026-05-03,1:00:00,CUNDINAMARCA
52585,6371923,2026-05-03,0:15:00,ANTIOQUIA
52588,6371941,2026-05-03,1:00:00,ANTIOQUIA
52589,6371933,2026-05-03,0:15:00,ANTIOQUIA
52591,6371934,2026-05-03,2:00:00,ANTIOQUIA
52594,6371947,2026-05-02,23:00:00,ANTIOQUIA
52596,6371948,2026-05-03,2:10:00,CUNDINAMARCA
52598,6371937,2026-05-03,1:00:00,CUNDINAMARCA
52599,6371952,2026-05-03,17:30:00,CUNDINAMARCA
52600,6371946,2026-05-03,1:30:00,ANTIOQUIA
52601,6371956,2026-05-03,0:30:00,CUNDINAMARCA
52603,6371954,2026-05-03,1:00:00,CUNDINAMARCA
52604,6371960,2026-05-03,2:00:00,ANTIOQUIA
52605,6371957,2026-05-03,0:30:00,CUNDINAMARCA
52606,6371960,2026-05-03,2:00:00,ANTIOQUIA
52608,6371959,2026-05-03,1:00:00,CUNDINAMARCA
52609,6371969,2026-05-03,0:00:00,ANTIOQUIA
52610,6371967,2026-05-03,3:00:00,ANTIOQUIA
52611,6371968,2026-05-03,2:00:00,CUNDINAMARCA
52612,6371970,2026-05-03,2:00:00,CUNDINAMARCA
52613,6371971,2026-05-03,2:30:00,CUNDINAMARCA
52615,6371972,2026-05-03,0:40:00,CUNDINAMARCA
52617,6371975,2026-05-03,3:55:00,CUNDINAMARCA
52618,6371976,2026-05-03,1:00:00,ANTIOQUIA
52619,6371979,2026-05-02,23:30:00,ANTIOQUIA
52620,6371977,2026-05-03,2:00:00,CUNDINAMARCA
52622,6371983,2026-05-03,1:00:00,CUNDINAMARCA
52623,4793067,2026-05-03,3:30:00,CUNDINAMARCA
52624,6371984,2026-05-03,3:05:00,CUNDINAMARCA
52625,6391987,2026-05-03,2:40:00,CUNDINAMARCA
52626,6371986,2026-05-03,2:00:00,ANTIOQUIA
52629,6371994,2026-05-03,4:00:00,CUNDINAMARCA
52630,6371995,2026-05-03,3:30:00,ANTIOQUIA
52633,6371998,2026-05-03,1:40:00,CUNDINAMARCA
52636,6372002,2026-05-03,4:00:00,CUNDINAMARCA
52637,6372003,2026-05-03,1:30:00,CUNDINAMARCA
52639,6372006,2026-05-03,2:00:00,ANTIOQUIA
52640,6372008,2026-05-03,2:30:00,ANTIOQUIA
52643,6372013,2026-05-03,2:00:00,ANTIOQUIA
52644,6372012,2026-05-03,3:00:00,CUNDINAMARCA
52646,6372015,2026-05-03,2:30:00,CUNDINAMARCA
52648,6372018,2026-05-03,2:50:00,CUNDINAMARCA
52649,6372021,2026-05-03,2:30:00,ANTIOQUIA
52651,6372020,2026-05-03,9:30:00,ANTIOQUIA
52653,6372023,2026-05-03,3:20:00,ANTIOQUIA
52655,6372029,2026-05-03,2:40:00,CUNDINAMARCA
52657,6372031,2026-05-03,4:20:00,CUNDINAMARCA
52658,6372035,2026-05-03,3:30:00,CUNDINAMARCA
52660,6372038,2026-05-03,8:00:00,ANTIOQUIA
52661,6372039,2026-05-03,3:00:00,CUNDINAMARCA
52662,6372040,2026-05-03,3:00:00,ANTIOQUIA
52672,6372051,2026-05-03,4:00:00,ANTIOQUIA
52673,6372050,2026-05-03,4:00:00,CUNDINAMARCA
52677,6372061,2026-05-03,4:00:00,ANTIOQUIA
52679,6372060,2026-05-03,5:10:00,CUNDINAMARCA
52681,6372065,2026-05-03,5:00:00,ANTIOQUIA
52683,6372069,2026-05-03,5:20:00,ANTIOQUIA
52685,6372072,2026-05-03,5:30:00,ANTIOQUIA
52686,6372074,2026-05-03,5:45:00,CUNDINAMARCA
52687,6372076,2026-05-03,6:00:00,CUNDINAMARCA
52689,6372074,2026-05-03,5:45:00,CUNDINAMARCA
52693,6372087,2026-05-03,7:00:00,CUNDINAMARCA
52696,6372094,2026-05-03,9:00:00,CUNDINAMARCA
52704,6372111,2026-05-03,11:30:00,ANTIOQUIA
52713,6372131,2026-05-03,15:00:00,ANTIOQUIA
52730,6372161,2026-05-03,13:00:00,CUNDINAMARCA
52734,6372170,2026-05-04,10:00:00,CUNDINAMARCA
52741,6372176,2026-05-03,16:00:00,CUNDINAMARCA
52745,6371952,2026-05-03,5:30:00,CUNDINAMARCA
52751,6372201,2026-05-03,23:45:00,ANTIOQUIA
52756,6372217,2026-05-03,17:00:00,ANTIOQUIA
52761,6372231,2026-05-03,16:15:00,CUNDINAMARCA
52802,6372308,2026-05-03,17:30:00,CUNDINAMARCA
52828,6372217,2026-05-03,17:00:00,ANTIOQUIA
52834,6372362,2026-05-03,20:00:00,CUNDINAMARCA
52837,6372368,2026-05-03,21:00:00,CUNDINAMARCA
52846,6372387,2026-05-03,20:00:00,CUNDINAMARCA
52869,6372433,2026-05-03,23:00:00,ANTIOQUIA
52871,6372438,2026-05-03,21:30:00,ANTIOQUIA
52886,6372464,2026-05-07,3:00:00,ANTIOQUIA
52925,6372531,2026-05-04,1:00:00,CUNDINAMARCA
52952,6372615,2026-05-04,2:30:00,CUNDINAMARCA
53108,6373140,2026-05-04,22:15:00,ANTIOQUIA
53164,6373323,2026-05-04,17:00:00,ANTIOQUIA
53221,6373508,2026-05-04,21:00:00,CUNDINAMARCA
53331,6373804,2026-05-04,23:30:00,CUNDINAMARCA
53405,6373968,2026-05-05,5:45:00,CUNDINAMARCA
53413,6373998,2026-05-05,0:00:00,ANTIOQUIA
53417,6374002,2026-05-05,12:30:00,CUNDINAMARCA
53420,6374009,2026-05-05,7:45:00,CUNDINAMARCA
53442,6374062,2026-05-05,9:30:00,CUNDINAMARCA
53503,6374211,2026-05-09,4:15:00,CUNDINAMARCA
53615,6374595,2026-05-05,16:30:00,CUNDINAMARCA
53640,66374699,2026-05-05,18:00:00,CUNDINAMARCA
53671,6374802,2026-05-07,18:30:00,CUNDINAMARCA
53714,6374937,2026-05-09,1:15:00,ANTIOQUIA
53721,6374964,2026-05-06,6:00:00,CUNDINAMARCA
53743,6375020,2026-05-16,23:55:00,CUNDINAMARCA
53744,6375025,2026-05-09,2:00:00,CUNDINAMARCA
53762,6375060,2026-05-05,22:15:00,ANTIOQUIA
53772,6375087,2026-05-06,18:45:00,CUNDINAMARCA
53774,6375092,2026-05-05,23:00:00,CUNDINAMARCA
53788,6375120,2026-05-05,23:30:00,CUNDINAMARCA
53793,6375122,2026-05-06,6:45:00,CUNDINAMARCA
53796,6375125,2026-05-06,0:15:00,ANTIOQUIA
53804,6375159,2026-05-06,12:00:00,CUNDINAMARCA
53817,6375205,2026-05-06,2:15:00,ANTIOQUIA
53839,6375247,2026-05-06,6:15:00,CUNDINAMARCA
53892,6375403,2026-05-06,12:45:00,CUNDINAMARCA
53901,6375451,2026-05-06,19:00:00,ANTIOQUIA
53934,6375578,2026-05-06,16:30:00,CUNDINAMARCA
53954,6375626,2026-05-06,17:00:00,CUNDINAMARCA
53977,6375715,2026-05-07,5:00:00,CUNDINAMARCA
53980,6375726,2026-05-06,22:00:00,CUNDINAMARCA
54050,6375950,2026-05-06,18:00:00,CUNDINAMARCA
54103,6376193,2026-05-06,20:30:00,CUNDINAMARCA
54121,6376273,2026-05-06,21:00:00,CUNDINAMARCA
54124,6376286,2026-05-06,21:00:00,CUNDINAMARCA
54126,6376293,2026-05-06,22:15:00,CUNDINAMARCA
54149,6376376,2026-05-06,22:35:00,ANTIOQUIA
54151,6376373,2026-05-06,22:45:00,CUNDINAMARCA
54162,6376403,2026-05-06,23:30:00,CUNDINAMARCA
54164,6376405,2026-05-07,8:00:00,CUNDINAMARCA
54242,6376560,2026-05-10,2:00:00,CUNDINAMARCA
54317,6376782,2026-05-09,3:00:00,CUNDINAMARCA
54322,6376795,2026-05-30,21:00:00,CUNDINAMARCA
54332,6376843,2026-05-08,1:00:00,CUNDINAMARCA
54340,6376868,2026-05-07,15:20:00,CUNDINAMARCA
54367,6376973,2026-05-07,22:15:00,CUNDINAMARCA
54391,6377034,2026-05-08,1:00:00,CUNDINAMARCA
54394,6377046,2026-05-07,17:15:00,CUNDINAMARCA
54398,6377058,2026-05-08,9:30:00,ANTIOQUIA
54408,6377099,2026-05-07,21:00:00,CUNDINAMARCA
54434,6377184,2026-05-07,18:50:00,ANTIOQUIA
54447,6377255,2026-05-07,20:30:00,CUNDINAMARCA
54463,6377314,2026-05-07,21:00:00,CUNDINAMARCA
54469,6377337,2026-05-07,20:30:00,CUNDINAMARCA
54471,6377341,2026-05-08,0:15:00,CUNDINAMARCA
54478,6377357,2026-05-08,11:00:00,ANTIOQUIA
54480,6377376,2026-05-07,21:00:00,CUNDINAMARCA
54485,6377385,2026-05-08,10:30:00,CUNDINAMARCA
54487,6377394,2026-05-07,20:55:00,CUNDINAMARCA
54488,6377376,2026-05-07,21:00:00,CUNDINAMARCA
54502,6377426,2026-05-09,23:00:00,CUNDINAMARCA
54507,6377434,2026-05-07,23:00:00,ANTIOQUIA
54510,6377436,2026-05-07,22:00:00,ANTIOQUIA
54522,6377468,2026-05-08,21:30:00,ANTIOQUIA
54524,6377476,2026-05-08,10:45:00,ANTIOQUIA
54541,6377517,2026-05-07,23:30:00,CUNDINAMARCA
54542,6377520,2026-05-08,15:00:00,CUNDINAMARCA
54546,6377522,2026-05-07,23:20:00,CUNDINAMARCA
54552,6377534,2026-05-08,0:00:00,CUNDINAMARCA
54561,6377545,2026-05-08,0:00:00,CUNDINAMARCA
54567,6377556,2026-05-08,0:00:00,ANTIOQUIA
54574,6377567,2026-05-08,12:00:00,CUNDINAMARCA
54575,6377566,2026-05-08,0:30:00,CUNDINAMARCA
54576,6377568,2026-05-09,1:30:00,CUNDINAMARCA
54584,6377581,2026-05-08,1:00:00,CUNDINAMARCA
54585,6377582,2026-05-09,2:00:00,CUNDINAMARCA
54586,6377585,2026-05-08,1:05:00,CUNDINAMARCA
54587,6377584,2026-05-10,2:00:00,CUNDINAMARCA
54607,6377611,2026-05-08,2:30:00,ANTIOQUIA
54612,6377620,2026-05-09,2:30:00,CUNDINAMARCA
54616,6377635,2026-05-08,3:30:00,ANTIOQUIA
54621,6377640,2026-05-08,4:00:00,CUNDINAMARCA
54624,6377643,2026-05-09,5:30:00,CUNDINAMARCA
54635,6377664,2026-05-09,7:30:00,ANTIOQUIA
54671,6377750,2026-05-09,1:15:00,CUNDINAMARCA
54675,6377769,2026-05-08,23:00:00,ANTIOQUIA
54685,6377811,2026-05-08,20:00:00,CUNDINAMARCA
54702,6377895,2026-05-08,21:05:00,ANTIOQUIA
54704,6377875,2026-05-08,15:45:00,CUNDINAMARCA
54708,6377884,2026-05-08,17:45:00,ANTIOQUIA
54711,6377915,2026-05-08,1:30:00,CUNDINAMARCA
54716,6377919,2026-05-08,13:45:00,CUNDINAMARCA
54743,6377983,2026-05-08,14:30:00,CUNDINAMARCA
54761,4797957,2026-05-08,12:30:00,ANTIOQUIA
54762,6378062,2026-05-08,22:30:00,CUNDINAMARCA
54778,6378118,2026-05-08,15:45:00,CUNDINAMARCA
54798,6378203,2026-05-08,19:00:00,CUNDINAMARCA
54802,6378204,2026-05-09,3:00:00,ANTIOQUIA
54807,6378218,2026-05-08,20:45:00,CUNDINAMARCA
54820,6378246,2026-05-08,17:30:00,CUNDINAMARCA
54832,4798169,2026-05-09,1:00:00,ANTIOQUIA
54833,6378282,2026-05-09,3:15:00,CUNDINAMARCA
54839,6378284,2026-05-09,2:15:00,ANTIOQUIA
54840,6378293,2026-05-08,21:30:00,CUNDINAMARCA
54841,6378305,2026-05-09,23:55:00,CUNDINAMARCA
54847,6378324,2026-05-09,1:20:00,CUNDINAMARCA
54857,6378351,2026-05-09,1:30:00,ANTIOQUIA
54862,6378368,2026-05-09,1:00:00,CUNDINAMARCA
54868,6378403,2026-05-09,5:00:00,CUNDINAMARCA
54888,6378457,2026-05-10,1:00:00,ANTIOQUIA
54891,6378507,2026-05-09,5:00:00,CUNDINAMARCA
54892,6378504,2026-05-08,23:00:00,CUNDINAMARCA
54898,6378522,2026-05-08,21:30:00,CUNDINAMARCA
54900,6378519,2026-05-09,2:00:00,ANTIOQUIA
54907,6378469,2026-05-08,19:45:00,ANTIOQUIA
54909,6378534,2026-05-08,23:00:00,ANTIOQUIA
54911,6378476,2026-05-08,21:15:00,CUNDINAMARCA
54912,6378528,2026-05-09,3:00:00,CUNDINAMARCA
54918,6378546,2026-05-08,19:50:00,ANTIOQUIA
54924,6378561,2026-05-08,20:00:00,CUNDINAMARCA
54930,6378554,2026-05-08,23:30:00,CUNDINAMARCA
54938,6378594,2026-05-09,1:00:00,ANTIOQUIA
54951,6378612,2026-05-08,23:00:00,CUNDINAMARCA
54952,6378649,2026-05-08,21:00:00,CUNDINAMARCA
54958,6378674,2026-05-09,3:35:00,CUNDINAMARCA
54960,6378690,2026-05-09,0:30:00,ANTIOQUIA
54962,6378689,2026-05-10,1:00:00,ANTIOQUIA
54967,6378703,2026-05-08,23:15:00,ANTIOQUIA
54976,6378707,2026-05-08,23:00:00,CUNDINAMARCA
54977,6378720,2026-05-09,0:30:00,CUNDINAMARCA
54979,6378705,2026-05-08,22:30:00,ANTIOQUIA
54982,6378725,2026-05-09,3:00:00,CUNDINAMARCA
54990,6378738,2026-05-09,22:05:00,CUNDINAMARCA
54993,6378747,2026-05-08,22:05:00,CUNDINAMARCA
54994,6378736,2026-05-09,1:00:00,CUNDINAMARCA
54995,6378741,2026-05-09,0:00:00,CUNDINAMARCA
54996,6378754,2026-05-08,22:10:00,ANTIOQUIA
54998,6378740,2026-05-09,18:00:00,CUNDINAMARCA
55000,6378764,2026-05-08,23:30:00,CUNDINAMARCA
55005,6378766,2026-05-09,4:15:00,CUNDINAMARCA
55006,6378761,2026-05-09,3:00:00,ANTIOQUIA
55010,6378760,2026-05-09,1:00:00,ANTIOQUIA
55012,6378791,2026-05-08,22:35:00,CUNDINAMARCA
55015,6378767,2026-05-08,22:45:00,CUNDINAMARCA
55020,6378788,2026-05-08,23:00:00,CUNDINAMARCA
55024,6378796,2026-05-08,22:45:00,CUNDINAMARCA
55028,6378839,2026-05-09,4:35:00,CUNDINAMARCA
55030,6378843,2026-05-09,0:00:00,CUNDINAMARCA
55032,6378848,2026-05-09,0:15:00,CUNDINAMARCA
55033,6378849,2026-05-08,23:10:00,ANTIOQUIA
55034,6378844,2026-05-09,2:30:00,CUNDINAMARCA
55040,6378859,2026-05-09,2:00:00,CUNDINAMARCA
55045,637887,2026-05-09,0:15:00,ANTIOQUIA
55047,6378862,2026-05-09,2:00:00,CUNDINAMARCA
55050,6378869,2026-05-09,0:00:00,ANTIOQUIA
55052,6378871,2026-05-09,0:00:00,CUNDINAMARCA
55057,6378889,2026-05-09,3:00:00,CUNDINAMARCA
55060,6378903,2026-05-09,1:30:00,ANTIOQUIA
55061,6378894,2026-05-09,1:00:00,ANTIOQUIA
55063,6378893,2026-05-10,3:00:00,CUNDINAMARCA
55065,6378907,2026-05-09,4:00:00,CUNDINAMARCA
55067,6378910,2026-05-09,2:00:00,CUNDINAMARCA
55070,6378914,2026-05-09,2:30:00,ANTIOQUIA
55071,6378920,2026-05-09,0:22:00,ANTIOQUIA
55072,6378915,2026-05-09,12:30:00,CUNDINAMARCA
55076,6378923,2026-05-09,1:00:00,ANTIOQUIA
55078,6378919,2026-05-09,1:00:00,CUNDINAMARCA
55080,6378918,2026-05-09,0:30:00,ANTIOQUIA
55082,6378936,2026-05-09,0:45:00,CUNDINAMARCA
55086,6378933,2026-05-09,3:00:00,CUNDINAMARCA
55088,6378945,2026-05-09,0:50:00,CUNDINAMARCA
55089,6378946,2026-05-09,0:50:00,CUNDINAMARCA
55090,6378947,2026-05-10,2:30:00,ANTIOQUIA
55093,6378949,2026-05-09,3:30:00,CUNDINAMARCA
55094,6378953,2026-05-09,2:00:00,ANTIOQUIA
55096,6378956,2026-05-09,3:00:00,CUNDINAMARCA
55098,6378962,2026-05-09,2:30:00,CUNDINAMARCA
55099,6378964,2026-05-09,1:30:00,ANTIOQUIA
55102,6378967,2026-05-09,3:00:00,CUNDINAMARCA
55105,6378974,2026-05-09,1:00:00,CUNDINAMARCA
55109,6378981,2026-05-09,3:00:00,ANTIOQUIA
55112,6378988,2026-05-09,2:00:00,CUNDINAMARCA
55113,6378987,2026-05-09,2:40:00,CUNDINAMARCA
55114,6378990,2026-05-09,3:00:00,CUNDINAMARCA
55115,6378992,2026-05-10,2:00:00,ANTIOQUIA
55116,6378985,2026-05-10,2:30:00,CUNDINAMARCA
55117,6378991,2026-05-09,1:15:00,ANTIOQUIA
55119,6378995,2026-05-09,4:30:00,CUNDINAMARCA
55120,6378997,2026-05-09,3:00:00,CUNDINAMARCA
55123,6378998,2026-05-09,2:00:00,CUNDINAMARCA
55127,6379001,2026-05-09,3:00:00,CUNDINAMARCA
55132,6379013,2026-05-09,2:30:00,CUNDINAMARCA
55134,6379016,2026-02-09,2:20:00,CUNDINAMARCA
55138,6379028,2026-05-09,3:00:00,CUNDINAMARCA
55139,6379030,2026-05-09,3:00:00,CUNDINAMARCA
55143,6379040,2026-05-09,3:00:00,CUNDINAMARCA
55148,6379056,2026-05-09,3:00:00,CUNDINAMARCA
55152,6379071,2026-05-09,4:00:00,CUNDINAMARCA
55154,6379080,2026-05-09,4:40:00,CUNDINAMARCA
55165,6379112,2026-05-09,9:00:00,CUNDINAMARCA
55171,6379119,2026-05-09,10:00:00,CUNDINAMARCA
55186,6379143,2026-05-10,2:00:00,CUNDINAMARCA
55190,6379153,2026-05-09,21:00:00,ANTIOQUIA
55194,6379157,2026-05-10,3:00:00,CUNDINAMARCA
55233,6379247,2026-05-10,2:05:00,CUNDINAMARCA
55234,6379251,2026-05-10,10:00:00,CUNDINAMARCA
55238,6379239,2026-05-10,1:00:00,CUNDINAMARCA
55268,6379346,2026-05-10,3:00:00,CUNDINAMARCA
55270,6379345,2026-05-10,3:15:00,CUNDINAMARCA
55274,6379366,2026-05-09,15:00:00,CUNDINAMARCA
55290,6379417,2026-05-09,15:15:00,CUNDINAMARCA
55294,6379424,2026-05-10,0:00:00,ANTIOQUIA
55297,6379444,2026-05-10,0:30:00,CUNDINAMARCA
55304,6379458,2026-05-09,23:30:00,ANTIOQUIA
55310,6379483,2026-05-09,20:00:00,CUNDINAMARCA
55319,6379494,2026-05-10,1:00:00,ANTIOQUIA
55325,6379503,2026-05-09,20:00:00,CUNDINAMARCA
55329,6379509,2026-05-10,2:00:00,CUNDINAMARCA
55339,6379525,2026-05-10,0:00:00,CUNDINAMARCA
55362,6379564,2026-05-09,21:00:00,CUNDINAMARCA
55363,6379572,2026-05-09,23:00:00,CUNDINAMARCA
55370,6379580,2026-05-09,19:00:00,CUNDINAMARCA
55373,6379585,2026-05-10,18:05:00,CUNDINAMARCA
55380,6379605,2026-05-09,23:30:00,ANTIOQUIA
55388,6379613,2026-05-10,1:30:00,ANTIOQUIA
55390,6379594,2026-05-10,17:00:00,CUNDINAMARCA
55391,6379621,2026-05-09,23:00:00,CUNDINAMARCA
55393,6379623,2026-05-09,17:55:00,CUNDINAMARCA
55411,6379656,2026-05-09,18:30:00,ANTIOQUIA
55412,6379660,2026-05-09,22:00:00,CUNDINAMARCA
55416,6379669,2026-05-09,23:00:00,ANTIOQUIA
55418,6379668,2026-05-09,23:55:00,CUNDINAMARCA
55424,6379686,2026-05-09,18:45:00,CUNDINAMARCA
55429,6379693,2026-05-09,20:00:00,CUNDINAMARCA
55435,6379700,2026-05-10,1:30:00,ANTIOQUIA
55439,6379717,2026-05-09,20:00:00,CUNDINAMARCA
55444,6379726,2026-05-09,19:30:00,CUNDINAMARCA
55452,6379740,2026-05-10,3:00:00,CUNDINAMARCA
55453,6379734,2026-05-09,20:00:00,CUNDINAMARCA
55454,6379748,2026-05-10,1:00:00,ANTIOQUIA
55456,6379745,2026-05-10,2:00:00,CUNDINAMARCA
55458,6379746,2026-05-09,20:00:00,ANTIOQUIA
55468,6379770,2026-05-10,2:50:00,CUNDINAMARCA
55474,6379772,2026-05-10,1:00:00,ANTIOQUIA
55475,6379778,2026-05-09,22:00:00,CUNDINAMARCA
55476,6379761,2026-05-10,1:15:00,CUNDINAMARCA
55477,6379775,2026-05-09,23:00:00,ANTIOQUIA
55478,6379763,2026-05-09,20:15:00,CUNDINAMARCA
55481,6379765,2026-05-09,20:30:00,ANTIOQUIA
55484,6379784,2026-05-09,22:15:00,CUNDINAMARCA
55485,6379781,2026-05-10,2:30:00,ANTIOQUIA
55486,6379787,2026-05-10,2:15:00,CUNDINAMARCA
55487,6379750,2026-05-09,23:45:00,CUNDINAMARCA
55488,6379786,2026-05-10,1:00:00,CUNDINAMARCA
55492,6379794,2026-05-09,22:00:00,CUNDINAMARCA
55494,6379791,2026-05-09,21:00:00,CUNDINAMARCA
55497,6379802,2026-05-09,21:00:00,ANTIOQUIA
55498,6379803,2026-05-09,20:15:00,CUNDINAMARCA
55500,6379796,2026-05-10,0:00:00,CUNDINAMARCA
55501,6379807,2026-05-10,1:00:00,CUNDINAMARCA
55504,6379812,2026-05-09,23:55:00,ANTIOQUIA
55505,6379810,2026-05-09,23:30:00,ANTIOQUIA
55510,6379826,2026-05-09,22:30:00,CUNDINAMARCA
55511,6379821,2026-05-09,21:00:00,ANTIOQUIA
55513,6379828,2026-05-09,20:00:00,CUNDINAMARCA
55514,6379825,2026-05-09,22:00:00,CUNDINAMARCA
55515,6379837,2026-05-10,1:00:00,CUNDINAMARCA
55516,6379836,2026-05-09,23:50:00,ANTIOQUIA
55518,6379841,2026-05-10,1:50:00,ANTIOQUIA
55521,6379844,2026-05-09,21:30:00,CUNDINAMARCA
55522,6379851,2026-05-09,23:00:00,CUNDINAMARCA
55525,6379849,2026-05-09,21:30:00,CUNDINAMARCA
55526,6379846,2026-05-10,2:35:00,CUNDINAMARCA
55527,6379853,2026-05-10,2:00:00,CUNDINAMARCA
55529,6379854,2026-05-10,1:00:00,ANTIOQUIA
55530,6379855,2026-05-09,23:00:00,CUNDINAMARCA
55531,6379861,2026-05-10,0:00:00,CUNDINAMARCA
55533,6379860,2026-05-09,21:40:00,CUNDINAMARCA
55534,6379863,2026-05-09,23:55:00,ANTIOQUIA
55536,6379862,2026-05-10,0:30:00,CUNDINAMARCA
55537,6379869,2026-05-10,1:20:00,ANTIOQUIA
55538,6379870,2026-05-09,21:55:00,ANTIOQUIA
55539,6379871,2026-05-10,2:00:00,ANTIOQUIA
55540,6379865,2026-05-09,22:15:00,CUNDINAMARCA
55541,6379872,2026-05-10,2:00:00,CUNDINAMARCA
55543,6379877,2026-05-09,23:00:00,CUNDINAMARCA
55546,6379874,2026-05-10,18:30:00,CUNDINAMARCA
55549,6379887,2026-05-09,23:00:00,CUNDINAMARCA
55550,6379885,2026-05-10,2:30:00,CUNDINAMARCA
55551,6379888,2026-05-09,22:10:00,CUNDINAMARCA
55557,6379897,2026-05-09,22:15:00,CUNDINAMARCA
55558,6379901,2026-05-09,22:30:00,CUNDINAMARCA
55559,6379904,2026-05-09,23:55:00,CUNDINAMARCA
55562,6379910,2026-05-10,3:00:00,CUNDINAMARCA
55563,6379907,2026-05-10,3:30:00,CUNDINAMARCA
55564,6379913,2026-05-09,22:30:00,CUNDINAMARCA
55565,6379914,2026-05-09,23:00:00,CUNDINAMARCA
55569,6379922,2026-05-10,2:20:00,ANTIOQUIA
55571,6379926,2026-05-10,0:00:00,CUNDINAMARCA
55575,6379935,2026-05-09,23:45:00,ANTIOQUIA
55579,6379933,2026-05-10,2:45:00,ANTIOQUIA
55580,6379936,2026-05-10,1:00:00,CUNDINAMARCA
55581,6379942,2026-05-10,2:30:00,ANTIOQUIA
55582,6379939,2026-05-09,23:55:00,ANTIOQUIA
55583,6379938,2026-05-09,23:00:00,ANTIOQUIA
55584,6379947,2026-05-09,1:30:00,CUNDINAMARCA
55585,6379944,2026-05-10,0:00:00,CUNDINAMARCA
55588,6379945,2026-05-10,2:30:00,CUNDINAMARCA
55589,6379958,2026-05-10,2:35:00,CUNDINAMARCA
55592,6379948,2026-05-10,2:00:00,ANTIOQUIA
55593,6379965,2026-05-09,23:30:00,ANTIOQUIA
55595,6379952,2026-05-10,0:30:00,ANTIOQUIA
55597,6379953,2026-05-10,2:00:00,CUNDINAMARCA
55598,6379954,2026-05-10,0:00:00,ANTIOQUIA
55600,6379974,2026-05-09,23:59:00,ANTIOQUIA
55602,6379957,2026-05-10,1:00:00,ANTIOQUIA
55604,6379977,2026-05-09,23:30:00,CUNDINAMARCA
55605,6379978,2026-05-10,1:00:00,ANTIOQUIA
55610,6379972,2026-05-10,2:00:00,CUNDINAMARCA
55611,6379980,2026-05-10,3:00:00,CUNDINAMARCA
55612,6379983,2026-05-10,4:00:00,ANTIOQUIA
55614,6379975,2026-05-10,0:00:00,ANTIOQUIA
55615,6379984,2026-05-10,1:00:00,ANTIOQUIA
55616,6379987,2026-05-09,23:30:00,ANTIOQUIA
55617,6379982,2026-05-09,23:59:00,CUNDINAMARCA
55619,6379990,2026-05-10,0:00:00,CUNDINAMARCA
55620,6379992,2026-05-09,23:55:00,ANTIOQUIA
55621,6379996,2026-05-10,0:00:00,CUNDINAMARCA
55625,6380003,2026-05-10,1:00:00,ANTIOQUIA
55629,6380007,2026-05-09,23:00:00,CUNDINAMARCA
55631,6380008,2026-05-10,1:00:00,CUNDINAMARCA
55634,6380014,2026-05-09,23:55:00,CUNDINAMARCA
55637,6380016,2026-05-10,2:00:00,CUNDINAMARCA
55638,6380020,2026-05-10,15:00:00,CUNDINAMARCA
55639,6380022,2026-05-10,3:00:00,CUNDINAMARCA
55640,6380023,2026-05-10,0:00:00,CUNDINAMARCA
55641,6380024,2026-05-10,3:00:00,CUNDINAMARCA
55642,6380026,2026-05-10,0:05:00,CUNDINAMARCA
55643,6380025,2026-05-10,8:00:00,CUNDINAMARCA
55645,6380027,2026-05-10,2:00:00,CUNDINAMARCA
55647,6380031,2026-05-10,0:30:00,CUNDINAMARCA
55648,6380034,2026-05-10,0:00:00,ANTIOQUIA
55650,6380036,2026-05-10,0:15:00,ANTIOQUIA
55652,6380033,2026-05-10,0:30:00,CUNDINAMARCA
55653,6380038,2026-05-10,3:00:00,CUNDINAMARCA
55654,6380039,2026-05-10,12:00:00,ANTIOQUIA
55656,6380042,2026-05-10,3:00:00,CUNDINAMARCA
55658,6380046,2026-05-10,2:30:00,CUNDINAMARCA
55661,6380047,2026-05-10,0:30:00,ANTIOQUIA
55662,6380055,2026-05-10,1:00:00,CUNDINAMARCA
55664,6380049,2026-05-10,1:00:00,CUNDINAMARCA
55665,6380053,2026-05-10,0:15:00,ANTIOQUIA
55667,6380054,2026-05-10,2:00:00,ANTIOQUIA
55668,6380060,2026-05-10,2:00:00,ANTIOQUIA
55669,6380063,2026-05-10,2:00:00,CUNDINAMARCA
55670,6380064,2026-05-10,2:00:00,ANTIOQUIA
55671,6380061,2026-05-09,2:00:00,CUNDINAMARCA
55672,6380066,2026-05-10,1:00:00,ANTIOQUIA
55673,6380062,2026-05-10,1:00:00,CUNDINAMARCA
55674,6380068,2026-05-10,0:50:00,CUNDINAMARCA
55675,6380070,2026-05-10,0:55:00,CUNDINAMARCA
55676,6380067,2026-05-10,1:00:00,CUNDINAMARCA
55678,6380075,2026-05-10,0:00:00,CUNDINAMARCA
55679,6380077,2026-05-10,1:00:00,CUNDINAMARCA
55681,6380078,2026-05-10,1:00:00,CUNDINAMARCA
55684,6380083,2026-05-10,3:00:00,CUNDINAMARCA
55686,6380087,2026-05-10,2:30:00,ANTIOQUIA
55687,6380085,2026-05-10,3:00:00,CUNDINAMARCA
55690,6380086,2026-05-10,2:00:00,CUNDINAMARCA
55691,6380090,2026-05-10,1:15:00,ANTIOQUIA
55694,6380091,2026-05-10,1:30:00,ANTIOQUIA
55695,6380092,2026-05-10,1:30:00,CUNDINAMARCA
55696,6380096,2026-05-10,3:00:00,ANTIOQUIA
55698,6380099,2026-05-10,3:00:00,ANTIOQUIA
55701,6380101,2026-05-10,1:45:00,CUNDINAMARCA
55702,6380105,2026-05-10,3:00:00,CUNDINAMARCA
55706,6380110,2026-05-10,2:00:00,ANTIOQUIA
55707,6380111,2026-05-10,9:30:00,CUNDINAMARCA
55708,6380107,2026-05-10,1:30:00,ANTIOQUIA
55709,6380113,2026-05-10,2:00:00,ANTIOQUIA
55710,6380117,2026-05-10,3:00:00,CUNDINAMARCA
55714,6380122,2026-05-10,3:00:00,CUNDINAMARCA
55715,6380121,2026-05-10,2:15:00,ANTIOQUIA
55717,6380123,2026-05-10,1:20:00,CUNDINAMARCA
55719,6380124,2026-05-10,1:35:00,ANTIOQUIA
55723,6380127,2026-05-10,2:30:00,CUNDINAMARCA
55724,6380132,2026-05-10,3:00:00,CUNDINAMARCA
55726,6380134,2026-05-10,3:00:00,ANTIOQUIA
55727,6380136,2026-05-10,2:30:00,ANTIOQUIA
55728,6380135,2026-05-10,1:45:00,CUNDINAMARCA
55729,6380138,2026-05-10,2:30:00,CUNDINAMARCA
55735,6380145,2026-05-10,2:15:00,ANTIOQUIA
55737,6380150,2026-05-10,3:00:00,ANTIOQUIA
55738,6380149,2026-05-10,2:35:00,ANTIOQUIA
55741,6380154,2026-05-10,2:40:00,ANTIOQUIA
55742,6380124,2026-05-10,1:35:00,ANTIOQUIA
55745,6380156,2026-05-10,3:30:00,CUNDINAMARCA
55748,6380164,2026-05-10,3:00:00,CUNDINAMARCA
55749,6380167,2026-05-10,3:00:00,ANTIOQUIA
55750,6380163,2026-05-10,2:50:00,CUNDINAMARCA
55752,6380169,2026-05-10,2:55:00,CUNDINAMARCA
55754,6380174,2026-05-10,3:00:00,CUNDINAMARCA
55755,6380165,2026-05-10,3:00:00,ANTIOQUIA
55756,6380168,2026-05-10,4:00:00,CUNDINAMARCA
55758,6380175,2026-05-10,3:00:00,CUNDINAMARCA
55759,6380170,2026-05-10,3:00:00,ANTIOQUIA
55760,6380178,2026-05-11,3:00:00,CUNDINAMARCA
55761,6380177,2026-05-10,3:05:00,CUNDINAMARCA
55762,6380080,2026-05-10,1:30:00,CUNDINAMARCA
55763,6380181,2026-05-10,3:30:00,ANTIOQUIA
55766,6380187,2026-05-10,3:20:00,ANTIOQUIA
55770,6380193,2026-05-10,4:00:00,ANTIOQUIA
55772,6380195,2026-05-10,4:20:00,CUNDINAMARCA
55777,6380205,2026-05-10,4:00:00,CUNDINAMARCA
55780,6380208,2026-05-10,5:00:00,CUNDINAMARCA
55782,6380210,2026-05-10,3:30:00,ANTIOQUIA
55783,6380200,2026-05-10,4:00:00,CUNDINAMARCA
55784,6380211,2026-05-10,5:00:00,ANTIOQUIA
55790,6380220,2026-05-10,8:15:00,CUNDINAMARCA
55792,6380227,2026-05-10,9:00:00,ANTIOQUIA
55806,6380258,2026-05-10,16:30:00,CUNDINAMARCA
55807,6380259,2026-05-10,20:30:00,CUNDINAMARCA
55829,6380306,2026-05-10,16:30:00,CUNDINAMARCA
55852,6380351,2026-05-10,19:00:00,ANTIOQUIA
55858,6380356,2026-05-10,19:00:00,CUNDINAMARCA
55862,6380371,2026-05-10,19:00:00,CUNDINAMARCA
55866,6380382,2026-05-10,18:00:00,CUNDINAMARCA
55870,6380389,2026-05-10,18:00:00,CUNDINAMARCA
55875,6380306,2026-05-10,16:30:00,CUNDINAMARCA
55883,6380411,2026-05-10,17:15:00,CUNDINAMARCA
55885,6380415,2026-05-10,21:00:00,CUNDINAMARCA
55886,6380414,2026-05-10,21:00:00,ANTIOQUIA
55890,6380417,2026-05-10,18:30:00,ANTIOQUIA
55893,6380428,2026-05-10,19:30:00,CUNDINAMARCA
55894,6380389,2026-05-10,18:00:00,CUNDINAMARCA
55895,6380425,2026-05-10,20:00:00,ANTIOQUIA
55906,6380456,2026-05-10,18:05:00,CUNDINAMARCA
55909,6380460,2026-05-10,18:30:00,CUNDINAMARCA
55912,6380457,2026-05-10,18:30:00,ANTIOQUIA
55914,6380463,2026-05-10,19:00:00,CUNDINAMARCA
55916,6380464,2026-05-10,23:30:00,ANTIOQUIA
55917,6380475,2026-05-10,22:00:00,CUNDINAMARCA
55921,6380472,2026-05-10,21:00:00,ANTIOQUIA
55924,6380484,2026-05-10,19:00:00,CUNDINAMARCA
55926,6380486,2026-05-10,19:00:00,CUNDINAMARCA
55927,6380480,2026-05-10,23:00:00,ANTIOQUIA
55928,6380488,2026-05-10,20:00:00,ANTIOQUIA
55939,6380503,2026-05-10,20:30:00,CUNDINAMARCA
55940,6380506,2026-05-11,4:30:00,CUNDINAMARCA
55941,6380508,2026-05-10,20:00:00,CUNDINAMARCA
55949,6380520,2026-05-10,20:00:00,CUNDINAMARCA
55950,6380525,2026-05-10,20:00:00,CUNDINAMARCA
55952,6380527,2026-05-10,21:00:00,CUNDINAMARCA
55955,6380524,2026-05-10,21:15:00,ANTIOQUIA
55957,6380538,2026-05-10,21:00:00,CUNDINAMARCA
55959,6380543,2026-05-10,23:00:00,ANTIOQUIA
55961,6380546,2026-05-10,10:30:00,CUNDINAMARCA
55963,6380552,2026-05-10,21:00:00,ANTIOQUIA
55983,6380591,2026-05-10,21:30:00,CUNDINAMARCA
55985,6380590,2026-05-10,23:00:00,CUNDINAMARCA
55987,6380597,2026-05-10,22:00:00,CUNDINAMARCA
55992,6380614,2026-05-10,22:00:00,CUNDINAMARCA
56001,6380645,2026-05-10,22:00:00,ANTIOQUIA
56002,6380643,2026-05-10,22:00:00,CUNDINAMARCA
56004,6380648,2026-05-10,23:00:00,ANTIOQUIA
56015,6380681,2026-05-10,22:40:00,ANTIOQUIA
56017,6380695,2026-05-10,23:00:00,ANTIOQUIA
56019,6380697,2026-05-11,0:30:00,CUNDINAMARCA
56021,6380693,2026-05-10,23:30:00,ANTIOQUIA
56029,6380663,2026-05-11,6:00:00,CUNDINAMARCA
56031,6380711,2026-05-10,23:36:00,CUNDINAMARCA
56040,6380719,2026-05-10,6:30:00,CUNDINAMARCA
56041,6380741,2026-05-11,0:05:00,CUNDINAMARCA
56043,6380744,2026-05-11,0:15:00,CUNDINAMARCA
56057,6380772,2026-05-11,9:20:00,ANTIOQUIA
56059,6380774,2026-05-11,2:00:00,ANTIOQUIA
56074,6380817,2026-05-11,4:35:00,ANTIOQUIA
56082,6380831,2026-05-11,15:45:00,CUNDINAMARCA
56381,6381690,2026-05-11,20:00:00,CUNDINAMARCA
56400,6381775,2026-05-16,2:30:00,ANTIOQUIA
56426,6381923,2026-05-11,19:30:00,ANTIOQUIA
56431,6381902,2026-05-16,2:30:00,ANTIOQUIA
56432,6381928,2026-05-11,21:00:00,CUNDINAMARCA
56496,6382112,2026-05-11,22:00:00,CUNDINAMARCA
56518,6382165,2026-05-11,22:45:00,ANTIOQUIA
56537,6382211,2026-05-11,23:45:00,CUNDINAMARCA
56560,6382295,2026-05-12,5:15:00,CUNDINAMARCA
56610,6382439,2026-05-12,12:00:00,CUNDINAMARCA
56621,6382449,2026-05-12,23:30:00,CUNDINAMARCA
56631,6382472,2026-05-12,13:00:00,CUNDINAMARCA
56659,6382551,2026-05-12,17:00:00,ANTIOQUIA
56669,6382580,2026-05-12,21:40:00,CUNDINAMARCA
56747,6382840,2026-05-17,21:30:00,CUNDINAMARCA
56784,6382997,2026-05-12,19:00:00,CUNDINAMARCA
56857,6383228,2026-05-12,20:00:00,ANTIOQUIA
56909,6383437,2026-05-12,22:30:00,ANTIOQUIA
56911,6383443,2026-05-13,6:00:00,CUNDINAMARCA
56912,6383446,2026-05-12,21:40:00,CUNDINAMARCA
56914,6383451,2026-05-13,1:00:00,CUNDINAMARCA
56919,6383464,2026-05-12,21:50:00,ANTIOQUIA
56930,6383489,2026-05-12,22:30:00,ANTIOQUIA
56934,6383487,2026-05-12,23:30:00,CUNDINAMARCA
56952,6383526,2026-05-13,18:45:00,CUNDINAMARCA
56965,6383534,2026-05-17,0:30:00,CUNDINAMARCA
56968,6383571,2026-05-13,0:00:00,CUNDINAMARCA
56982,6383596,2026-05-13,1:00:00,ANTIOQUIA
57008,6383652,2026-05-13,4:00:00,CUNDINAMARCA
57013,6383669,2026-05-13,1:00:00,CUNDINAMARCA
57015,6383673,2026-05-13,14:30:00,CUNDINAMARCA
57140,6384033,2026-05-14,12:00:00,CUNDINAMARCA
57144,6384053,2026-05-13,16:10:00,CUNDINAMARCA
57154,6384055,2026-05-13,17:00:00,CUNDINAMARCA
57172,6384117,2026-05-13,16:30:00,CUNDINAMARCA
57177,6384131,2026-05-13,16:20:00,ANTIOQUIA
57212,6384182,2026-05-16,2:00:00,CUNDINAMARCA
57221,6384207,2026-05-14,1:00:00,ANTIOQUIA
57257,6384312,2026-05-13,21:00:00,CUNDINAMARCA
57293,6384457,2026-05-14,5:00:00,CUNDINAMARCA
57300,6384470,2026-05-14,2:15:00,ANTIOQUIA
57318,6384504,2026-05-13,21:15:00,CUNDINAMARCA
57329,6384544,2026-05-13,21:30:00,CUNDINAMARCA
57332,6384554,2026-05-13,21:45:00,CUNDINAMARCA
57333,6384553,2026-05-13,22:00:00,CUNDINAMARCA
57349,6384586,2026-05-16,0:30:00,CUNDINAMARCA
57361,6384608,2026-05-13,22:00:00,CUNDINAMARCA
57366,6384620,2026-05-14,10:00:00,CUNDINAMARCA
57380,6384653,2026-05-16,2:00:00,CUNDINAMARCA
57385,6384657,2026-05-14,0:10:00,CUNDINAMARCA
57395,6384679,2026-05-14,10:30:00,CUNDINAMARCA
57402,6384691,2026-05-15,23:30:00,CUNDINAMARCA
57405,6384699,2026-05-14,0:15:00,CUNDINAMARCA
57413,6384620,2026-05-14,11:30:00,CUNDINAMARCA
57420,6384706,2026-05-14,1:30:00,ANTIOQUIA
57439,6384746,2026-05-14,4:00:00,ANTIOQUIA
57466,6384781,2026-05-15,9:30:00,ANTIOQUIA
57482,6384819,2026-05-15,23:45:00,ANTIOQUIA
57484,6384823,2026-05-15,7:30:00,CUNDINAMARCA
57504,6384885,2026-05-14,14:30:00,ANTIOQUIA
57517,6384912,2026-05-14,18:00:00,CUNDINAMARCA
57518,6384935,2026-05-17,1:30:00,ANTIOQUIA
57598,6385137,2026-05-14,15:30:00,ANTIOQUIA
57655,6385293,2026-05-14,17:00:00,ANTIOQUIA
57667,6385328,2026-05-14,19:30:00,ANTIOQUIA
57689,6385387,2026-05-14,18:10:00,CUNDINAMARCA
57700,6385415,2026-05-14,23:00:00,ANTIOQUIA
57726,6385500,2026-05-14,19:25:00,ANTIOQUIA
57743,6385522,2026-05-15,20:00:00,CUNDINAMARCA
57750,6385568,2026-05-14,21:00:00,CUNDINAMARCA
57763,6385601,2026-05-14,22:00:00,CUNDINAMARCA
57778,6385624,2026-05-14,21:30:00,ANTIOQUIA
57781,6385635,2026-05-14,22:00:00,CUNDINAMARCA
57785,6385645,2026-05-14,23:30:00,CUNDINAMARCA
57788,6385655,2026-05-14,22:30:00,CUNDINAMARCA
57791,6385662,2026-05-14,22:30:00,ANTIOQUIA
57792,6385666,2026-05-15,1:30:00,CUNDINAMARCA
57797,6385681,2026-05-14,23:00:00,ANTIOQUIA
57800,6385684,2026-05-14,21:55:00,CUNDINAMARCA
57806,6385701,2026-05-15,5:50:00,CUNDINAMARCA
57816,6385725,2026-05-17,23:55:00,CUNDINAMARCA
57822,6385731,2026-05-14,23:15:00,ANTIOQUIA
57836,6385753,2026-05-16,2:00:00,CUNDINAMARCA
57840,6385766,2026-05-15,1:00:00,ANTIOQUIA
57847,6385793,2026-05-16,2:00:00,CUNDINAMARCA
57848,6385792,2026-05-15,0:15:00,ANTIOQUIA
57861,6385814,2026-05-15,1:00:00,CUNDINAMARCA
57869,6385829,2026-05-15,1:30:00,CUNDINAMARCA
57876,6385838,2026-05-15,9:00:00,CUNDINAMARCA
57881,6385838,2026-05-15,9:00:00,CUNDINAMARCA
57888,6385864,2026-05-15,3:00:00,CUNDINAMARCA
57889,6385863,2026-05-15,3:00:00,CUNDINAMARCA
57891,6385861,2026-05-15,2:50:00,CUNDINAMARCA
57905,6385901,2026-05-15,6:00:00,CUNDINAMARCA
57932,6385952,2026-05-15,14:00:00,CUNDINAMARCA
58015,6386194,2026-05-16,1:00:00,CUNDINAMARCA
58028,6386228,2026-05-15,23:45:00,CUNDINAMARCA
58035,6386262,2026-05-15,16:30:00,CUNDINAMARCA
58053,6386316,2026-05-15,15:30:00,CUNDINAMARCA
58062,6386302,2026-05-15,16:00:00,ANTIOQUIA
58068,6386336,2026-05-21,5:30:00,CUNDINAMARCA
58080,6386333,2026-05-16,21:00:00,CUNDINAMARCA
58081,6386369,2026-05-16,0:00:00,ANTIOQUIA
58093,6386386,2026-05-15,20:30:00,CUNDINAMARCA
58100,6386413,2026-05-16,0:00:00,CUNDINAMARCA
58104,6386405,2026-05-15,18:30:00,ANTIOQUIA
58107,6386408,2026-05-16,17:00:00,CUNDINAMARCA
58129,6386498,2026-05-16,2:00:00,ANTIOQUIA
58133,6386509,2026-05-15,18:30:00,CUNDINAMARCA
58138,6386522,2026-05-16,0:00:00,CUNDINAMARCA
58151,6386551,2026-05-16,3:30:00,CUNDINAMARCA
58153,6386565,2026-05-16,22:00:00,CUNDINAMARCA
58157,6386564,2026-05-15,22:30:00,ANTIOQUIA
58158,6386571,2026-05-16,2:00:00,CUNDINAMARCA
58160,6386596,2026-05-15,23:30:00,ANTIOQUIA
58169,6386630,2026-05-16,2:30:00,CUNDINAMARCA
58177,6386640,2026-05-15,23:30:00,CUNDINAMARCA
58180,6386643,2026-05-16,1:00:00,CUNDINAMARCA
58185,6386651,2026-05-15,20:00:00,CUNDINAMARCA
58188,6386668,2026-05-17,20:00:00,ANTIOQUIA
58193,6386675,2026-05-16,2:30:00,ANTIOQUIA
58194,6386677,2026-05-15,20:15:00,ANTIOQUIA
58203,6386712,2026-05-17,2:30:00,CUNDINAMARCA
58209,6386711,2026-05-16,3:00:00,CUNDINAMARCA
58212,6386728,2026-05-15,21:00:00,CUNDINAMARCA
58233,6386759,2026-05-16,2:00:00,ANTIOQUIA
58234,6386772,2026-05-15,22:30:00,CUNDINAMARCA
58235,6386782,2026-05-16,15:00:00,CUNDINAMARCA
58238,6386786,2026-05-16,0:00:00,ANTIOQUIA
58242,6386788,2026-05-15,23:55:00,ANTIOQUIA
58245,6386797,2026-05-15,23:45:00,ANTIOQUIA
58246,6386801,2026-05-16,2:00:00,CUNDINAMARCA
58247,6386802,2026-05-15,21:35:00,CUNDINAMARCA
58250,6386805,2026-05-16,3:00:00,CUNDINAMARCA
58252,6396809,2026-05-15,23:00:00,CUNDINAMARCA
58255,6386816,2026-05-15,21:00:00,CUNDINAMARCA
58256,6386823,2026-05-15,22:00:00,CUNDINAMARCA
58257,6386819,2026-05-16,1:00:00,ANTIOQUIA
58259,6386826,2026-05-15,23:00:00,CUNDINAMARCA
58260,6386829,2026-05-16,2:00:00,ANTIOQUIA
58262,6386834,2026-05-16,2:00:00,ANTIOQUIA
58263,6386828,2026-05-16,1:00:00,CUNDINAMARCA
58264,6386833,2026-05-15,22:00:00,CUNDINAMARCA
58267,6386841,2026-05-17,2:30:00,ANTIOQUIA
58268,6386842,2026-05-15,22:00:00,ANTIOQUIA
58270,6386845,2026-05-16,2:40:00,CUNDINAMARCA
58272,6386850,2026-05-16,0:05:00,CUNDINAMARCA
58277,6386861,2026-05-15,22:00:00,CUNDINAMARCA
58281,6386868,2026-05-17,2:00:00,CUNDINAMARCA
58282,6386867,2026-05-17,15:00:00,CUNDINAMARCA
58286,6386878,2026-05-16,1:00:00,CUNDINAMARCA
58291,6805195,2026-05-16,3:00:00,CUNDINAMARCA
58294,6386894,2026-05-16,3:00:00,CUNDINAMARCA
58295,6386895,2026-05-15,23:30:00,ANTIOQUIA
58298,6386908,2026-05-15,23:00:00,CUNDINAMARCA
58300,6386904,2026-05-15,23:00:00,CUNDINAMARCA
58301,6386900,2026-05-15,23:30:00,CUNDINAMARCA
58302,6386911,2026-05-15,22:00:00,CUNDINAMARCA
58304,6386910,2026-05-16,3:00:00,CUNDINAMARCA
58307,6386915,2026-05-16,7:05:00,CUNDINAMARCA
58312,6386926,2026-05-16,7:40:00,CUNDINAMARCA
58313,6386923,2026-05-16,1:00:00,ANTIOQUIA
58314,6386927,2026-05-15,23:55:00,CUNDINAMARCA
58316,6386909,2026-05-16,2:00:00,CUNDINAMARCA
58317,6386932,2026-05-16,1:40:00,CUNDINAMARCA
58321,6386924,2026-05-16,22:00:00,CUNDINAMARCA
58323,6386935,2026-05-16,1:00:00,ANTIOQUIA
58326,6386936,2026-05-16,3:00:00,CUNDINAMARCA
58329,6386952,2026-05-17,2:10:00,ANTIOQUIA
58332,6386938,2026-05-16,1:00:00,CUNDINAMARCA
58335,6386941,2026-05-15,0:15:00,ANTIOQUIA
58336,6386959,2026-05-16,4:20:00,ANTIOQUIA
58337,6386954,2026-05-16,3:00:00,CUNDINAMARCA
58340,6386967,2026-05-16,3:30:00,CUNDINAMARCA
58341,6386972,2026-05-16,0:30:00,ANTIOQUIA
58343,6386971,2026-05-16,0:00:00,ANTIOQUIA
58348,6386984,2026-05-16,0:30:00,CUNDINAMARCA
58349,6386988,2026-05-16,0:30:00,ANTIOQUIA
58350,6386970,2026-05-16,2:30:00,CUNDINAMARCA
58353,6386996,2026-05-16,2:35:00,CUNDINAMARCA
58355,6386977,2026-05-16,2:00:00,ANTIOQUIA
58358,6386978,2026-05-16,1:30:00,ANTIOQUIA
58359,6386999,2026-05-16,1:15:00,ANTIOQUIA
58362,6387001,2026-05-15,22:30:00,ANTIOQUIA
58370,6387013,2026-05-16,0:45:00,ANTIOQUIA
58373,6387017,2026-05-16,3:00:00,CUNDINAMARCA
58374,6387021,2026-05-16,2:00:00,CUNDINAMARCA
58377,6387027,2026-05-17,3:00:00,CUNDINAMARCA
58381,6387029,2026-05-16,2:30:00,ANTIOQUIA
58386,6387039,2026-05-16,1:30:00,CUNDINAMARCA
58388,6387041,2026-05-16,2:30:00,ANTIOQUIA
58389,6387043,2026-05-16,3:30:00,ANTIOQUIA
58391,6387047,2026-05-16,4:00:00,ANTIOQUIA
58398,6387059,2026-05-16,2:40:00,CUNDINAMARCA
58399,6387060,2026-05-16,2:00:00,CUNDINAMARCA
58400,6387061,2026-05-16,5:00:00,ANTIOQUIA
58401,6387062,2026-05-16,2:00:00,CUNDINAMARCA
58403,6387067,2026-05-16,2:40:00,ANTIOQUIA
58405,6387073,2026-05-16,3:00:00,ANTIOQUIA
58409,6387077,2026-05-17,1:00:00,CUNDINAMARCA
58412,6387080,2026-05-16,3:30:00,CUNDINAMARCA
58413,6387082,2026-05-16,3:10:00,ANTIOQUIA
58414,6387084,2026-05-17,0:45:00,ANTIOQUIA
58416,6387086,2026-05-16,3:00:00,CUNDINAMARCA
58426,6387098,2026-05-16,4:45:00,CUNDINAMARCA
58457,6387161,2026-05-16,14:55:00,CUNDINAMARCA
58462,6387176,2026-05-16,15:30:00,CUNDINAMARCA
58464,6387178,2026-05-16,11:15:00,CUNDINAMARCA
58470,6387185,2026-05-16,15:30:00,CUNDINAMARCA
58494,6387238,2026-05-16,17:30:00,CUNDINAMARCA
58502,6387252,2026-05-16,21:30:00,CUNDINAMARCA
58527,6387309,2026-05-17,2:20:00,ANTIOQUIA
58532,6387329,2026-05-17,2:15:00,ANTIOQUIA
58544,6387346,2026-05-17,23:30:00,CUNDINAMARCA
58547,6387350,2026-05-17,2:10:00,ANTIOQUIA
58551,6387356,2026-05-16,14:40:00,CUNDINAMARCA
58554,6387364,2026-05-17,2:20:00,CUNDINAMARCA
58563,6387386,2026-05-17,2:00:00,CUNDINAMARCA
58571,6387396,2026-05-16,18:00:00,CUNDINAMARCA
58578,6387406,2026-05-16,18:00:00,CUNDINAMARCA
58580,6387412,2026-05-16,22:00:00,CUNDINAMARCA
58588,6387433,2026-05-17,2:40:00,CUNDINAMARCA
58594,6387396,2026-05-16,18:00:00,CUNDINAMARCA
58603,6387462,2026-05-16,14:30:00,ANTIOQUIA
58610,6387484,2026-05-17,2:00:00,ANTIOQUIA
58612,6387485,2026-05-17,3:00:00,ANTIOQUIA
58619,6387501,2026-05-17,2:05:00,ANTIOQUIA
58624,6387507,2026-05-17,0:30:00,CUNDINAMARCA
58625,6387513,2026-05-18,0:30:00,ANTIOQUIA
58627,6382840,2026-05-17,20:30:00,CUNDINAMARCA
58633,6387531,2026-05-16,23:00:00,ANTIOQUIA
58636,6387539,2026-05-16,22:00:00,CUNDINAMARCA
58658,6387581,2026-05-16,21:00:00,CUNDINAMARCA
58663,6387593,2026-05-16,18:00:00,ANTIOQUIA
58664,6387595,2026-05-17,1:00:00,CUNDINAMARCA
58665,6387594,2026-05-16,23:00:00,CUNDINAMARCA
58666,6387597,2026-05-16,23:00:00,CUNDINAMARCA
58672,6387608,2026-05-16,22:00:00,CUNDINAMARCA
58673,6387610,2026-05-17,0:30:00,CUNDINAMARCA
58676,6387611,2026-05-17,0:00:00,ANTIOQUIA
58681,6387630,2026-05-16,19:30:00,CUNDINAMARCA
58686,6387645,2026-05-16,20:00:00,CUNDINAMARCA
58695,6387656,2026-05-17,2:00:00,ANTIOQUIA
58698,6387658,2026-05-16,19:30:00,CUNDINAMARCA
58700,6387661,2026-05-17,1:00:00,CUNDINAMARCA
58703,6387667,2026-05-16,22:00:00,CUNDINAMARCA
58704,6387669,2026-05-17,0:30:00,ANTIOQUIA
58705,6387670,2026-05-17,2:00:00,CUNDINAMARCA
58706,6387676,2026-05-17,2:15:00,CUNDINAMARCA
58707,6387677,2026-05-18,1:15:00,CUNDINAMARCA
58711,6387690,2026-05-17,1:30:00,ANTIOQUIA
58714,6387666,2026-05-17,2:00:00,CUNDINAMARCA
58719,6387699,2026-05-17,2:30:00,CUNDINAMARCA
58721,6387708,2026-05-16,21:00:00,ANTIOQUIA
58726,6387711,2026-05-16,23:00:00,CUNDINAMARCA
58727,6387718,2026-05-16,23:30:00,ANTIOQUIA
58729,6387713,2026-05-16,22:00:00,ANTIOQUIA
58731,6387716,2026-05-16,23:00:00,CUNDINAMARCA
58735,6387729,2026-05-17,0:35:00,ANTIOQUIA
58737,6387728,2026-05-17,2:00:00,CUNDINAMARCA
58741,6387744,2026-05-17,2:45:00,CUNDINAMARCA
58742,6387740,2026-05-17,3:00:00,CUNDINAMARCA
58744,6387745,2026-05-16,22:00:00,ANTIOQUIA
58745,6387747,2026-05-17,1:30:00,CUNDINAMARCA
58746,6387746,2026-05-16, b,CUNDINAMARCA
58747,6387736,2026-05-16,19:30:00,CUNDINAMARCA
58748,6387750,2026-05-16,22:00:00,ANTIOQUIA
58749,6387749,2026-05-16,22:00:00,ANTIOQUIA
58751,6387756,2026-05-16,23:45:00,CUNDINAMARCA
58754,6387751,2026-05-17,12:30:00,CUNDINAMARCA
58763,6387770,2026-05-16,23:30:00,ANTIOQUIA
58766,6387768,2026-05-17,0:25:00,ANTIOQUIA
58767,6387769,2026-05-16,22:00:00,CUNDINAMARCA
58768,6387777,2026-05-17,10:00:00,ANTIOQUIA
58770,6387781,2026-05-17,2:00:00,ANTIOQUIA
58771,6387783,2026-05-17,23:40:00,ANTIOQUIA
58774,6387782,2026-05-16,21:00:00,CUNDINAMARCA
58775,6387788,2026-05-16,23:00:00,ANTIOQUIA
58778,6387791,2026-05-16,22:30:00,ANTIOQUIA
58779,6387796,2026-05-16,21:30:00,CUNDINAMARCA
58782,6387799,2026-05-16,22:35:00,CUNDINAMARCA
58784,6387803,2026-05-16,21:00:00,CUNDINAMARCA
58785,6387805,2026-05-16,21:30:00,CUNDINAMARCA
58786,6387806,2026-05-16,23:00:00,CUNDINAMARCA
58789,6387807,2026-05-16,21:30:00,CUNDINAMARCA
58792,6387802,2026-05-16,23:30:00,ANTIOQUIA
58793,6387785,2026-05-16,22:30:00,ANTIOQUIA
58795,6387795,2026-05-17,3:00:00,ANTIOQUIA
58797,6387811,2026-05-16,22:00:00,CUNDINAMARCA
58798,6387814,2026-05-17,3:30:00,ANTIOQUIA
58800,6387823,2026-05-17,2:00:00,CUNDINAMARCA
58801,6387825,2026-05-17,16:00:00,CUNDINAMARCA
58802,6387824,2026-05-17,1:00:00,ANTIOQUIA
58806,6387833,2026-05-17,2:00:00,CUNDINAMARCA
58807,6387835,2026-05-17,2:00:00,ANTIOQUIA
58808,6387836,2026-05-17,1:00:00,CUNDINAMARCA
58809,6387837,2026-05-16,22:25:00,CUNDINAMARCA
58810,6387838,2026-05-16,1:00:00,ANTIOQUIA
58812,6387839,2026-05-16,22:30:00,ANTIOQUIA
58813,6387840,2026-05-16,23:00:00,CUNDINAMARCA
58814,6387845,2026-05-16,23:00:00,CUNDINAMARCA
58816,6387842,2026-05-17,2:00:00,CUNDINAMARCA
58818,6387844,2026-05-16,23:00:00,CUNDINAMARCA
58819,6387855,2026-05-17,2:30:00,ANTIOQUIA
58820,6387851,2026-05-16,23:45:00,ANTIOQUIA
58821,6387847,2026-05-17,5:00:00,CUNDINAMARCA
58822,6387856,2026-05-16,23:00:00,CUNDINAMARCA
58823,6387846,2026-05-17,1:30:00,CUNDINAMARCA
58824,6387850,2026-05-17,2:00:00,ANTIOQUIA
58825,6387854,2026-05-16,22:45:00,CUNDINAMARCA
58826,6387857,2026-05-17,2:00:00,ANTIOQUIA
58827,6387859,2026-05-17,0:00:00,CUNDINAMARCA
58828,6387860,2026-05-16,23:00:00,CUNDINAMARCA
58830,6387858,2026-05-16,23:00:00,CUNDINAMARCA
58832,6387864,2026-05-17,1:00:00,CUNDINAMARCA
58833,6387862,2026-05-16,23:00:00,CUNDINAMARCA
58836,6387872,2026-05-17,2:00:00,ANTIOQUIA
58846,6387870,2026-05-17,2:00:00,CUNDINAMARCA
58848,6387894,2026-05-17,0:00:00,CUNDINAMARCA
58849,6387873,2026-05-17,0:30:00,ANTIOQUIA
58850,6387875,2026-05-17,1:30:00,ANTIOQUIA
58851,6387900,2026-05-16,23:30:00,ANTIOQUIA
58852,6387881,2026-05-17,0:15:00,CUNDINAMARCA
58853,6387882,2026-05-17,0:00:00,CUNDINAMARCA
58854,6387903,2026-05-16,23:30:00,CUNDINAMARCA
58856,6387906,2026-05-17,5:00:00,CUNDINAMARCA
58858,6387902,2026-05-17,0:00:00,ANTIOQUIA
58859,6387908,2026-05-17,0:00:00,ANTIOQUIA
58860,6387905,2026-05-17,0:00:00,ANTIOQUIA
58861,6387909,2026-05-17,0:40:00,ANTIOQUIA
58862,6387914,2026-05-17,1:00:00,ANTIOQUIA
58863,6387898,2026-05-16,23:30:00,CUNDINAMARCA
58864,6387913,2026-05-16,23:55:00,ANTIOQUIA
58869,6387917,2026-05-17,1:30:00,CUNDINAMARCA
58870,6387918,2026-05-17,2:00:00,ANTIOQUIA
58873,6387921,2026-05-16,23:50:00,CUNDINAMARCA
58874,6387922,2026-05-17,3:15:00,CUNDINAMARCA
58875,6387923,2026-05-17,0:00:00,CUNDINAMARCA
58877,6387925,2026-05-17,0:00:00,ANTIOQUIA
58878,6387931,2026-05-17,0:00:00,ANTIOQUIA
58881,6387928,2026-05-17,1:40:00,ANTIOQUIA
58884,6387934,2026-05-17,0:00:00,CUNDINAMARCA
58885,6387936,2026-05-17,0:15:00,ANTIOQUIA
58886,6387938,2026-05-17,1:20:00,ANTIOQUIA
58887,6387937,2026-05-17,1:30:00,CUNDINAMARCA
58890,6387940,2026-05-17,4:00:00,CUNDINAMARCA
58893,6387944,2026-05-17,0:00:00,ANTIOQUIA
58896,6387949,2026-05-17,0:30:00,ANTIOQUIA
58897,6387952,2026-05-17,2:30:00,CUNDINAMARCA
58899,6387954,2026-05-17,0:35:00,CUNDINAMARCA
58900,6387955,2026-05-17,1:30:00,ANTIOQUIA
58903,6387961,2026-05-17,1:30:00,ANTIOQUIA
58904,6387958,2026-05-17,1:00:00,CUNDINAMARCA
58905,6387965,2026-05-17,3:00:00,CUNDINAMARCA
58907,6387967,2026-05-17,0:50:00,CUNDINAMARCA
58908,6387963,2026-05-17,2:30:00,ANTIOQUIA
58909,6387964,2026-05-17,1:00:00,ANTIOQUIA
58910,6387959,2026-05-17,2:30:00,CUNDINAMARCA
58911,6387966,2026-05-17,2:30:00,ANTIOQUIA
58914,6387974,2026-05-17,0:00:00,ANTIOQUIA
58917,6387978,2026-05-17,1:00:00,ANTIOQUIA
58918,6387981,2026-05-18,2:00:00,ANTIOQUIA
58920,6387983,2026-05-17,1:50:00,CUNDINAMARCA
58922,6387984,2026-05-17,2:00:00,ANTIOQUIA
58923,6387987,2026-05-17,12:55:00,CUNDINAMARCA
58927,6387989,2026-05-17,3:00:00,CUNDINAMARCA
58930,6387996,2026-05-17,1:10:00,ANTIOQUIA
58931,6387993,2026-05-17,2:30:00,ANTIOQUIA
58937,6387998,2026-05-17,1:30:00,ANTIOQUIA
58939,6388009,2026-05-17,1:00:00,ANTIOQUIA
58940,6388010,2026-05-17,1:35:00,ANTIOQUIA
58941,6388002,2026-05-17,1:45:00,CUNDINAMARCA
58946,6388016,2026-05-17,3:00:00,ANTIOQUIA
58947,6388020,2026-05-17,2:00:00,CUNDINAMARCA
58949,6388017,2026-05-17,2:00:00,CUNDINAMARCA
58950,6388022,2026-05-17,3:00:00,CUNDINAMARCA
58951,6387984,2026-05-17,3:00:00,ANTIOQUIA
58952,6388018,2026-05-17,4:45:00,ANTIOQUIA
58953,6388019,2026-05-17,1:45:00,CUNDINAMARCA
58954,6388025,2026-05-17,1:45:00,ANTIOQUIA
58955,6388026,2026-05-17,2:00:00,CUNDINAMARCA
58960,6388016,2026-05-17,3:00:00,ANTIOQUIA
58962,6388034,2026-05-17,2:00:00,ANTIOQUIA
58963,6388023,2026-05-16,11:00:00,CUNDINAMARCA
58964,6388035,2026-05-17,2:00:00,CUNDINAMARCA
58965,6388037,2026-05-17,2:10:00,ANTIOQUIA
58966,6388024,2026-05-18,0:30:00,ANTIOQUIA
58967,6388038,2026-05-17,2:30:00,ANTIOQUIA
58968,6388036,2026-05-17,2:15:00,CUNDINAMARCA
58969,6388040,2026-05-17,2:50:00,ANTIOQUIA
58972,6388044,2026-05-17,2:30:00,CUNDINAMARCA
58974,6388048,2026-05-17,2:30:00,CUNDINAMARCA
58976,6388049,2026-05-17,2:30:00,CUNDINAMARCA
58978,6388050,2026-05-17,3:00:00,CUNDINAMARCA
58979,6388053,2026-05-17,2:40:00,ANTIOQUIA
58980,6388051,2026-05-17,14:30:00,ANTIOQUIA
58981,6388054,2026-05-17,6:20:00,ANTIOQUIA
58985,6388058,2026-05-17,2:50:00,ANTIOQUIA
58989,6388068,2026-05-17,3:00:00,CUNDINAMARCA
58996,6388076,2026-05-17,3:00:00,CUNDINAMARCA
58999,6388075,2026-05-17,4:00:00,ANTIOQUIA
59000,6388079,2026-05-17,5:05:00,CUNDINAMARCA
59004,6388083,2026-05-17,3:45:00,ANTIOQUIA
59005,6388084,2026-05-17,3:30:00,ANTIOQUIA
59008,6388088,2026-05-17,4:30:00,CUNDINAMARCA
59020,6388113,2026-05-17,5:00:00,CUNDINAMARCA
59023,6388125,2026-05-17,6:00:00,CUNDINAMARCA
59028,6388131,2026-05-17,6:30:00,CUNDINAMARCA
59030,6388135,2026-05-17,7:00:00,ANTIOQUIA
59033,6388140,2026-05-17,9:00:00,CUNDINAMARCA
59034,6388141,2026-05-17,8:30:00,CUNDINAMARCA
59041,6388152,2026-05-17,23:40:00,ANTIOQUIA
59042,6388154,2026-05-17,11:00:00,CUNDINAMARCA
59054,6388180,2026-05-17,13:00:00,CUNDINAMARCA
59062,6388187,2026-05-18,1:30:00,CUNDINAMARCA
59075,6388218,2026-05-18,1:30:00,CUNDINAMARCA
59082,6385846,2026-05-18,0:30:00,CUNDINAMARCA
59092,6388243,2026-05-17,16:00:00,ANTIOQUIA
59093,6388251,2026-05-17,19:00:00,CUNDINAMARCA
59107,6388273,2026-05-17,16:00:00,CUNDINAMARCA
59108,6388278,2026-05-17,19:30:00,CUNDINAMARCA
59115,6388302,2026-05-18,3:00:00,ANTIOQUIA
59123,6388321,2026-05-17,17:10:00,CUNDINAMARCA
59129,6388328,2026-05-18,1:00:00,CUNDINAMARCA
59133,6388335,2026-05-18,1:40:00,CUNDINAMARCA
59134,6388340,2026-05-18,4:20:00,ANTIOQUIA
59139,6388343,2026-05-17,18:00:00,ANTIOQUIA
59145,6388351,2026-05-17,18:30:00,CUNDINAMARCA
59147,6388352,2026-05-17,19:30:00,CUNDINAMARCA
59149,6388354,2026-05-17,19:00:00,ANTIOQUIA
59151,6388365,2026-05-17,19:30:00,CUNDINAMARCA
59158,6388382,2026-05-17,21:00:00,CUNDINAMARCA
59163,6388386,2026-05-17,21:00:00,ANTIOQUIA
59173,6388405,2026-05-17,19:30:00,CUNDINAMARCA
59176,6388410,2026-05-17,19:30:00,CUNDINAMARCA
59178,6388412,2026-05-17,21:00:00,ANTIOQUIA
59182,6388417,2026-05-17,20:30:00,CUNDINAMARCA
59186,6388423,2026-05-18,0:00:00,ANTIOQUIA
59189,6388433,2026-05-18,2:00:00,ANTIOQUIA
59194,6388441,2026-05-18,3:30:00,ANTIOQUIA
59196,6388443,2026-05-18,2:30:00,CUNDINAMARCA
59200,6388448,2026-05-17,21:00:00,CUNDINAMARCA
59204,6388458,2026-05-17,22:00:00,CUNDINAMARCA
59205,6388456,2026-05-18,2:00:00,ANTIOQUIA
59207,6388460,2026-05-17,21:00:00,CUNDINAMARCA
59208,6388469,2026-05-17,20:40:00,CUNDINAMARCA
59214,6388475,2026-05-18,3:15:00,ANTIOQUIA
59218,6388481,2026-05-17,21:30:00,CUNDINAMARCA
59220,6388489,2026-05-17,23:00:00,CUNDINAMARCA
59226,6388495,2026-05-18,1:00:00,CUNDINAMARCA
59227,6388505,2026-05-18,2:00:00,ANTIOQUIA
59230,6388503,2026-05-17,21:00:00,CUNDINAMARCA
59231,6388508,2026-05-18,2:00:00,ANTIOQUIA
59235,6388511,2026-05-18,7:00:00,ANTIOQUIA
59236,6388512,2026-05-17,23:50:00,CUNDINAMARCA
59239,6388520,2026-05-17,21:50:00,CUNDINAMARCA
59240,6388524,2026-05-17,22:30:00,CUNDINAMARCA
59242,6388523,2026-05-17,23:30:00,CUNDINAMARCA
59243,6388528,2026-05-17,23:30:00,CUNDINAMARCA
59245,6388529,2026-05-18,0:00:00,CUNDINAMARCA
59247,6388532,2026-05-17,22:30:00,ANTIOQUIA
59248,6388534,2026-05-18,0:00:00,CUNDINAMARCA
59249,6388537,2026-05-18,0:00:00,ANTIOQUIA
59251,6388542,2026-05-18,4:30:00,ANTIOQUIA
59252,6388541,2026-05-17,23:00:00,CUNDINAMARCA
59255,6388549,2026-05-17,22:30:00,CUNDINAMARCA
59256,6388551,2026-05-17,22:40:00,ANTIOQUIA
59257,6388553,2026-05-17,23:30:00,ANTIOQUIA
59258,6388544,2026-05-18,1:00:00,ANTIOQUIA
59259,6388556,2026-05-18,0:00:00,ANTIOQUIA
59260,6388552,2026-05-18,0:00:00,ANTIOQUIA
59261,6388554,2026-05-18,0:30:00,CUNDINAMARCA
59263,6388560,2026-05-17,23:55:00,CUNDINAMARCA
59264,6388562,2026-05-17,22:45:00,CUNDINAMARCA
59265,6388555,2026-05-18,3:00:00,CUNDINAMARCA
59266,6388558,2026-05-18,0:00:00,CUNDINAMARCA
59268,6388557,2026-05-18,0:00:00,ANTIOQUIA
59269,6388567,2026-05-18,0:00:00,ANTIOQUIA
59271,6388565,2026-05-18,0:00:00,CUNDINAMARCA
59274,6388568,2026-05-18,1:00:00,CUNDINAMARCA
59276,6388581,2026-05-17,23:00:00,CUNDINAMARCA
59278,6388575,2026-05-17,23:00:00,ANTIOQUIA
59279,6388578,2026-05-18,1:00:00,ANTIOQUIA
59281,6388538,2026-05-17,23:00:00,ANTIOQUIA
59284,6388588,2026-05-18,0:00:00,ANTIOQUIA
59285,6388590,2026-05-18,0:30:00,ANTIOQUIA
59286,6388591,2026-05-17,23:20:00,CUNDINAMARCA
59291,6388597,2026-05-17,23:55:00,ANTIOQUIA
59293,6388602,2026-05-17,23:30:00,ANTIOQUIA
59295,6388600,2026-05-18,0:00:00,CUNDINAMARCA
59296,6388537,2026-05-18,0:00:00,ANTIOQUIA
59298,6388605,2026-05-18,3:00:00,CUNDINAMARCA
59302,6388610,2026-05-18,1:00:00,ANTIOQUIA
59305,6388616,2026-05-17,23:55:00,CUNDINAMARCA
59307,6388621,2026-05-17,23:55:00,CUNDINAMARCA
59312,6388629,2026-05-18,4:00:00,ANTIOQUIA
59313,6388634,2026-05-18,2:00:00,CUNDINAMARCA
59318,6388635,2026-05-18,1:30:00,CUNDINAMARCA
59323,6388645,2026-05-18,0:25:00,CUNDINAMARCA
59324,6388647,2026-05-18,0:30:00,CUNDINAMARCA
59325,6388648,2026-05-18,2:00:00,ANTIOQUIA
59326,6388650,2026-05-18,4:00:00,ANTIOQUIA
59328,6388651,2026-05-18,2:00:00,ANTIOQUIA
59332,6388657,2026-05-18,3:30:00,ANTIOQUIA
59334,6388661,2026-05-18,1:30:00,CUNDINAMARCA
59335,6388662,2026-05-18,1:00:00,CUNDINAMARCA
59337,6388663,2026-05-18,1:15:00,CUNDINAMARCA
59339,6388671,2026-05-18,3:00:00,CUNDINAMARCA
59341,6388672,2026-05-18,2:00:00,ANTIOQUIA
59344,6388675,2026-05-18,1:30:00,ANTIOQUIA
59349,6388682,2026-05-18,19:00:00,CUNDINAMARCA
59350,6388680,2026-05-18,2:15:00,CUNDINAMARCA
59351,6388683,2026-05-18,1:00:00,CUNDINAMARCA
59354,6388686,2026-05-18,3:00:00,ANTIOQUIA
59356,6388690,2026-05-18,2:00:00,CUNDINAMARCA
59357,6388688,2026-05-18,2:00:00,ANTIOQUIA
59363,6388704,2026-05-18,2:45:00,ANTIOQUIA
59364,6388706,2026-05-18,3:00:00,ANTIOQUIA
59369,6388715,2026-05-18,2:40:00,CUNDINAMARCA
59371,6388719,2026-05-18,3:10:00,ANTIOQUIA
59376,6388725,2026-05-18,3:15:00,CUNDINAMARCA
59379,6388730,2026-05-18,4:05:00,ANTIOQUIA
59389,6388755,2026-05-18,6:30:00,CUNDINAMARCA
59391,6388441,2026-05-18,3:30:00,ANTIOQUIA
59414,6388820,2026-05-18,16:30:00,CUNDINAMARCA
59443,6388886,2026-05-18,21:00:00,CUNDINAMARCA
59450,6388908,2026-05-18,16:00:00,CUNDINAMARCA
59452,6388910,2026-05-18,17:00:00,ANTIOQUIA
59454,6388916,2026-05-19,4:30:00,CUNDINAMARCA
59456,6388919,2026-05-18,19:00:00,CUNDINAMARCA
59457,6388917,2026-05-18,22:20:00,ANTIOQUIA
59482,6388976,2026-05-18,17:30:00,CUNDINAMARCA
59509,6389049,2026-05-19,11:00:00,ANTIOQUIA
59515,6389055,2026-05-18,14:40:00,CUNDINAMARCA
59537,6389115,2026-05-24,0:15:00,CUNDINAMARCA
59584,6389199,2026-05-18,22:30:00,ANTIOQUIA
59593,6389222,2026-05-19,0:00:00,ANTIOQUIA
59598,6389230,2026-05-19,7:30:00,CUNDINAMARCA
59627,6389288,2026-05-19,5:45:00,CUNDINAMARCA
59629,6389291,2026-05-19,6:00:00,CUNDINAMARCA
59634,6389298,2026-05-19,13:30:00,CUNDINAMARCA
59637,6389307,2026-05-19,6:00:00,CUNDINAMARCA
59652,6389334,2026-05-19,5:50:00,CUNDINAMARCA
59655,6389340,2026-05-19,15:30:00,CUNDINAMARCA
59660,6389350,2026-05-19,9:00:00,CUNDINAMARCA
59723,6389466,2026-05-21,14:00:00,CUNDINAMARCA
59731,6389461,2026-05-19,9:35:00,CUNDINAMARCA
59741,6389505,2026-05-20,7:30:00,CUNDINAMARCA
59760,6389555,2026-05-21,8:00:00,CUNDINAMARCA
59773,6389591,2026-05-21,11:30:00,CUNDINAMARCA
59842,6389826,2026-05-19,13:00:00,CUNDINAMARCA
59872,6389904,2026-05-23,3:45:00,CUNDINAMARCA
59936,6390088,2026-05-19,17:35:00,CUNDINAMARCA
59942,6390091,2026-05-19,19:15:00,CUNDINAMARCA
60030,6390402,2026-05-20,20:30:00,ANTIOQUIA
60043,6390442,2026-05-19,22:00:00,CUNDINAMARCA
60049,6390453,2026-05-19,22:00:00,CUNDINAMARCA
60052,6390455,2026-05-20,9:00:00,ANTIOQUIA
60054,6390463,2026-05-20,14:00:00,ANTIOQUIA
60055,6390465,2026-05-19,22:30:00,CUNDINAMARCA
60058,6390473,2026-05-19,22:30:00,CUNDINAMARCA
60073,6390506,2026-05-20,13:00:00,CUNDINAMARCA
60103,6390571,2026-05-20,0:00:00,ANTIOQUIA
60116,6390589,2026-05-20,1:00:00,CUNDINAMARCA
60159,6390677,2026-05-20,13:30:00,CUNDINAMARCA
60170,6390695,2026-05-20,11:30:00,CUNDINAMARCA
60183,6390726,2026-05-20,12:00:00,CUNDINAMARCA
60192,6390726,2026-05-20,12:00:00,CUNDINAMARCA
60315,6391110,2026-05-20,13:00:00,CUNDINAMARCA
60381,6391267,2026-05-21,20:00:00,ANTIOQUIA
60405,6391357,2026-05-20,21:00:00,CUNDINAMARCA
60414,6391402,2026-05-20,21:00:00,CUNDINAMARCA
60422,6391422,2026-05-20,21:00:00,ANTIOQUIA
60424,6391429,2026-05-21,5:00:00,CUNDINAMARCA
60446,6391486,2026-05-20,20:30:00,CUNDINAMARCA
60458,6391513,2026-05-20,23:30:00,ANTIOQUIA
60481,6391561,2026-05-20,23:45:00,CUNDINAMARCA
60484,6391568,2026-05-20,23:45:00,CUNDINAMARCA
60486,6391577,2026-05-21,23:00:00,ANTIOQUIA
60505,6391622,2026-05-21,19:00:00,CUNDINAMARCA
60523,6391665,2026-05-21,2:00:00,CUNDINAMARCA
60528,6391678,2026-05-21,7:15:00,ANTIOQUIA
60542,6391724,2026-05-21,22:00:00,CUNDINAMARCA
60543,6391725,2026-05-21,8:30:00,ANTIOQUIA
60626,6391903,2026-05-24,4:00:00,CUNDINAMARCA
60640,6391969,2026-05-22,0:15:00,CUNDINAMARCA
60677,6392076,2026-05-21,18:00:00,CUNDINAMARCA
60683,6392153,2026-05-21,16:15:00,CUNDINAMARCA
60687,6392120,2026-05-21,21:00:00,ANTIOQUIA
60708,6392178,2026-05-23,23:55:00,ANTIOQUIA
60717,6392216,2026-05-22,16:30:00,ANTIOQUIA
60719,6392212,2026-05-21,22:30:00,ANTIOQUIA
60729,6392246,2026-05-21,17:00:00,CUNDINAMARCA
60738,6392281,2026-05-21,17:00:00,ANTIOQUIA
60757,6392321,2026-05-21,21:15:00,CUNDINAMARCA
60776,6392367,2026-05-21,18:30:00,CUNDINAMARCA
60789,6392391,2026-05-23,22:00:00,CUNDINAMARCA
60796,6392414,2026-05-23,20:45:00,CUNDINAMARCA
60798,6392409,2026-05-23,16:30:00,CUNDINAMARCA
60836,6392557,2026-05-21,21:00:00,CUNDINAMARCA
60851,6392595,2026-05-23,23:00:00,ANTIOQUIA
60857,6392607,2026-05-24,9:45:00,CUNDINAMARCA
60870,6392661,2026-05-21,22:00:00,ANTIOQUIA
60871,6392675,2026-05-21,22:30:00,ANTIOQUIA
60876,6392669,2026-05-22,7:00:00,CUNDINAMARCA
60877,6392684,2026-05-24,18:00:00,CUNDINAMARCA
60885,6392700,2026-05-21,23:30:00,CUNDINAMARCA
60891,6392708,2026-05-21,22:45:00,ANTIOQUIA
60910,6392740,2026-05-23,23:00:00,CUNDINAMARCA
60918,6392750,2026-05-22,0:00:00,CUNDINAMARCA
60922,6392760,2026-05-21,23:00:00,CUNDINAMARCA
60925,6392763,2026-05-22,4:30:00,CUNDINAMARCA
60926,6392766,2026-05-22,6:30:00,ANTIOQUIA
60950,6392823,2026-05-22,2:30:00,ANTIOQUIA
60956,6392828,2026-05-22,2:00:00,ANTIOQUIA
60958,6392832,2026-05-22,3:50:00,CUNDINAMARCA
60966,6392842,2026-05-22,3:05:00,ANTIOQUIA
61038,6393013,2026-05-24,3:00:00,CUNDINAMARCA
61059,6393082,2026-05-22,23:30:00,CUNDINAMARCA
61071,6393127,2026-05-22,16:00:00,CUNDINAMARCA
61080,6393146,2026-05-22,15:55:00,ANTIOQUIA
61087,6393165,2026-05-24,2:00:00,ANTIOQUIA
61088,6393169,2026-05-23,13:00:00,CUNDINAMARCA
61103,6393200,2026-05-23,13:00:00,CUNDINAMARCA
61108,6393174,2026-05-22,23:30:00,CUNDINAMARCA
61115,6393209,2026-05-24,1:15:00,ANTIOQUIA
61145,6393317,2026-05-23,3:15:00,CUNDINAMARCA
61148,6393326,2026-05-22,20:30:00,ANTIOQUIA
61154,6393358,2026-05-24,0:30:00,CUNDINAMARCA
61157,6393332,2026-05-22,22:30:00,ANTIOQUIA
61158,6393363,2026-05-24,15:00:00,ANTIOQUIA
61165,6393382,2026-05-23,3:00:00,CUNDINAMARCA
61172,6393402,2026-05-23,2:45:00,CUNDINAMARCA
61188,6393459,2026-05-23,1:30:00,CUNDINAMARCA
61200,6393505,2026-05-22,22:30:00,ANTIOQUIA
61202,6393522,2026-05-23,2:00:00,CUNDINAMARCA
61209,6393535,2026-05-22,22:00:00,ANTIOQUIA
61212,6393505,2026-05-22,22:30:00,ANTIOQUIA
61217,6393560,2026-05-22,22:30:00,CUNDINAMARCA
61222,6393577,2026-05-22,19:30:00,CUNDINAMARCA
61230,6393596,2026-05-23,13:00:00,CUNDINAMARCA
61241,6393633,2026-05-23,2:00:00,CUNDINAMARCA
61247,6393639,2026-05-22,21:30:00,ANTIOQUIA
61252,6393649,2026-05-23,3:00:00,CUNDINAMARCA
61253,6393648,2026-05-22,21:00:00,CUNDINAMARCA
61256,6393663,2026-05-22,22:00:00,CUNDINAMARCA
61266,6393692,2026-05-23,1:15:00,ANTIOQUIA
61272,6393705,2026-05-22,20:55:00,ANTIOQUIA
61283,6393731,2026-05-24,1:00:00,ANTIOQUIA
61286,6393737,2026-05-23,0:01:00,ANTIOQUIA
61288,6393741,2026-05-23,3:00:00,CUNDINAMARCA
61296,6393745,2026-05-23,0:30:00,ANTIOQUIA
61298,6393755,2026-05-23,2:15:00,ANTIOQUIA
61303,6393766,2026-05-23,2:00:00,ANTIOQUIA
61305,6393768,2026-05-22,21:40:00,ANTIOQUIA
61307,6393769,2026-05-22,22:00:00,ANTIOQUIA
61308,6393774,2026-05-22,21:50:00,ANTIOQUIA
61310,6393779,2026-05-22,22:15:00,ANTIOQUIA
61311,6393165,2026-05-24,2:00:00,ANTIOQUIA
61314,6393788,2026-05-22,23:30:00,ANTIOQUIA
61316,6393794,2026-05-22,23:30:00,ANTIOQUIA
61317,6393796,2026-05-24,3:15:00,CUNDINAMARCA
61319,6393806,2026-05-23,21:30:00,CUNDINAMARCA
61321,6393808,2026-05-23,2:00:00,CUNDINAMARCA
61333,6393832,2026-05-22,22:45:00,CUNDINAMARCA
61334,6393837,2026-05-22,22:25:00,CUNDINAMARCA
61336,6393836,2026-05-22,23:30:00,ANTIOQUIA
61345,6393858,2026-05-22,23:55:00,CUNDINAMARCA
61346,6393865,2026-05-23,0:00:00,ANTIOQUIA
61347,6393864,2026-05-22,23:10:00,CUNDINAMARCA
61348,6393869,2026-05-23,1:05:00,ANTIOQUIA
61349,6393873,2026-05-22,23:30:00,CUNDINAMARCA
61350,6393863,2026-05-24,2:30:00,CUNDINAMARCA
61354,6393870,2026-05-23,0:45:00,ANTIOQUIA
61357,6393872,2026-05-23,2:30:00,CUNDINAMARCA
61358,6393882,2026-05-22,23:55:00,ANTIOQUIA
61359,6393884,2026-05-23,4:00:00,CUNDINAMARCA
61361,6393881,2026-05-23,1:30:00,CUNDINAMARCA
61362,6393890,2026-05-23,1:20:00,ANTIOQUIA
61363,6393885,2026-05-23,1:00:00,CUNDINAMARCA
61364,6393886,2026-05-31,1:00:00,ANTIOQUIA
61367,6393894,2026-05-23,2:00:00,ANTIOQUIA
61369,6393897,2026-05-23,0:00:00,CUNDINAMARCA
61371,6393901,2026-05-23,1:00:00,ANTIOQUIA
61373,6393905,2026-05-23,3:15:00,CUNDINAMARCA
61375,6393909,2026-05-22,23:55:00,CUNDINAMARCA
61377,6393907,2026-05-23,1:00:00,CUNDINAMARCA
61378,6393914,2026-05-23,1:25:00,CUNDINAMARCA
61379,6393917,2026-05-23,2:30:00,ANTIOQUIA
61382,6393920,2026-05-23,1:30:00,ANTIOQUIA
61383,6393927,2026-05-23,0:00:00,ANTIOQUIA
61384,6393923,2026-05-23,2:00:00,CUNDINAMARCA
61387,6393928,2026-05-23,0:15:00,ANTIOQUIA
61389,6393924,2026-05-23,4:30:00,CUNDINAMARCA
61393,6393935,2026-05-23,1:45:00,CUNDINAMARCA
61394,6393937,2026-05-23,2:00:00,ANTIOQUIA
61395,6393942,2026-05-23,2:00:00,ANTIOQUIA
61399,6393944,2026-05-23,3:00:00,CUNDINAMARCA
61400,6393946,2026-05-23,1:15:00,CUNDINAMARCA
61401,6393948,2026-05-23,1:35:00,ANTIOQUIA
61404,6393951,2026-05-23,2:00:00,ANTIOQUIA
61405,6393953,2026-05-23,2:15:00,CUNDINAMARCA
61406,6393952,2026-05-23,0:40:00,CUNDINAMARCA
61407,6393956,2026-05-23,2:00:00,ANTIOQUIA
61408,6393959,2026-05-23,2:00:00,ANTIOQUIA
61414,6393958,2026-05-23,2:00:00,CUNDINAMARCA
61415,6393970,2026-05-23,3:30:00,ANTIOQUIA
61422,6393983,2026-05-23,1:15:00,ANTIOQUIA
61427,6393991,2026-05-23,2:00:00,ANTIOQUIA
61431,6393985,2026-05-23,1:45:00,ANTIOQUIA
61432,6394004,2026-05-24,4:00:00,CUNDINAMARCA
61435,6394010,2026-05-23,1:30:00,CUNDINAMARCA
61436,6394003,2026-05-23,2:30:00,CUNDINAMARCA
61437,6394012,2026-05-23,2:30:00,CUNDINAMARCA
61438,6394006,2026-05-23,1:45:00,ANTIOQUIA
61439,6394011,2026-05-23,1:45:00,ANTIOQUIA
61440,6394014,2026-05-23,2:00:00,ANTIOQUIA
61442,6394016,2026-05-23,3:10:00,CUNDINAMARCA
61444,6394020,2026-05-24,1:00:00,CUNDINAMARCA
61447,6394026,2026-05-23,2:10:00,CUNDINAMARCA
61452,6393971,2026-05-23,13:00:00,ANTIOQUIA
61455,6394038,2026-05-24,0:30:00,CUNDINAMARCA
61461,6394031,2026-05-23,2:30:00,ANTIOQUIA
61463,6394047,2026-05-23,2:45:00,ANTIOQUIA
61464,6394052,2026-05-23,2:45:00,CUNDINAMARCA
61465,6394053,2026-05-23,3:00:00,ANTIOQUIA
61466,6394058,2026-05-23,2:45:00,CUNDINAMARCA
61468,6394060,2026-05-23,4:00:00,CUNDINAMARCA
61470,6394059,2026-05-23,4:00:00,ANTIOQUIA
61472,6394063,2026-05-23,3:15:00,CUNDINAMARCA
61474,6394068,2026-05-23,3:50:00,ANTIOQUIA
61475,6394071,2026-05-23,3:40:00,CUNDINAMARCA
61476,6394070,2026-05-23,3:20:00,ANTIOQUIA
61482,6394079,2026-05-23,4:15:00,CUNDINAMARCA
61483,6394084,2026-05-23,4:30:00,CUNDINAMARCA
61487,6394089,2026-05-24,2:00:00,ANTIOQUIA
61498,6394114,2026-05-23,23:05:00,ANTIOQUIA
61504,6394123,2026-05-24,1:00:00,ANTIOQUIA
61512,6394131,2026-05-24,1:30:00,CUNDINAMARCA
61517,6394123,2026-05-24,2:00:00,ANTIOQUIA
61523,6394157,2026-05-24,2:00:00,ANTIOQUIA
61536,6394176,2026-05-24,1:30:00,ANTIOQUIA
61541,6394177,2026-05-23,13:00:00,CUNDINAMARCA
61547,6394211,2026-05-23,19:30:00,CUNDINAMARCA
61552,6394228,2026-05-24,2:30:00,ANTIOQUIA
61574,6394275,2026-05-23,23:45:00,CUNDINAMARCA
61580,6394280,2026-05-30,2:15:00,ANTIOQUIA
61582,6394281,2026-05-23,22:30:00,ANTIOQUIA
61595,6394309,2026-05-23,16:00:00,CUNDINAMARCA
61601,6394342,2026-05-24,3:00:00,CUNDINAMARCA
61614,6394369,2026-05-24,2:00:00,CUNDINAMARCA
61615,6394372,2026-05-23,19:00:00,ANTIOQUIA
61616,6394350,2026-05-23,23:45:00,CUNDINAMARCA
61619,6394362,2026-05-24,1:30:00,CUNDINAMARCA
61624,6394394,2026-05-23,23:00:00,CUNDINAMARCA
61631,6394403,2026-05-24,1:00:00,CUNDINAMARCA
61633,6394409,2026-05-24,0:00:00,ANTIOQUIA
61639,6394406,2026-05-24,3:00:00,ANTIOQUIA
61643,6394422,2026-05-24,1:00:00,ANTIOQUIA
61648,6394435,2026-05-24,0:00:00,ANTIOQUIA
61651,6394448,2026-05-23,22:00:00,CUNDINAMARCA
61654,6394441,2026-05-24,2:00:00,ANTIOQUIA
61659,6394450,2026-05-24,1:00:00,CUNDINAMARCA
61667,6394479,2026-05-24,2:00:00,ANTIOQUIA
61669,6394480,2026-05-24,3:15:00,CUNDINAMARCA
61676,6394488,2026-05-23,20:00:00,CUNDINAMARCA
61685,6394506,2026-05-23,19:00:00,CUNDINAMARCA
61701,6394533,2026-05-24,3:15:00,CUNDINAMARCA
61704,6394541,2026-05-23,19:00:00,CUNDINAMARCA
61713,6394571,2026-05-23,18:30:00,CUNDINAMARCA
61716,6394589,2026-05-23,23:00:00,CUNDINAMARCA
61719,6394586,2026-05-24,3:15:00,CUNDINAMARCA
61722,6394594,2026-05-23,22:30:00,ANTIOQUIA
61727,6394607,2026-05-23,20:00:00,CUNDINAMARCA
61728,6394608,2026-05-24,1:00:00,ANTIOQUIA
61729,6394610,2026-05-23,19:00:00,CUNDINAMARCA
61730,6394614,2026-05-24,3:10:00,CUNDINAMARCA
61733,6394615,2026-05-24,0:30:00,CUNDINAMARCA
61734,6394619,2026-05-23,20:00:00,CUNDINAMARCA
61736,6394621,2026-05-24,1:30:00,CUNDINAMARCA
61737,6394625,2026-05-23,20:00:00,CUNDINAMARCA
61739,6394634,2026-05-23,21:00:00,CUNDINAMARCA
61740,6394632,2026-05-23,22:00:00,CUNDINAMARCA
61741,6394637,2026-05-24,1:30:00,ANTIOQUIA
61742,6394639,2026-05-24,0:00:00,ANTIOQUIA
61750,6394651,2026-05-24,12:30:00,ANTIOQUIA
61753,6394656,2026-05-24,0:00:00,ANTIOQUIA
61754,6394641,2026-05-23,22:00:00,CUNDINAMARCA
61756,6394666,2026-05-23,22:00:00,ANTIOQUIA
61760,6394674,2026-05-24,1:00:00,CUNDINAMARCA
61761,6394654,2026-05-24,0:00:00,CUNDINAMARCA
61763,6394653,2026-05-23,21:00:00,CUNDINAMARCA
61764,6394659,2026-05-24,0:30:00,ANTIOQUIA
61766,6394664,2026-05-24,1:15:00,CUNDINAMARCA
61767,6394675,2026-05-23,20:00:00,ANTIOQUIA
61768,6394677,2026-05-23,20:05:00,CUNDINAMARCA
61771,6394680,2026-05-23,23:00:00,CUNDINAMARCA
61772,6394679,2026-05-24,3:00:00,ANTIOQUIA
61774,6394690,2026-05-23,21:30:00,CUNDINAMARCA
61777,6394692,2026-05-24,1:00:00,ANTIOQUIA
61778,6394689,2026-05-24,2:00:00,ANTIOQUIA
61780,6394701,2026-05-24,0:30:00,CUNDINAMARCA
61781,6394700,2026-05-23,20:40:00,ANTIOQUIA
61782,6394704,2026-05-24,0:15:00,CUNDINAMARCA
61785,6394697,2026-05-24,2:00:00,CUNDINAMARCA
61787,6394709,2026-05-23,21:00:00,CUNDINAMARCA
61791,6394716,2026-05-24,0:00:00,CUNDINAMARCA
61792,6394717,2026-05-23,20:45:00,ANTIOQUIA
61793,6394723,2026-05-23,21:00:00,CUNDINAMARCA
61794,6394724,2026-05-23,20:30:00,ANTIOQUIA
61795,6394720,2026-05-24,3:00:00,CUNDINAMARCA
61797,6394722,2026-05-23,23:30:00,CUNDINAMARCA
61798,6394731,2026-05-23,21:00:00,ANTIOQUIA
61800,6394729,2026-05-24,0:30:00,CUNDINAMARCA
61802,6394736,2026-05-24,3:20:00,CUNDINAMARCA
61803,6394741,2026-05-23,21:30:00,CUNDINAMARCA
61805,6394744,2026-05-23,21:00:00,CUNDINAMARCA
61807,6394747,2026-05-23,21:20:00,CUNDINAMARCA
61811,6394740,2026-05-23,22:00:00,CUNDINAMARCA
61813,6394742,2026-05-23,23:00:00,CUNDINAMARCA
61814,6394753,2026-05-23,21:30:00,CUNDINAMARCA
61818,6394756,2026-05-23,22:00:00,ANTIOQUIA
61821,6394759,2026-05-24,0:00:00,CUNDINAMARCA
61823,6394762,2026-05-24,1:00:00,CUNDINAMARCA
61827,6394774,2026-05-23,21:30:00,CUNDINAMARCA
61831,6394770,2026-05-23,23:00:00,CUNDINAMARCA
61833,6394776,2026-05-24,0:30:00,ANTIOQUIA
61836,6394780,2026-05-23,23:00:00,ANTIOQUIA
61837,6394777,2026-05-23,23:00:00,ANTIOQUIA
61838,6394781,2026-05-23,22:00:00,CUNDINAMARCA
61840,6394785,2026-05-24,12:30:00,CUNDINAMARCA
61841,6394790,2026-05-24,3:00:00,ANTIOQUIA
61842,6394784,2026-05-24,1:30:00,ANTIOQUIA
61844,6394787,2026-05-24,3:15:00,CUNDINAMARCA
61845,6394793,2026-05-23,23:00:00,CUNDINAMARCA
61846,6394795,2026-05-24,3:30:00,CUNDINAMARCA
61848,6394789,2026-05-24,0:00:00,ANTIOQUIA
61849,6394792,2026-05-24,2:00:00,CUNDINAMARCA
61852,6394804,2026-05-24,3:00:00,CUNDINAMARCA
61855,6394807,2026-05-24,2:20:00,ANTIOQUIA
61856,6394803,2026-05-24,1:00:00,CUNDINAMARCA
61858,6394806,2026-05-24,1:00:00,ANTIOQUIA
61861,6394812,2026-05-23,23:00:00,CUNDINAMARCA
61863,6394821,2026-05-23,22:00:00,ANTIOQUIA
61864,6394819,2026-05-23,22:30:00,ANTIOQUIA
61865,6394814,2026-05-24,0:00:00,ANTIOQUIA
61867,6394822,2026-05-24,3:00:00,ANTIOQUIA
61868,6394817,2026-05-24,1:15:00,ANTIOQUIA
61869,6394826,2026-05-24,1:00:00,CUNDINAMARCA
61870,6394827,2026-05-23,22:30:00,CUNDINAMARCA
61871,6394823,2026-05-24,3:30:00,CUNDINAMARCA
61874,6394836,2026-05-23,23:15:00,CUNDINAMARCA
61875,6394825,2026-05-23,22:30:00,CUNDINAMARCA
61876,6394833,2026-05-23,22:25:00,CUNDINAMARCA
61880,6394830,2026-05-23,22:00:00,CUNDINAMARCA
61882,6394834,2026-05-23,22:30:00,CUNDINAMARCA
61884,6394849,2026-05-24,3:45:00,CUNDINAMARCA
61885,6394851,2026-05-23,22:40:00,CUNDINAMARCA
61886,6394844,2026-05-23,23:55:00,CUNDINAMARCA
61889,6394848,2026-05-24,1:00:00,ANTIOQUIA
61891,6394857,2026-05-24,0:00:00,CUNDINAMARCA
61892,6394859,2026-05-24,2:00:00,ANTIOQUIA
61893,6394853,2026-05-24,0:00:00,ANTIOQUIA
61900,6394863,2026-05-24,4:00:00,CUNDINAMARCA
61905,6394871,2026-05-24,1:00:00,CUNDINAMARCA
61906,6394874,2026-05-24,3:30:00,CUNDINAMARCA
61907,6394872,2026-05-24,2:30:00,CUNDINAMARCA
61912,6394880,2026-05-24,1:00:00,CUNDINAMARCA
61913,6394885,2026-05-24,2:00:00,CUNDINAMARCA
61916,6394879,2026-05-23,23:10:00,CUNDINAMARCA
61918,6394886,2026-05-23,23:00:00,CUNDINAMARCA
61921,6394891,2026-05-24,1:00:00,ANTIOQUIA
61922,6394888,2026-05-24,1:00:00,CUNDINAMARCA
61923,6394884,2026-05-23,23:45:00,CUNDINAMARCA
61924,6394896,2026-05-23,23:20:00,CUNDINAMARCA
61926,6394897,2026-05-24,0:30:00,CUNDINAMARCA
61927,6394898,2026-05-23,23:15:00,CUNDINAMARCA
61928,6394899,2026-05-23,23:10:00,CUNDINAMARCA
61929,6394895,2026-05-24,0:30:00,ANTIOQUIA
61931,6394904,2026-05-23,23:20:00,CUNDINAMARCA
61932,6394903,2026-05-24,1:30:00,CUNDINAMARCA
61933,6394908,2026-05-24,2:00:00,ANTIOQUIA
61934,6394912,2026-05-23,23:00:00,ANTIOQUIA
61937,6394914,2026-05-24,2:20:00,CUNDINAMARCA
61938,6394922,2026-05-23,23:30:00,CUNDINAMARCA
61940,6394927,2026-05-23,23:45:00,ANTIOQUIA
61941,6394920,2026-05-24,0:30:00,ANTIOQUIA
61945,6394930,2026-05-24,1:50:00,CUNDINAMARCA
61947,6394936,2026-05-24,2:30:00,CUNDINAMARCA
61948,6394917,2026-05-24,0:15:00,ANTIOQUIA
61949,6394937,2026-05-24,0:00:00,ANTIOQUIA
61950,6394919,2026-05-24,2:00:00,CUNDINAMARCA
61951,6394918,2026-05-24,2:30:00,ANTIOQUIA
61952,6394931,2026-05-24,0:00:00,ANTIOQUIA
61954,6394944,2026-05-23,23:30:00,CUNDINAMARCA
61956,6394932,2026-05-24,12:00:00,CUNDINAMARCA
61959,6394947,2026-05-24,0:00:00,CUNDINAMARCA
61960,6394955,2026-05-24,1:00:00,ANTIOQUIA
61961,6394938,2026-05-24,2:30:00,ANTIOQUIA
61962,6394954,2026-05-24,1:30:00,ANTIOQUIA
61963,6394939,2026-05-24,1:30:00,ANTIOQUIA
61964,6394940,2026-05-24,0:00:00,CUNDINAMARCA
61966,6394941,2026-05-24,1:00:00,ANTIOQUIA
61967,6394951,2026-05-24,3:30:00,CUNDINAMARCA
61969,6394961,2026-05-24,0:05:00,ANTIOQUIA
61970,6394953,2026-05-24,0:15:00,CUNDINAMARCA
61971,6394956,2026-05-24,3:45:00,CUNDINAMARCA
61973,6394971,2026-05-24,1:30:00,CUNDINAMARCA
61974,6394964,2026-05-24,1:00:00,CUNDINAMARCA
61976,6394960,2026-05-24,1:30:00,CUNDINAMARCA
61977,6394965,2026-05-24,1:00:00,CUNDINAMARCA
61979,6394970,2026-05-24,1:00:00,ANTIOQUIA
61980,6394973,2026-05-24,1:00:00,ANTIOQUIA
61982,6394974,2026-05-24,0:15:00,CUNDINAMARCA
61983,6394976,2026-05-24,2:00:00,CUNDINAMARCA
61984,6394978,2026-05-24,0:30:00,CUNDINAMARCA
61988,6394979,2026-05-24,2:00:00,ANTIOQUIA
61989,6394987,2026-05-24,2:00:00,CUNDINAMARCA
61991,6394989,2026-05-24,0:55:00,ANTIOQUIA
61996,6394998,2026-05-24,1:00:00,ANTIOQUIA
62000,6394993,2026-05-24,2:00:00,CUNDINAMARCA
62001,6394999,2026-05-24,3:30:00,CUNDINAMARCA
62002,6395000,2026-05-24,2:00:00,ANTIOQUIA
62003,6394997,2026-05-24,1:00:00,CUNDINAMARCA
62006,6395008,2026-05-24,3:00:00,CUNDINAMARCA
62008,6395007,2026-05-24,1:00:00,ANTIOQUIA
62011,6395012,2026-05-24,3:00:00,CUNDINAMARCA
62017,6395022,2026-05-24,1:15:00,CUNDINAMARCA
62019,6395028,2026-05-24,3:15:00,CUNDINAMARCA
62020,6395004,2026-05-24,1:15:00,CUNDINAMARCA
62021,6395024,2026-05-24,2:25:00,CUNDINAMARCA
62022,6395004,2026-05-24,1:15:00,CUNDINAMARCA
62024,6395033,2026-05-24,1:30:00,ANTIOQUIA
62025,6395034,2026-05-24,2:00:00,ANTIOQUIA
62026,6395015,2026-05-24,3:00:00,CUNDINAMARCA
62028,6395017,2026-05-24,2:00:00,ANTIOQUIA
62029,6395039,2026-05-24,1:40:00,CUNDINAMARCA
62030,6395019,2026-05-24,3:00:00,CUNDINAMARCA
62032,6395030,2026-05-24,1:30:00,CUNDINAMARCA
62034,6395041,2026-05-24,1:35:00,ANTIOQUIA
62035,6395023,2026-05-24,1:30:00,CUNDINAMARCA
62038,6395042,2026-05-24,2:00:00,CUNDINAMARCA
62040,6395046,2026-05-24,3:30:00,CUNDINAMARCA
62041,6395048,2026-05-24,2:00:00,CUNDINAMARCA
62042,6395030,2026-05-24,1:30:00,CUNDINAMARCA
62043,6395050,2026-05-24,1:45:00,CUNDINAMARCA
62044,6395052,2026-05-24,3:30:00,CUNDINAMARCA
62051,6395058,2026-05-24,3:00:00,ANTIOQUIA
62055,6395062,2026-05-24,2:15:00,CUNDINAMARCA
62056,6395063,2026-05-24,2:30:00,CUNDINAMARCA
62060,6395066,2026-05-24,2:30:00,CUNDINAMARCA
62062,6395073,2026-05-24,3:00:00,CUNDINAMARCA
62063,6395071,2026-05-24,2:35:00,CUNDINAMARCA
62064,6395074,2026-05-24,3:00:00,ANTIOQUIA
62065,6395072,2026-05-24,4:00:00,ANTIOQUIA
62066,6395075,2026-05-24,2:35:00,CUNDINAMARCA
62068,6395078,2026-05-24,3:00:00,ANTIOQUIA
62069,6395080,2026-05-24,5:00:00,CUNDINAMARCA
62070,6395082,2026-05-24,3:00:00,ANTIOQUIA
62072,6395081,2026-05-24,3:00:00,CUNDINAMARCA
62076,6395091,2026-05-24,3:00:00,CUNDINAMARCA
62078,6395093,2026-05-24,3:10:00,CUNDINAMARCA
62080,6395092,2026-05-24,4:00:00,CUNDINAMARCA
62084,6395099,2026-05-24,3:30:00,CUNDINAMARCA
62086,6395101,2026-05-24,3:20:00,ANTIOQUIA
62087,6395104,2026-05-24,4:00:00,ANTIOQUIA
62088,6395106,2026-05-24,4:00:00,CUNDINAMARCA
62090,6395109,2026-05-24,3:35:00,CUNDINAMARCA
62098,6395121,2026-05-24,4:15:00,ANTIOQUIA
62100,6395125,2026-05-24,4:50:00,ANTIOQUIA
62102,6395041,2026-05-24,2:00:00,ANTIOQUIA
62105,6395133,2026-05-24,8:00:00,CUNDINAMARCA
62117,6395158,2026-05-24,7:50:00,ANTIOQUIA
62124,6395167,2026-05-24,12:10:00,CUNDINAMARCA
62137,6395188,2026-05-24,13:00:00,CUNDINAMARCA
62174,6395271,2026-05-24,17:00:00,ANTIOQUIA
62177,6395273,2026-05-24,17:30:00,CUNDINAMARCA
62179,6395281,2026-05-24,17:30:00,CUNDINAMARCA
62185,6395298,2026-05-24,19:30:00,ANTIOQUIA
62194,6395299,2026-05-24,18:05:00,ANTIOQUIA
62195,6395315,2026-05-24,19:00:00,ANTIOQUIA
62196,6395294,2026-05-24,18:00:00,ANTIOQUIA
62200,6395321,2026-05-25,14:30:00,ANTIOQUIA
62212,6395344,2026-05-24,17:30:00,ANTIOQUIA
62214,6395345,2026-05-24,17:45:00,CUNDINAMARCA
62226,6395369,2026-05-24,18:00:00,ANTIOQUIA
62229,6395366,2026-05-24,18:30:00,CUNDINAMARCA
62232,6395368,2026-05-24,21:30:00,ANTIOQUIA
62235,6395374,2026-05-24,20:00:00,CUNDINAMARCA
62236,6395376,2026-05-24,19:00:00,CUNDINAMARCA
62242,6395389,2026-05-24,19:00:00,CUNDINAMARCA
62243,6395386,2026-05-29,5:30:00,CUNDINAMARCA
62247,6395409,2026-05-24,19:00:00,CUNDINAMARCA
62251,6395418,2026-05-24,19:15:00,CUNDINAMARCA
62257,6395416,2026-05-24,20:00:00,CUNDINAMARCA
62263,6395427,2026-05-24,19:30:00,ANTIOQUIA
62264,6395434,2026-05-24,19:40:00,CUNDINAMARCA
62268,6395437,2026-05-24,23:15:00,ANTIOQUIA
62273,6395454,2026-05-24,20:00:00,CUNDINAMARCA
62280,6395457,2026-05-24,23:00:00,ANTIOQUIA
62286,6395475,2026-05-24,20:05:00,ANTIOQUIA
62288,6395474,2026-05-24,20:30:00,CUNDINAMARCA
62290,6395488,2026-05-24,20:30:00,CUNDINAMARCA
62292,6395490,2026-05-24,21:00:00,ANTIOQUIA
62297,6395496,2026-05-25,6:15:00,CUNDINAMARCA
62308,6395525,2026-05-24,19:00:00,ANTIOQUIA
62317,6395533,2026-05-24,23:00:00,ANTIOQUIA
62323,6395546,2026-05-24,23:45:00,ANTIOQUIA
62326,6395559,2026-05-25,0:00:00,ANTIOQUIA
62332,6395575,2026-05-25,0:00:00,CUNDINAMARCA
62351,6395618,2026-05-25,6:00:00,CUNDINAMARCA
62382,6395692,2026-05-25,2:30:00,ANTIOQUIA
62384,6395694,2026-05-25,2:15:00,ANTIOQUIA
62465,6395900,2026-05-25,15:00:00,CUNDINAMARCA
62504,6396043,2026-05-25,17:30:00,CUNDINAMARCA
62511,6396071,2026-05-26,7:30:00,CUNDINAMARCA
62593,6396419,2026-05-25,22:00:00,CUNDINAMARCA
62657,6396621,2026-05-26,12:00:00,CUNDINAMARCA
62693,6396759,2026-05-26,8:15:00,CUNDINAMARCA
62708,6396804,2026-05-25,21:00:00,ANTIOQUIA
62735,6396871,2026-05-26,6:00:00,CUNDINAMARCA
62750,6396895,2026-05-26,6:05:00,CUNDINAMARCA
62787,6397011,2026-05-26,0:00:00,ANTIOQUIA
62812,6397083,2026-05-26,3:55:00,ANTIOQUIA
62834,6397142,2026-05-26,14:30:00,CUNDINAMARCA
62855,6397177,2026-05-26,8:30:00,CUNDINAMARCA
62870,6397194,2026-05-26,12:00:00,CUNDINAMARCA
62966,6397548,2026-05-26,15:45:00,CUNDINAMARCA
62978,6397610,2026-05-27,11:00:00,CUNDINAMARCA
62984,6397633,2026-05-26,22:00:00,CUNDINAMARCA
62994,6397659,2026-05-26,20:30:00,CUNDINAMARCA
63026,6397610,2026-05-27,13:30:00,CUNDINAMARCA
63046,6397829,2026-05-26,17:45:00,ANTIOQUIA
63138,6398187,2026-05-26,21:00:00,CUNDINAMARCA
63166,6398250,2026-06-04,18:15:00,CUNDINAMARCA
63171,6398272,2026-05-26,22:30:00,CUNDINAMARCA
63172,6398262,2026-05-27,12:45:00,CUNDINAMARCA
63174,6398262,2026-05-27,12:45:00,CUNDINAMARCA
63180,6398289,2026-05-27,18:50:00,CUNDINAMARCA
63181,6398291,2026-05-27,8:30:00,CUNDINAMARCA
63213,6398360,2026-05-30,0:10:00,ANTIOQUIA
63217,6398368,2026-05-31,2:00:00,ANTIOQUIA
63236,6398405,2026-05-27,14:30:00,CUNDINAMARCA
63244,6398426,2026-05-27,5:00:00,CUNDINAMARCA
63298,6398585,2026-05-28,18:30:00,ANTIOQUIA
63327,6398676,2026-05-27,15:00:00,ANTIOQUIA
63343,6398703,2026-05-30,0:30:00,CUNDINAMARCA
63386,6398864,2026-05-30,0:30:00,CUNDINAMARCA
63440,6399031,2026-05-27,17:00:00,CUNDINAMARCA
63450,6399051,2026-05-27,17:45:00,ANTIOQUIA
63465,6399108,2026-05-27,18:00:00,CUNDINAMARCA
63473,6399130,2026-05-30,0:30:00,ANTIOQUIA
63486,6399205,2026-05-27,19:30:00,CUNDINAMARCA
63497,6399230,2026-05-27,19:30:00,ANTIOQUIA
63502,6399250,2026-05-27,21:45:00,CUNDINAMARCA
63521,6399289,2026-05-28,23:30:00,CUNDINAMARCA
63525,6399302,2026-05-27,21:00:00,ANTIOQUIA
63551,6399388,2026-05-27,22:30:00,ANTIOQUIA
63569,6399432,2026-05-28,0:30:00,CUNDINAMARCA
63579,6399455,2026-05-27,23:25:00,CUNDINAMARCA
63600,6399502,2026-05-28,0:45:00,CUNDINAMARCA
63640,6399576,2026-05-28,0:00:00,CUNDINAMARCA
63658,6399614,2026-05-28,20:35:00,ANTIOQUIA
63667,6399635,2026-05-28,17:00:00,ANTIOQUIA
63674,6399653,2026-06-07,1:00:00,CUNDINAMARCA
63696,6399710,2026-05-28,17:50:00,CUNDINAMARCA
63728,6399821,2026-05-28,13:40:00,CUNDINAMARCA
63738,6399838,2026-05-28,22:30:00,CUNDINAMARCA
63751,6399877,2026-05-28,11:25:00,CUNDINAMARCA
63766,6399882,2026-05-28,16:00:00,CUNDINAMARCA
63814,6400064,2026-05-28,13:00:00,CUNDINAMARCA
63818,6400077,2026-05-28,17:00:00,CUNDINAMARCA
63834,6400134,2026-05-28,16:30:00,ANTIOQUIA
63861,6400209,2026-05-28,19:30:00,CUNDINAMARCA
63892,6400327,2026-05-30,0:00:00,ANTIOQUIA
63904,6400382,2026-05-28,20:00:00,CUNDINAMARCA
63910,6400408,2026-05-28,19:50:00,CUNDINAMARCA
63915,6400426,2026-05-30,0:00:00,CUNDINAMARCA
63924,6400453,2026-05-29,5:15:00,CUNDINAMARCA
63933,6400489,2026-05-28,21:00:00,ANTIOQUIA
63949,6400526,2026-05-28,23:00:00,ANTIOQUIA
63950,6400541,2026-05-29,3:30:00,CUNDINAMARCA
63952,6400548,2026-05-28,23:00:00,CUNDINAMARCA
63962,6400569,2026-05-28,21:50:00,CUNDINAMARCA
63966,6400584,2026-05-29,3:00:00,CUNDINAMARCA
63983,6400623,2026-05-29,0:30:00,ANTIOQUIA
63985,6400548,2026-05-28,23:00:00,CUNDINAMARCA
63986,6400627,2026-05-28,23:30:00,CUNDINAMARCA
63988,6400635,2026-05-28,23:30:00,CUNDINAMARCA
63993,6400642,2026-05-28,22:55:00,ANTIOQUIA
63998,6400649,2026-05-28,23:25:00,CUNDINAMARCA
64005,6400657,2026-05-29,2:00:00,CUNDINAMARCA
64011,6400673,2026-05-28,23:00:00,CUNDINAMARCA
64017,6400688,2026-05-29,1:00:00,ANTIOQUIA
64020,6400698,2026-05-28,23:59:00,CUNDINAMARCA
64030,6400710,2026-05-29,9:00:00,CUNDINAMARCA
64035,6400722,2026-05-29,0:45:00,ANTIOQUIA
64042,6400735,2026-05-29,9:05:00,CUNDINAMARCA
64043,6400741,2026-05-29,12:00:00,CUNDINAMARCA
64051,6399838,2026-05-28,22:30:00,CUNDINAMARCA
64055,6400763,2026-05-29,3:30:00,ANTIOQUIA
64056,6400761,2026-05-29,22:30:00,CUNDINAMARCA
64064,6400775,2026-05-29,2:15:00,CUNDINAMARCA
64066,6400781,2026-05-29,2:00:00,CUNDINAMARCA
64069,6400784,2026-05-30,1:30:00,ANTIOQUIA
64070,6400783,2026-05-29,2:35:00,CUNDINAMARCA
64076,6400796,2026-05-30,2:00:00,CUNDINAMARCA
64077,6400798,2026-05-29,3:15:00,CUNDINAMARCA
64080,6400801,2026-05-29,7:00:00,CUNDINAMARCA
64084,6400801,2026-05-29,7:00:00,CUNDINAMARCA
64087,6400807,2026-05-29,8:50:00,CUNDINAMARCA
64120,6400861,2026-05-30,22:00:00,ANTIOQUIA
64156,6400948,2026-05-29,20:00:00,ANTIOQUIA
64224,6401156,2026-05-30,2:00:00,CUNDINAMARCA
64226,6401159,2026-05-29,18:00:00,CUNDINAMARCA
64228,6401164,2026-05-30,0:00:00,ANTIOQUIA
64234,6401178,2026-05-29,22:45:00,CUNDINAMARCA
64236,6401187,2026-05-29,16:30:00,ANTIOQUIA
64242,6401213,2026-05-30,1:30:00,CUNDINAMARCA
64254,6401234,2026-05-30,1:00:00,ANTIOQUIA
64260,6401283,2026-05-30,0:30:00,CUNDINAMARCA
64272,6401319,2026-05-30,0:00:00,ANTIOQUIA
64300,6401381,2026-05-29,23:00:00,CUNDINAMARCA
64302,6401397,2026-05-29,20:00:00,CUNDINAMARCA
64303,6401398,2026-05-29,18:00:00,CUNDINAMARCA
64309,6401420,2026-05-30,11:00:00,CUNDINAMARCA
64314,6401429,2026-05-30,17:30:00,CUNDINAMARCA
64323,6401447,2026-05-30,1:30:00,ANTIOQUIA
64329,6401455,2026-05-29,18:30:00,ANTIOQUIA
64340,6401502,2026-05-30,1:00:00,ANTIOQUIA
64345,6401490,2026-05-30,0:00:00,CUNDINAMARCA
64346,6401513,2026-05-29,19:00:00,CUNDINAMARCA
64360,6399748,2026-05-29,18:45:00,ANTIOQUIA
64363,6401566,2026-05-30,8:15:00,CUNDINAMARCA
64367,6401596,2026-05-30,2:00:00,ANTIOQUIA
64369,6401573,2026-05-29,5:15:00,CUNDINAMARCA
64374,6401603,2026-05-29,23:00:00,CUNDINAMARCA
64376,6401611,2026-05-29,22:30:00,ANTIOQUIA
64387,6401647,2026-05-30,2:00:00,ANTIOQUIA
64394,6401686,2026-05-29,23:00:00,CUNDINAMARCA
64397,6401696,2026-05-30,0:30:00,ANTIOQUIA
64406,6401719,2026-05-29,23:00:00,ANTIOQUIA
64409,6401730,2026-05-29,22:00:00,CUNDINAMARCA
64412,6401732,2026-05-30,2:10:00,ANTIOQUIA
64413,6401741,2026-05-30,2:00:00,ANTIOQUIA
64416,6401747,2026-05-30,2:00:00,ANTIOQUIA
64423,6401763,2026-05-30,0:00:00,ANTIOQUIA
64428,6401783,2026-05-30,2:00:00,ANTIOQUIA
64431,6401781,2026-05-30,5:15:00,CUNDINAMARCA
64432,6401786,2026-05-29,23:15:00,CUNDINAMARCA
64435,6401789,2026-05-30,2:30:00,ANTIOQUIA
64440,6401799,2026-05-29,23:00:00,CUNDINAMARCA
64446,6401802,2026-05-30,3:00:00,ANTIOQUIA
64450,6401810,2026-05-30,16:30:00,ANTIOQUIA
64453,6401819,2026-05-29,23:00:00,CUNDINAMARCA
64456,6401822,2026-05-30,1:30:00,ANTIOQUIA
64457,6401826,2026-05-30,19:30:00,CUNDINAMARCA
64459,6401830,2026-05-29,23:30:00,ANTIOQUIA
64460,6401837,2026-05-29,23:00:00,CUNDINAMARCA
64461,6401827,2026-05-30,0:30:00,ANTIOQUIA
64464,6401834,2026-05-30,2:00:00,ANTIOQUIA
64465,6401838,2026-05-30,9:00:00,CUNDINAMARCA
64466,6401839,2026-05-29,23:20:00,CUNDINAMARCA
64469,6401844,2026-05-29,23:50:00,ANTIOQUIA
64471,6401845,2026-05-29,23:45:00,ANTIOQUIA
64473,6401850,2026-05-30,6:20:00,CUNDINAMARCA
64477,6401856,2026-05-30,12:45:00,CUNDINAMARCA
64479,6401863,2026-05-30,3:00:00,CUNDINAMARCA
64481,6401859,2026-05-30,0:00:00,CUNDINAMARCA
64487,6401864,2026-05-31,0:45:00,CUNDINAMARCA
64492,6401881,2026-05-30,1:00:00,CUNDINAMARCA
64493,6401883,2026-05-30,0:00:00,CUNDINAMARCA
64494,6401884,2026-05-30,1:25:00,CUNDINAMARCA
64497,6401879,2026-05-30,2:30:00,CUNDINAMARCA
64501,6401883,2026-05-30,0:00:00,CUNDINAMARCA
64503,6401895,2026-05-30,0:30:00,ANTIOQUIA
64506,6401898,2026-05-30,1:00:00,CUNDINAMARCA
64508,6401903,2026-05-30,1:30:00,CUNDINAMARCA
64509,6401902,2026-05-30,1:30:00,ANTIOQUIA
64514,6401907,2026-05-30,0:30:00,ANTIOQUIA
64515,6401912,2026-05-30,1:30:00,ANTIOQUIA
64517,6401913,2026-05-30,0:45:00,ANTIOQUIA
64519,6401915,2026-05-30,3:00:00,ANTIOQUIA
64520,6401917,2026-05-30,0:00:00,CUNDINAMARCA
64522,6401916,2026-05-30,19:00:00,CUNDINAMARCA
64523,6401919,2026-05-30,2:30:00,ANTIOQUIA
64524,6401920,2026-05-31,0:45:00,CUNDINAMARCA
64526,6401924,2026-05-30,0:55:00,CUNDINAMARCA
64529,6401930,2026-05-30,2:00:00,CUNDINAMARCA
64532,6401937,2026-05-30,1:00:00,CUNDINAMARCA
64533,6401938,2026-05-30,1:00:00,ANTIOQUIA
64540,6401946,2026-05-30,1:20:00,ANTIOQUIA
64541,6401945,2026-05-30,1:00:00,ANTIOQUIA
64543,6401950,2026-05-30,3:00:00,ANTIOQUIA
64547,6401952,2026-05-30,1:45:00,ANTIOQUIA
64548,6401953,2026-05-30,1:25:00,ANTIOQUIA
64551,6401961,2026-05-30,23:00:00,CUNDINAMARCA
64552,6401962,2026-05-30,3:00:00,ANTIOQUIA
64554,6401966,2026-05-30,2:30:00,CUNDINAMARCA
64556,6401959,2026-05-30,2:00:00,ANTIOQUIA
64562,6401972,2026-05-30,2:10:00,ANTIOQUIA
64564,6401974,2026-05-30,2:15:00,ANTIOQUIA
64568,6401978,2026-05-30,4:00:00,ANTIOQUIA
64571,6401983,2026-05-30,2:40:00,CUNDINAMARCA
64572,6401987,2026-05-30,10:45:00,CUNDINAMARCA
64573,6401990,2026-05-30,3:00:00,CUNDINAMARCA
64576,6401991,2026-05-30,2:30:00,ANTIOQUIA
64577,6401989,2026-05-30,18:00:00,CUNDINAMARCA
64580,6401994,2026-05-30,3:30:00,ANTIOQUIA
64581,6401997,2026-05-30,3:00:00,CUNDINAMARCA
64582,6401998,2026-05-30,3:45:00,CUNDINAMARCA
64584,6402002,2026-05-30,4:00:00,ANTIOQUIA
64587,6402005,2026-05-30,4:00:00,ANTIOQUIA
64588,6402004,2026-05-30,3:20:00,ANTIOQUIA
64589,6402007,2026-05-30,21:00:00,CUNDINAMARCA
64591,6402010,2026-05-30,3:30:00,CUNDINAMARCA
64593,6402008,2026-05-30,3:35:00,CUNDINAMARCA
64595,6402012,2026-05-30,3:45:00,ANTIOQUIA
64600,6402018,2026-05-30,7:45:00,CUNDINAMARCA
64602,6402022,2026-05-31,0:30:00,CUNDINAMARCA
64603,6402024,2026-05-30,4:30:00,ANTIOQUIA
64609,6402035,2026-05-30,7:00:00,CUNDINAMARCA
64610,6402037,2026-05-30,4:40:00,ANTIOQUIA
64639,3164112815,2026-05-30,11:30:00,CUNDINAMARCA
64660,6402149,2026-05-30,23:00:00,CUNDINAMARCA
64677,6402191,2026-05-30,20:00:00,CUNDINAMARCA
64678,6402210,2026-05-30,21:00:00,CUNDINAMARCA
64682,6402203,2026-05-31,1:00:00,ANTIOQUIA
64685,6402230,2026-05-30,20:00:00,ANTIOQUIA
64687,6402231,2026-06-04,17:00:00,CUNDINAMARCA
64706,6402281,2026-05-30,21:30:00,CUNDINAMARCA
64715,6402299,2026-05-30,18:00:00,CUNDINAMARCA
64721,6402316,2026-05-30,16:00:00,CUNDINAMARCA
64724,6402318,2026-05-30,23:00:00,CUNDINAMARCA
64726,6402330,2026-05-31,0:30:00,CUNDINAMARCA
64742,6402368,2026-05-30,17:00:00,CUNDINAMARCA
64743,6402369,2026-05-30,19:30:00,CUNDINAMARCA
64748,6402378,2026-05-31,1:20:00,CUNDINAMARCA
64750,6402374,2026-05-30,21:00:00,CUNDINAMARCA
64753,6402383,2026-05-30,18:00:00,CUNDINAMARCA
64771,6402412,2026-05-30,23:00:00,CUNDINAMARCA
64774,6402419,2026-05-31,1:30:00,CUNDINAMARCA
64775,6402417,2026-05-30,20:00:00,CUNDINAMARCA
64781,6402424,2026-05-30,19:00:00,CUNDINAMARCA
64784,6402428,2026-05-30,18:30:00,CUNDINAMARCA
64797,6402475,2026-05-31,0:30:00,ANTIOQUIA
64800,6402476,2026-05-30,20:00:00,CUNDINAMARCA
64806,6402485,2026-05-30,18:00:00,ANTIOQUIA
64807,6402494,2026-05-30,21:00:00,CUNDINAMARCA
64808,6402491,2026-05-30,18:30:00,CUNDINAMARCA
64809,6402495,2026-05-30,18:15:00,ANTIOQUIA
64816,6402509,2026-05-30,19:05:00,CUNDINAMARCA
64822,6402519,2026-05-30,20:00:00,CUNDINAMARCA
64824,6402524,2026-05-30,21:00:00,CUNDINAMARCA
64826,6402526,2026-05-30,22:05:00,CUNDINAMARCA
64829,6402537,2026-05-31,19:30:00,CUNDINAMARCA
64835,6402538,2026-05-30,20:00:00,CUNDINAMARCA
64839,6402551,2026-05-30,20:00:00,CUNDINAMARCA
64841,6402548,2026-05-30,20:00:00,CUNDINAMARCA
64851,6402561,2026-05-30,21:00:00,CUNDINAMARCA
64852,6402562,2026-05-30,23:00:00,CUNDINAMARCA
64853,6402577,2026-05-30,20:00:00,CUNDINAMARCA
64854,6402580,2026-05-30,19:30:00,CUNDINAMARCA
64857,6402581,2026-05-30,21:00:00,CUNDINAMARCA
64863,6402592,2026-05-30,22:00:00,CUNDINAMARCA
64864,6402593,2026-05-30,21:00:00,CUNDINAMARCA
64867,6402594,2026-05-30,20:30:00,CUNDINAMARCA
64868,6402596,2026-05-30,20:15:00,CUNDINAMARCA
64870,6402606,2026-05-30,21:00:00,CUNDINAMARCA
64872,6402608,2026-05-30,20:30:00,CUNDINAMARCA
64874,6402424,2026-05-30,19:00:00,CUNDINAMARCA
64877,6402614,2026-05-31,22:00:00,CUNDINAMARCA
64880,6402621,2026-05-30,20:30:00,ANTIOQUIA
64883,6402626,2026-05-30,22:00:00,CUNDINAMARCA
64884,6402604,2026-05-30,22:00:00,ANTIOQUIA
64886,6402603,2026-05-30,23:00:00,CUNDINAMARCA
64889,6402631,2026-05-30,21:00:00,CUNDINAMARCA
64890,6402633,2026-05-30,22:00:00,CUNDINAMARCA
64891,6402634,2026-05-30,20:35:00,CUNDINAMARCA
64893,6402642,2026-05-31,0:00:00,CUNDINAMARCA
64895,6402641,2026-05-30,23:00:00,CUNDINAMARCA
64896,6402645,2026-05-30,22:00:00,CUNDINAMARCA
64897,6402646,2026-05-30,22:00:00,CUNDINAMARCA
64898,6402647,2026-05-30,21:30:00,CUNDINAMARCA
64902,6402648,2026-05-30,23:00:00,CUNDINAMARCA
64903,6402653,2026-05-31,1:00:00,ANTIOQUIA
64905,6402649,2026-05-31,0:00:00,ANTIOQUIA
64906,6402657,2026-05-30,23:55:00,CUNDINAMARCA
64909,6402667,2026-05-31,0:15:00,ANTIOQUIA
64910,6402668,2026-05-31,0:00:00,CUNDINAMARCA
64912,6402669,2026-05-30,23:30:00,CUNDINAMARCA
64914,6402670,2026-05-30,22:00:00,CUNDINAMARCA
64916,6402675,2026-05-30,22:00:00,CUNDINAMARCA
64918,6402688,2026-05-31,0:00:00,CUNDINAMARCA
64923,6402684,2026-05-30,23:00:00,ANTIOQUIA
64926,6402686,2026-05-30,22:15:00,ANTIOQUIA
64927,4817894,2026-05-31,1:00:00,CUNDINAMARCA
64930,6402700,2026-05-30,22:30:00,ANTIOQUIA
64933,6402703,2026-05-30,22:00:00,ANTIOQUIA
64937,6402713,2026-05-31,0:00:00,ANTIOQUIA
64938,6402714,2026-05-30,22:35:00,ANTIOQUIA
64939,6402718,2026-05-31,0:00:00,CUNDINAMARCA
64949,6402739,2026-05-30,23:30:00,CUNDINAMARCA
64952,6402743,2026-05-31,1:00:00,CUNDINAMARCA
64955,6402747,2026-05-30,23:30:00,ANTIOQUIA
64957,6402753,2026-05-30,23:00:00,CUNDINAMARCA
64958,6402756,2026-05-31,10:00:00,ANTIOQUIA
64959,6402754,2026-05-31,0:00:00,CUNDINAMARCA
64960,6402758,2026-05-30,23:00:00,CUNDINAMARCA
64963,6402761,2026-05-31,1:00:00,CUNDINAMARCA
64964,6402763,2026-05-30,23:30:00,ANTIOQUIA
64966,6402765,2026-05-31,1:30:00,CUNDINAMARCA
64969,6402774,2026-05-30,23:30:00,ANTIOQUIA
64971,6402762,2026-05-31,0:00:00,CUNDINAMARCA
64973,6402771,2026-05-31,0:00:00,CUNDINAMARCA
64974,6402778,2026-05-31,1:40:00,ANTIOQUIA
64979,6402787,2026-05-30,23:00:00,CUNDINAMARCA
64981,6402789,2026-05-31,0:00:00,CUNDINAMARCA
64982,6402792,2026-05-30,23:00:00,CUNDINAMARCA
64984,6402791,2026-05-31,0:00:00,CUNDINAMARCA
64985,6402793,2026-05-31,1:30:00,ANTIOQUIA
64986,6402785,2026-05-31,0:00:00,CUNDINAMARCA
64987,6402801,2026-05-31,0:00:00,ANTIOQUIA
64989,6402795,2026-05-31,0:30:00,ANTIOQUIA
64991,6402510,2026-05-31,0:20:00,CUNDINAMARCA
64993,6402811,2026-05-31,0:10:00,ANTIOQUIA
64994,6402809,2026-05-31,0:15:00,CUNDINAMARCA
64997,6402804,2026-05-31,1:30:00,ANTIOQUIA
64998,6402815,2026-05-31,1:30:00,ANTIOQUIA
64999,6402808,2026-05-31,1:30:00,ANTIOQUIA
65007,6402827,2026-05-31,2:00:00,CUNDINAMARCA
65009,6402828,2026-05-31,2:00:00,CUNDINAMARCA
65010,6402829,2026-05-31,1:00:00,CUNDINAMARCA
65011,6402830,2026-05-31,1:00:00,CUNDINAMARCA
65014,6402835,2026-05-31,1:15:00,CUNDINAMARCA
65020,6402537,2026-05-31,8:00:00,CUNDINAMARCA
65022,6402848,2026-05-31,3:30:00,ANTIOQUIA
65028,6402857,2026-05-31,1:45:00,CUNDINAMARCA
65030,6402861,2026-05-31,2:00:00,CUNDINAMARCA
65032,6402865,2026-05-31,1:10:00,ANTIOQUIA
65036,6402869,2026-05-31,2:00:00,ANTIOQUIA
65039,6402875,2026-05-31,2:30:00,ANTIOQUIA
65040,6402874,2026-05-31,2:30:00,ANTIOQUIA
65043,6402882,2026-05-31,4:10:00,CUNDINAMARCA
65045,6402880,2026-05-31,4:00:00,CUNDINAMARCA
65046,6402884,2026-05-31,2:25:00,CUNDINAMARCA
65049,6402889,2026-05-31,3:35:00,CUNDINAMARCA
65054,6402897,2026-05-31,21:50:00,CUNDINAMARCA
65058,6402903,2026-05-31,6:00:00,CUNDINAMARCA
65065,6402920,2026-05-31,17:00:00,CUNDINAMARCA
65123,6403020,2026-05-31,19:30:00,CUNDINAMARCA
65143,6403057,2026-05-31,18:30:00,ANTIOQUIA
65154,6403086,2026-05-31,21:00:00,ANTIOQUIA
65158,6403098,2026-05-31,18:30:00,ANTIOQUIA
65163,6403102,2026-05-31,17:00:00,ANTIOQUIA
65172,6403127,2026-05-31,18:00:00,CUNDINAMARCA
65182,PHR870,2026-05-31,18:00:00,CUNDINAMARCA
65184,6403149,2026-05-31,21:00:00,CUNDINAMARCA
65208,6403193,2026-05-31,21:00:00,CUNDINAMARCA
65212,6403208,2026-05-31,21:00:00,CUNDINAMARCA
65217,6403211,2026-05-31,23:00:00,CUNDINAMARCA
65222,6403226,2026-05-31,23:30:00,ANTIOQUIA
65266,6403313,2026-06-01,1:00:00,ANTIOQUIA
65267,6403325,2026-06-01,1:10:00,ANTIOQUIA
65272,6403334,2026-06-02,7:00:00,CUNDINAMARCA
65274,6403337,2026-06-01,2:10:00,CUNDINAMARCA
65276,6403338,2026-06-01,2:15:00,CUNDINAMARCA
65278,6403347,2026-06-01,2:00:00,ANTIOQUIA
65391,6403621,2026-06-01,16:30:00,CUNDINAMARCA
65419,6403711,2026-06-01,16:30:00,CUNDINAMARCA
65422,6403719,2026-06-01,16:30:00,CUNDINAMARCA
65432,6403753,2026-06-08,2:00:00,ANTIOQUIA
65500,6404012,2026-06-01,17:45:00,CUNDINAMARCA
65504,6404026,2026-06-06,0:00:00,CUNDINAMARCA
65515,6404083,2026-06-01,18:45:00,CUNDINAMARCA
65525,6404135,2026-06-01,22:30:00,CUNDINAMARCA
65572,6404308,2026-06-01,21:00:00,CUNDINAMARCA
65577,6404323,2026-06-01,21:00:00,CUNDINAMARCA
65601,6404401,2026-06-01,22:15:00,CUNDINAMARCA
65606,6404410,2026-06-07,0:01:00,ANTIOQUIA
65611,6404413,2026-06-02,22:15:00,ANTIOQUIA
65621,6404437,2026-06-02,18:00:00,CUNDINAMARCA
65651,6404505,2026-06-02,0:20:00,CUNDINAMARCA
65655,6404515,2026-06-02,8:00:00,CUNDINAMARCA
65658,6404524,2026-06-02,4:30:00,CUNDINAMARCA
65671,6404541,2026-06-02,15:00:00,ANTIOQUIA
65681,6404561,2026-06-02,8:15:00,ANTIOQUIA
65850,6404945,2026-06-02,16:00:00,ANTIOQUIA
65862,6405033,2026-06-02,15:30:00,CUNDINAMARCA
65961,6405360,2026-06-02,22:30:00,CUNDINAMARCA
66011,6405575,2026-06-02,21:05:00,CUNDINAMARCA
66032,6405646,2026-06-02,22:00:00,ANTIOQUIA
66034,6405645,2026-06-02,23:30:00,CUNDINAMARCA
66035,6405651,2026-06-02,22:30:00,CUNDINAMARCA
66048,6405671,2026-06-03,22:30:00,CUNDINAMARCA
66068,6405720,2026-06-02,23:20:00,CUNDINAMARCA
66069,6405725,2026-06-02,23:50:00,ANTIOQUIA
66079,6405750,2026-06-03,1:00:00,ANTIOQUIA
66086,6405762,2026-06-03,6:00:00,CUNDINAMARCA
66100,6405791,2026-06-03,1:00:00,CUNDINAMARCA
66104,6405797,2026-06-03,0:00:00,ANTIOQUIA
66106,6405800,2026-06-03,14:00:00,ANTIOQUIA
66109,6405805,2026-06-03,12:45:00,CUNDINAMARCA
31,6405879,2026-06-07,9:30:00,CUNDINAMARCA
52,6405939,2026-06-03,15:00:00,CUNDINAMARCA
101,6406079,2026-06-07,13:00:00,CUNDINAMARCA
134,6406209,2026-06-03,18:50:00,CUNDINAMARCA
171,6406320,2026-06-03,19:00:00,CUNDINAMARCA
185,6406356,2026-06-07,1:05:00,CUNDINAMARCA
226,6406461,2026-06-03,18:45:00,CUNDINAMARCA
256,6406594,2026-06-03,20:00:00,CUNDINAMARCA
271,6406632,2026-06-03,23:00:00,CUNDINAMARCA
274,6406658,2026-06-04,15:30:00,CUNDINAMARCA
285,6406697,2026-06-03,21:00:00,CUNDINAMARCA
291,6406723,2026-06-06,23:30:00,ANTIOQUIA
318,6406796,2026-06-03,22:30:00,ANTIOQUIA
333,6406823,2026-06-04,1:30:00,CUNDINAMARCA
341,6406833,2026-06-03,22:45:00,CUNDINAMARCA
361,6406877,2026-06-07,1:15:00,CUNDINAMARCA
364,6406882,2026-06-04,0:15:00,CUNDINAMARCA
380,6406911,2026-06-07,3:15:00,CUNDINAMARCA
386,6406926,2026-06-04,9:00:00,ANTIOQUIA
416,6406987,2026-06-04,5:30:00,CUNDINAMARCA
420,6406993,2026-06-04,10:00:00,ANTIOQUIA
442,6407035,2026-06-05,2:45:00,ANTIOQUIA
485,6407166,2026-06-05,1:30:00,ANTIOQUIA
541,6407327,2026-06-06,23:00:00,CUNDINAMARCA
564,6407407,2026-06-04,15:30:00,CUNDINAMARCA
569,6407410,2026-06-04,22:15:00,CUNDINAMARCA
579,6407436,2026-06-06,2:45:00,ANTIOQUIA
623,6407536,2026-06-08,1:00:00,CUNDINAMARCA
629,6407560,2026-06-04,21:30:00,CUNDINAMARCA
650,6407597,2026-06-05,3:00:00,CUNDINAMARCA
680,6407673,2026-06-04,20:00:00,ANTIOQUIA
685,6407677,2026-06-04,23:15:00,CUNDINAMARCA
689,6407685,2026-06-04,21:00:00,CUNDINAMARCA
695,6407725,2026-06-04,19:30:00,CUNDINAMARCA
696,6407738,2026-06-04,22:30:00,CUNDINAMARCA
697,6407744,2026-06-05,9:00:00,CUNDINAMARCA
702,6407763,2026-06-05,0:00:00,CUNDINAMARCA
706,6407743,2026-06-07,1:30:00,ANTIOQUIA
712,6407791,2026-06-04,21:00:00,CUNDINAMARCA
713,6407765,2026-06-06,22:00:00,CUNDINAMARCA
714,6407798,2026-06-05,1:30:00,CUNDINAMARCA
715,6407774,2026-06-04,19:00:00,CUNDINAMARCA
717,6407778,2026-06-04,23:15:00,ANTIOQUIA
718,6407786,2026-06-04,21:00:00,CUNDINAMARCA
721,6407799,2026-06-04,21:00:00,CUNDINAMARCA
726,6407832,2026-06-05,23:00:00,CUNDINAMARCA
727,6407838,2026-06-04,21:00:00,CUNDINAMARCA
733,6407860,2026-06-07,1:00:00,CUNDINAMARCA
741,6407871,2026-06-04,22:00:00,ANTIOQUIA
743,6407874,2026-06-04,21:30:00,ANTIOQUIA
748,6407887,2026-06-04,21:10:00,CUNDINAMARCA
751,6407892,2026-06-04,21:10:00,CUNDINAMARCA
753,6407897,2026-06-04,22:00:00,CUNDINAMARCA
756,6407902,2026-06-04,21:50:00,ANTIOQUIA
757,6407903,2026-06-04,23:30:00,ANTIOQUIA
781,6407959,2026-06-04,22:50:00,CUNDINAMARCA
784,6407964,2026-06-06,23:59:00,CUNDINAMARCA
795,6407410,2026-06-04,22:15:00,CUNDINAMARCA
802,6408018,2026-06-04,23:15:00,CUNDINAMARCA
806,6408027,2026-06-04,23:30:00,ANTIOQUIA
817,6408052,2026-06-06,2:00:00,ANTIOQUIA
818,6408054,2026-06-05,0:00:00,ANTIOQUIA
824,6408064,2026-06-05,0:05:00,CUNDINAMARCA
825,6408066,2026-06-05,8:00:00,CUNDINAMARCA
830,6408077,2026-06-05,0:05:00,ANTIOQUIA
831,6408064,2026-06-05,0:05:00,CUNDINAMARCA
832,6408078,2026-06-07,2:00:00,CUNDINAMARCA
845,6408107,2026-06-06,1:30:00,ANTIOQUIA
861,6408153,2026-06-06,11:00:00,CUNDINAMARCA
863,6408157,2026-06-06,1:30:00,CUNDINAMARCA
872,6408173,2026-06-05,3:45:00,ANTIOQUIA
882,6408207,2026-06-05,5:30:00,CUNDINAMARCA
885,6408211,2026-06-05,13:55:00,CUNDINAMARCA
913,6408310,2026-06-08,0:15:00,CUNDINAMARCA
974,6408490,2026-06-06,2:00:00,ANTIOQUIA
1003,6408556,2026-06-06,11:45:00,CUNDINAMARCA
1004,6408548,2026-06-05,23:00:00,CUNDINAMARCA
1011,6408571,2026-06-06,23:00:00,CUNDINAMARCA
1012,6408573,2026-06-06,1:30:00,ANTIOQUIA
1036,6408659,2026-06-06,4:00:00,CUNDINAMARCA
1055,6408695,2026-06-06,1:15:00,ANTIOQUIA
1070,6408672,2026-06-07,3:15:00,CUNDINAMARCA
1076,6408751,2026-06-05,20:00:00,CUNDINAMARCA
1079,6408756,2026-06-06,2:15:00,CUNDINAMARCA
1080,6408754,2026-06-05,17:30:00,CUNDINAMARCA
1086,6408767,2026-06-06,16:00:00,ANTIOQUIA
1089,6408777,2026-06-05,20:00:00,ANTIOQUIA
1093,6408779,2026-06-06,1:00:00,ANTIOQUIA
1096,6408783,2026-06-05,20:00:00,ANTIOQUIA
1098,6408787,2026-06-13,1:00:00,ANTIOQUIA
1103,6408788,2026-06-05,18:00:00,CUNDINAMARCA
1116,6408840,2026-06-05,17:00:00,ANTIOQUIA
1122,6408864,2026-06-06,0:35:00,CUNDINAMARCA
1129,6408900,2026-06-05,18:20:00,ANTIOQUIA
1130,6408907,2026-06-05,19:00:00,ANTIOQUIA
1132,6408913,2026-06-05,21:00:00,ANTIOQUIA
1147,6408973,2026-06-05,18:30:00,CUNDINAMARCA
1152,6408982,2026-06-06,3:30:00,ANTIOQUIA
1165,6409028,2026-06-05,20:00:00,CUNDINAMARCA
1172,6409015,2026-06-06,1:30:00,CUNDINAMARCA
1180,6409080,2026-06-05,20:30:00,ANTIOQUIA
1182,6409070,2026-06-06,19:00:00,ANTIOQUIA
1184,6409090,2026-06-06,1:15:00,CUNDINAMARCA
1185,6409031,2026-06-06,0:15:00,ANTIOQUIA
1186,6409097,2026-06-05,20:00:00,CUNDINAMARCA
1188,6409103,2026-06-05,23:00:00,CUNDINAMARCA
1189,6409096,2026-06-05,19:30:00,CUNDINAMARCA
1192,6409050,2026-06-05,20:15:00,CUNDINAMARCA
1209,6409140,2026-06-06,1:30:00,ANTIOQUIA
1214,6409182,2026-06-05,21:00:00,CUNDINAMARCA
1221,6409195,2026-06-05,21:10:00,CUNDINAMARCA
1226,6409031,2026-06-06,0:15:00,ANTIOQUIA
1229,6409201,2026-06-06,1:00:00,CUNDINAMARCA
1230,6409140,2026-06-06,1:30:00,ANTIOQUIA
1234,6409161,2026-06-05,23:30:00,CUNDINAMARCA
1235,6409167,2026-06-05,22:00:00,CUNDINAMARCA
1238,6409226,2026-06-05,21:50:00,CUNDINAMARCA
1239,6409190,2026-06-06,1:00:00,ANTIOQUIA
1241,6409230,2026-06-07,21:00:00,CUNDINAMARCA
1242,6409203,2026-06-05,23:00:00,ANTIOQUIA
1243,6409225,2026-06-06,10:00:00,CUNDINAMARCA
1244,6409224,2026-06-06,1:30:00,CUNDINAMARCA
1245,6409235,2026-06-05,22:00:00,CUNDINAMARCA
1248,6409243,2026-06-05,22:00:00,CUNDINAMARCA
1249,6409244,2026-06-06,0:00:00,ANTIOQUIA
1251,6409249,2026-06-06,0:00:00,ANTIOQUIA
1255,6409251,2026-06-06,3:55:00,CUNDINAMARCA
1258,6409240,2026-06-06,1:30:00,CUNDINAMARCA
1261,6409241,2026-06-06,0:00:00,CUNDINAMARCA
1268,6409230,2026-06-08,0:00:00,CUNDINAMARCA
1269,6409281,2026-06-05,22:45:00,CUNDINAMARCA
1271,6409290,2026-06-05,22:40:00,ANTIOQUIA
1275,6409255,2026-06-06,1:30:00,CUNDINAMARCA
1277,6409259,2026-06-05,22:30:00,CUNDINAMARCA
1278,6409304,2026-06-06,1:00:00,CUNDINAMARCA
1281,6409306,2026-06-05,23:00:00,ANTIOQUIA
1282,6409309,2026-06-05,22:00:00,CUNDINAMARCA
1283,6409264,2026-06-05,22:30:00,ANTIOQUIA
1285,6409310,2026-06-06,2:00:00,CUNDINAMARCA
1287,6409314,2026-06-06,1:45:00,CUNDINAMARCA
1288,6409268,2026-06-05,23:00:00,ANTIOQUIA
1290,6409316,2026-06-06,22:00:00,ANTIOQUIA
1292,6409317,2026-06-06,1:20:00,CUNDINAMARCA
1294,6409278,2026-06-05,22:45:00,CUNDINAMARCA
1295,6409323,2026-06-06,1:00:00,ANTIOQUIA
1297,6409318,2026-06-06,1:30:00,ANTIOQUIA
1299,6409325,2026-06-06,1:00:00,ANTIOQUIA
1300,6409329,2026-06-05,23:30:00,CUNDINAMARCA
1301,6409333,2026-06-07,2:30:00,CUNDINAMARCA
1302,6409335,2026-06-06,1:00:00,CUNDINAMARCA
1307,6409337,2026-06-07,0:30:00,CUNDINAMARCA
1308,6409340,2026-06-06,1:30:00,CUNDINAMARCA
1311,6409346,2026-06-06,2:00:00,ANTIOQUIA
1312,6409357,2026-06-05,23:30:00,CUNDINAMARCA
1314,6409359,2026-06-06,0:00:00,CUNDINAMARCA
1316,6409361,2026-06-06,1:30:00,CUNDINAMARCA
1319,6409364,2026-06-06,0:30:00,ANTIOQUIA
1326,6409369,2026-06-07,1:00:00,CUNDINAMARCA
1327,6409360,2026-06-06,14:00:00,CUNDINAMARCA
1328,6409370,2026-06-06,0:35:00,CUNDINAMARCA
1330,6409375,2026-06-06,0:00:00,ANTIOQUIA
1332,6409379,2026-06-06,0:00:00,ANTIOQUIA
1333,6409381,2026-06-06,0:20:00,ANTIOQUIA
1334,6409377,2026-06-06,0:30:00,CUNDINAMARCA
1338,6409385,2026-06-06,2:30:00,CUNDINAMARCA
1340,6409387,2026-06-06,0:25:00,ANTIOQUIA
1345,6409393,2026-06-06,0:35:00,ANTIOQUIA
1346,6409369,2026-06-06,0:40:00,ANTIOQUIA
1353,6409402,2026-06-06,2:30:00,CUNDINAMARCA
1358,6409413,2026-06-06,1:00:00,CUNDINAMARCA
1359,6409412,2026-06-06,1:30:00,CUNDINAMARCA
1360,6409416,2026-06-06,1:00:00,CUNDINAMARCA
1361,6409417,2026-06-06,1:05:00,CUNDINAMARCA
1362,6409418,2026-06-06,2:30:00,CUNDINAMARCA
1365,6409419,2026-06-06,19:00:00,CUNDINAMARCA
1367,6409422,2026-06-06,4:00:00,ANTIOQUIA
1369,6409424,2026-06-06,1:20:00,CUNDINAMARCA
1371,6409427,2026-06-06,1:30:00,CUNDINAMARCA
1372,6409430,2026-06-06,1:30:00,ANTIOQUIA
1376,6409438,2026-06-06,1:45:00,CUNDINAMARCA
1377,6409445,2026-06-06,1:40:00,ANTIOQUIA
1378,6409441,2026-06-06,1:45:00,CUNDINAMARCA
1383,6409451,2026-06-06,1:45:00,ANTIOQUIA
1388,6409456,2026-06-06,2:00:00,CUNDINAMARCA
1390,6409458,2026-06-06,3:40:00,CUNDINAMARCA
1391,6409460,2026-06-06,22:30:00,CUNDINAMARCA
1398,64094699,2026-06-06,2:30:00,CUNDINAMARCA
1403,6409474,2026-06-06,4:00:00,CUNDINAMARCA
1404,6409475,2026-06-07,1:40:00,ANTIOQUIA
1405,6409325,2026-06-06,1:30:00,ANTIOQUIA
1406,6409478,2026-06-06,3:05:00,CUNDINAMARCA
1407,6409481,2026-06-06,2:55:00,ANTIOQUIA
1409,6409484,2026-06-06,22:30:00,CUNDINAMARCA
1410,6409485,2026-06-06,23:05:00,ANTIOQUIA
1412,6409487,2026-06-06,7:00:00,CUNDINAMARCA
1413,6409488,2026-06-06,2:30:00,CUNDINAMARCA
1420,6409494,2026-06-06,3:00:00,CUNDINAMARCA
1423,6409496,2026-06-06,3:00:00,CUNDINAMARCA
1428,6409500,2026-06-06,4:00:00,ANTIOQUIA
1430,6409508,2026-06-06,3:30:00,ANTIOQUIA
1436,6409520,2026-06-06,4:15:00,CUNDINAMARCA
1465,6409580,2026-06-06,10:30:00,CUNDINAMARCA
1477,6409597,2026-06-07,2:00:00,CUNDINAMARCA
1485,6409599,2026-06-06,12:30:00,CUNDINAMARCA
1490,6409620,2026-06-06,21:00:00,CUNDINAMARCA
1504,6409644,2026-06-07,2:00:00,ANTIOQUIA
1514,6409668,2026-06-06,20:30:00,ANTIOQUIA
1525,6409686,2026-06-07,3:00:00,CUNDINAMARCA
1527,6409688,2026-06-06,18:30:00,CUNDINAMARCA
1541,6409709,2026-06-07,3:30:00,ANTIOQUIA
1552,6409475,2026-06-07,1:40:00,ANTIOQUIA
1553,6409758,2026-06-07,2:00:00,CUNDINAMARCA
1566,6409754,2026-06-06,23:00:00,ANTIOQUIA
1567,6409775,2026-06-07,2:00:00,CUNDINAMARCA
1570,6409782,2026-06-06,15:30:00,CUNDINAMARCA
1574,6409807,2026-06-07,2:00:00,ANTIOQUIA
1579,6409814,2026-06-07,2:00:00,CUNDINAMARCA
1581,6409803,2026-06-07,0:30:00,CUNDINAMARCA
1582,6409824,2026-06-06,17:00:00,CUNDINAMARCA
1598,6409852,2026-06-07,0:00:00,ANTIOQUIA
1600,6409866,2026-06-07,1:00:00,CUNDINAMARCA
1603,6409865,2026-06-06,23:00:00,CUNDINAMARCA
1609,6409863,2026-06-06,20:00:00,CUNDINAMARCA
1615,6409883,2026-06-07,0:00:00,CUNDINAMARCA
1619,6409893,2026-06-07,3:00:00,CUNDINAMARCA
1620,6409892,2026-06-07,3:30:00,CUNDINAMARCA
1621,6409888,2026-06-07,1:00:00,ANTIOQUIA
1623,6409889,2026-06-07,1:00:00,CUNDINAMARCA
1627,6409897,2026-06-06,16:35:00,CUNDINAMARCA
1630,6409895,2026-06-06,18:30:00,CUNDINAMARCA
1632,6409890,2026-06-07,1:00:00,CUNDINAMARCA
1638,6409925,2026-06-07,1:30:00,CUNDINAMARCA
1640,6409928,2026-06-06,17:20:00,CUNDINAMARCA
1642,6409931,2026-06-07,2:00:00,CUNDINAMARCA
1645,6409933,2026-06-07,1:45:00,CUNDINAMARCA
1650,6409937,2026-06-07,2:00:00,ANTIOQUIA
1653,6409940,2026-06-06,21:00:00,CUNDINAMARCA
1657,6409955,2026-06-06,21:00:00,CUNDINAMARCA
1663,64099631,2026-06-07,1:00:00,ANTIOQUIA
1667,6409970,2026-06-06,20:00:00,ANTIOQUIA
1668,6409975,2026-06-07,0:30:00,ANTIOQUIA
1671,6409981,2026-06-06,21:00:00,CUNDINAMARCA
1676,6409988,2026-06-06,18:30:00,CUNDINAMARCA
1681,659258,2026-06-06,20:40:00,ANTIOQUIA
1682,6410000,2026-06-06,23:30:00,ANTIOQUIA
1687,6409999,2026-06-06,21:30:00,CUNDINAMARCA
1689,6410006,2026-06-07,0:00:00,CUNDINAMARCA
1698,6410025,2026-06-07,0:30:00,CUNDINAMARCA
1701,6410034,2026-06-06,20:00:00,CUNDINAMARCA
1703,6410030,2026-06-06,23:00:00,ANTIOQUIA
1704,6410031,2026-06-06,22:30:00,ANTIOQUIA
1705,6410044,2026-06-06,21:00:00,CUNDINAMARCA
1707,6410045,2026-06-06,22:00:00,ANTIOQUIA
1708,6410035,2026-06-07,1:30:00,CUNDINAMARCA
1710,6410039,2026-06-06,20:00:00,CUNDINAMARCA
1712,6410040,2026-06-07,2:00:00,CUNDINAMARCA
1715,6410052,2026-06-07,2:00:00,CUNDINAMARCA
1726,6409944,2026-06-06,21:00:00,CUNDINAMARCA
1727,6410075,2026-06-07,2:00:00,CUNDINAMARCA
1730,6410081,2026-06-06,23:00:00,CUNDINAMARCA
1732,6410086,2026-06-06,22:00:00,CUNDINAMARCA
1734,6410087,2026-06-06,20:30:00,CUNDINAMARCA
1736,6410096,2026-06-06,20:15:00,ANTIOQUIA
1737,6410100,2026-06-06,22:00:00,ANTIOQUIA
1738,6410097,2026-06-06,20:30:00,CUNDINAMARCA
1739,6410104,2026-06-06,23:00:00,CUNDINAMARCA
1740,6410099,2026-06-07,1:00:00,CUNDINAMARCA
1743,6410105,2026-06-06,21:00:00,CUNDINAMARCA
1744,6410109,2026-06-08,0:00:00,CUNDINAMARCA
1746,6410112,2026-06-07,0:30:00,ANTIOQUIA
1747,6410113,2026-06-06,23:00:00,CUNDINAMARCA
1749,6410116,2026-06-06,22:00:00,CUNDINAMARCA
1750,6410122,2026-06-08,3:00:00,CUNDINAMARCA
1754,6410132,2026-06-06,23:30:00,CUNDINAMARCA
1755,6410135,2026-06-06,21:30:00,CUNDINAMARCA
1756,6410134,2026-06-07,1:00:00,ANTIOQUIA
1757,6410137,2026-06-07,0:00:00,CUNDINAMARCA
1758,6410138,2026-06-06,23:45:00,ANTIOQUIA
1759,6410139,2026-06-06,23:00:00,CUNDINAMARCA
1761,6410140,2026-06-06,21:00:00,CUNDINAMARCA
1762,6410145,2026-06-07,0:40:00,CUNDINAMARCA
1763,6410149,2026-06-06,21:00:00,CUNDINAMARCA
1766,6410153,2026-06-06,23:55:00,CUNDINAMARCA
1767,6410152,2026-06-06,22:00:00,CUNDINAMARCA
1768,6410146,2026-06-06,22:00:00,ANTIOQUIA
1771,6410158,2026-06-06,22:00:00,CUNDINAMARCA
1773,6410160,2026-06-06,23:00:00,CUNDINAMARCA
1775,6410164,2026-06-07,0:30:00,CUNDINAMARCA
1777,6410166,2026-06-06,23:00:00,CUNDINAMARCA
1780,6410171,2026-06-07,1:00:00,ANTIOQUIA
1781,6410174,2026-06-06,21:30:00,ANTIOQUIA
1782,6410173,2026-06-07,16:15:00,CUNDINAMARCA
1783,6410172,2026-06-06,23:45:00,CUNDINAMARCA
1784,6410178,2026-06-06,22:15:00,CUNDINAMARCA
1789,6410182,2026-06-08,2:30:00,ANTIOQUIA
1791,6410184,2026-06-06,23:00:00,ANTIOQUIA
1794,6410191,2026-06-06,22:00:00,CUNDINAMARCA
1795,6410190,2026-06-06,23:30:00,ANTIOQUIA
1799,6410198,2026-06-07,2:00:00,ANTIOQUIA
1802,6410201,2026-06-06,22:30:00,CUNDINAMARCA
1803,6409993,2026-06-06,20:40:00,ANTIOQUIA
1805,6410206,2026-06-06,22:15:00,CUNDINAMARCA
1806,6410210,2026-06-06,23:30:00,CUNDINAMARCA
1808,6410216,2026-06-07,0:15:00,CUNDINAMARCA
1810,6410218,2026-06-07,1:00:00,ANTIOQUIA
1811,6410220,2026-06-07,2:00:00,ANTIOQUIA
1817,6410232,2026-06-06,21:30:00,CUNDINAMARCA
1818,6410231,2026-06-07,3:00:00,ANTIOQUIA
1820,6410238,2026-06-07,0:00:00,ANTIOQUIA
1822,6410221,2026-06-06,21:00:00,ANTIOQUIA
1823,6410241,2026-06-07,0:00:00,ANTIOQUIA
1824,6410237,2026-06-07,0:45:00,CUNDINAMARCA
1826,6410233,2026-06-07,1:00:00,ANTIOQUIA
1829,6410247,2026-06-06,22:45:00,ANTIOQUIA
1830,6410240,2026-06-07,3:00:00,CUNDINAMARCA
1831,6410248,2026-06-07,2:00:00,ANTIOQUIA
1832,6410245,2026-06-06,23:00:00,ANTIOQUIA
1834,6410251,2026-06-06,23:00:00,CUNDINAMARCA
1835,6410255,2026-06-07,1:00:00,ANTIOQUIA
1839,6410254,2026-06-07,1:00:00,CUNDINAMARCA
1840,6410138,2026-06-06,23:45:00,ANTIOQUIA
1845,6410269,2026-06-06,23:45:00,CUNDINAMARCA
1846,6410260,2026-06-07,2:00:00,CUNDINAMARCA
1849,6410267,2026-06-07,0:30:00,CUNDINAMARCA
1850,6410273,2026-06-07,2:00:00,ANTIOQUIA
1852,6410268,2026-06-07,2:00:00,CUNDINAMARCA
1854,6410278,2026-06-07,1:00:00,ANTIOQUIA
1855,6410280,2026-06-07,0:30:00,CUNDINAMARCA
1856,6410270,2026-06-07,1:00:00,ANTIOQUIA
1857,6210284,2026-06-06,23:20:00,ANTIOQUIA
1862,6410288,2026-06-07,1:05:00,ANTIOQUIA
1863,6410286,2026-06-07,2:00:00,CUNDINAMARCA
1864,6410290,2026-06-07,1:30:00,CUNDINAMARCA
1865,6410295,2026-06-07,0:00:00,ANTIOQUIA
1867,6410292,2026-06-07,2:00:00,CUNDINAMARCA
1868,6410297,2026-06-07,0:00:00,CUNDINAMARCA
1870,6410301,2026-06-07,1:30:00,CUNDINAMARCA
1871,6410300,2026-06-07,0:00:00,ANTIOQUIA
1873,6410305,2026-06-07,0:00:00,ANTIOQUIA
1874,6410303,2026-06-07,0:00:00,CUNDINAMARCA
1876,6410306,2026-06-07,1:15:00,CUNDINAMARCA
1877,6410309,2026-06-06,23:45:00,ANTIOQUIA
1885,6410317,2026-06-06,23:55:00,CUNDINAMARCA
1886,6410320,2026-06-07,0:00:00,ANTIOQUIA
1888,6410324,2026-06-07,0:00:00,CUNDINAMARCA
1889,6410321,2026-06-07,0:55:00,CUNDINAMARCA
1890,6410314,2026-06-07,2:00:00,CUNDINAMARCA
1891,6410329,2026-06-07,2:00:00,CUNDINAMARCA
1893,6410328,2026-06-07,0:10:00,ANTIOQUIA
1896,6410326,2026-06-07,1:00:00,CUNDINAMARCA
1898,6410334,2026-06-07,0:15:00,CUNDINAMARCA
1902,6410340,2026-06-07,3:00:00,CUNDINAMARCA
1903,6410339,2026-06-07,1:00:00,CUNDINAMARCA
1905,6410342,2026-06-07,0:00:00,CUNDINAMARCA
1906,6410336,2026-06-07,3:30:00,CUNDINAMARCA
1907,6410343,2026-06-07,1:50:00,ANTIOQUIA
1908,6410345,2026-06-07,0:30:00,CUNDINAMARCA
1910,6410344,2026-06-07,1:30:00,CUNDINAMARCA
1911,6410349,2026-06-07,1:15:00,ANTIOQUIA
1912,6410347,2026-06-07,2:00:00,ANTIOQUIA
1913,6410350,2026-06-07,0:40:00,CUNDINAMARCA
1914,6410354,2026-06-07,0:40:00,ANTIOQUIA
1915,6410353,2026-06-07,23:55:00,CUNDINAMARCA
1916,6410355,2026-06-07,2:00:00,CUNDINAMARCA
1917,6410358,2026-06-07,2:00:00,CUNDINAMARCA
1919,6410352,2026-06-07,0:00:00,CUNDINAMARCA
1921,6410360,2026-06-07,1:00:00,ANTIOQUIA
1924,6410365,2026-06-07,1:00:00,ANTIOQUIA
1926,6410371,2026-06-07,1:05:00,ANTIOQUIA
1927,6410363,2026-06-07,4:00:00,ANTIOQUIA
1928,6410372,2026-06-07,3:00:00,ANTIOQUIA
1930,6410373,2026-06-07,2:00:00,CUNDINAMARCA
1932,6410383,2026-06-07,0:00:00,CUNDINAMARCA
1934,6410375,2026-06-07,1:00:00,CUNDINAMARCA
1935,6410388,2026-06-07,3:00:00,ANTIOQUIA
1938,6410397,2026-06-07,1:30:00,CUNDINAMARCA
1940,6410399,2026-06-07,2:00:00,ANTIOQUIA
1941,6410401,2026-06-07,1:30:00,CUNDINAMARCA
1942,6410382,2026-06-07,1:15:00,CUNDINAMARCA
1944,6410385,2026-06-07,2:00:00,CUNDINAMARCA
1945,6410402,2026-06-07,2:00:00,ANTIOQUIA
1947,6410407,2026-06-07,1:30:00,CUNDINAMARCA
1948,6410405,2026-06-07,3:20:00,CUNDINAMARCA
1949,6410387,2026-06-07,1:15:00,CUNDINAMARCA
1950,6410390,2026-06-07,2:00:00,ANTIOQUIA
1953,6410400,2026-06-07,12:30:00,ANTIOQUIA
1957,6410416,2026-06-07,1:55:00,ANTIOQUIA
1958,6410409,2026-06-07,3:45:00,ANTIOQUIA
1960,6410420,2026-06-07,1:55:00,CUNDINAMARCA
1962,6410425,2026-06-07,1:30:00,ANTIOQUIA
1963,6410410,2026-06-07,3:30:00,CUNDINAMARCA
1965,6409475,2026-06-07,1:30:00,ANTIOQUIA
1966,6410412,2026-06-07,1:45:00,ANTIOQUIA
1967,6410426,2026-06-07,1:55:00,ANTIOQUIA
1971,6410434,2026-06-07,1:40:00,ANTIOQUIA
1974,6410436,2026-06-07,2:20:00,CUNDINAMARCA
1979,6410441,2026-06-07,2:30:00,ANTIOQUIA
1980,6410444,2026-06-07,2:45:00,CUNDINAMARCA
1985,6410446,2026-06-07,2:45:00,ANTIOQUIA
1988,6410454,2026-06-07,3:00:00,CUNDINAMARCA
1989,6410452,2026-06-07,3:00:00,ANTIOQUIA
1991,6410458,2026-06-07,3:45:00,ANTIOQUIA
1992,6410460,2026-06-07,3:10:00,ANTIOQUIA
1998,6407743,2026-06-07,1:30:00,ANTIOQUIA
1999,6410768,2026-06-07,4:20:00,ANTIOQUIA
2000,6410467,2026-06-07,3:15:00,CUNDINAMARCA
2003,66410476,2026-06-07,3:15:00,ANTIOQUIA
2004,6410342,2026-06-07,4:00:00,CUNDINAMARCA
2005,6410477,2026-06-07,4:00:00,CUNDINAMARCA
2007,6410475,2026-06-07,3:30:00,ANTIOQUIA
2017,6410492,2026-06-07,4:30:00,CUNDINAMARCA
2020,6410494,2026-06-07,7:00:00,CUNDINAMARCA
2025,6410504,2026-06-07,3:30:00,ANTIOQUIA
2039,6410537,2026-06-07,17:30:00,CUNDINAMARCA
2054,6410568,2026-06-07,17:50:00,CUNDINAMARCA
2065,6410597,2026-06-08,1:00:00,ANTIOQUIA
2074,6410606,2026-06-07,18:00:00,ANTIOQUIA
2076,6410606,2026-06-08,0:15:00,CUNDINAMARCA
2090,6410653,2026-06-13,22:15:00,CUNDINAMARCA
2093,6410635,2026-06-07,18:00:00,CUNDINAMARCA
2103,6410671,2026-06-08,2:30:00,CUNDINAMARCA
2104,6410679,2026-06-08,3:00:00,CUNDINAMARCA
2107,6410687,2026-06-07,23:45:00,CUNDINAMARCA
2110,6410690,2026-06-08,0:00:00,ANTIOQUIA
2112,6410696,2026-06-07,19:00:00,CUNDINAMARCA
2113,6410697,2026-06-08,0:00:00,ANTIOQUIA
2132,6410729,2026-06-08,2:00:00,ANTIOQUIA
2137,6410742,2026-06-08,0:00:00,CUNDINAMARCA
2140,6410746,2026-06-08,1:30:00,CUNDINAMARCA
2144,6410745,2026-06-07,18:00:00,ANTIOQUIA
2145,6410760,2026-06-07,18:00:00,CUNDINAMARCA
2148,6410771,2026-06-07,23:30:00,ANTIOQUIA
2149,6410768,2026-06-08,1:30:00,ANTIOQUIA
2152,6410775,2026-06-07,20:30:00,CUNDINAMARCA
2157,6409230,2026-06-08,0:00:00,CUNDINAMARCA
2159,6410760,2026-06-07,18:00:00,CUNDINAMARCA
2160,6410784,2026-06-08,0:00:00,CUNDINAMARCA
2162,6410789,2026-06-13,23:30:00,CUNDINAMARCA
2163,6410793,2026-06-07,18:15:00,ANTIOQUIA
2167,6410799,2026-06-07,23:30:00,ANTIOQUIA
2169,6410803,2026-06-08,1:15:00,ANTIOQUIA
2173,6410815,2026-06-07,23:00:00,ANTIOQUIA
2175,6410816,2026-06-07,23:00:00,CUNDINAMARCA
2176,6410971,2026-06-07,23:30:00,ANTIOQUIA
2177,6410825,2026-06-07,20:45:00,CUNDINAMARCA
2181,6410823,2026-06-07,21:00:00,CUNDINAMARCA
2184,6410839,2026-06-07,19:00:00,ANTIOQUIA
2187,6410745,2026-06-07,18:00:00,ANTIOQUIA
2191,6410843,2026-06-07,23:00:00,CUNDINAMARCA
2194,6410854,2026-06-07,23:00:00,CUNDINAMARCA
2195,6410857,2026-06-07,20:00:00,CUNDINAMARCA
2198,6410865,2026-06-07,21:00:00,CUNDINAMARCA
2200,6410867,2026-06-07,21:00:00,CUNDINAMARCA
2203,6410876,2026-06-07,21:00:00,CUNDINAMARCA
2204,6410868,2026-06-07,20:15:00,CUNDINAMARCA
2205,6410880,2026-06-07,21:00:00,CUNDINAMARCA
2207,6410882,2026-06-07,20:10:00,CUNDINAMARCA
2209,6410886,2026-06-07,22:00:00,CUNDINAMARCA
2212,6410879,2026-06-08,0:30:00,CUNDINAMARCA
2213,6410888,2026-06-07,22:45:00,ANTIOQUIA
2214,6410900,2026-06-07,20:30:00,CUNDINAMARCA
2215,6410898,2026-06-08,1:30:00,ANTIOQUIA
2219,6410890,2026-06-07,20:30:00,CUNDINAMARCA
2222,6410896,2026-06-07,23:30:00,ANTIOQUIA
2224,6410903,2026-06-08,0:30:00,CUNDINAMARCA
2225,6410905,2026-06-07,21:30:00,CUNDINAMARCA
2226,6410916,2026-06-08,0:30:00,ANTIOQUIA
2227,6410906,2026-06-07,23:00:00,ANTIOQUIA
2228,6410919,2026-06-07,22:00:00,CUNDINAMARCA
2230,6410921,2026-06-07,21:05:00,CUNDINAMARCA
2232,6410839,2026-06-07,19:00:00,ANTIOQUIA
2234,6410927,2026-06-07,21:30:00,CUNDINAMARCA
2235,6410931,2026-06-07,21:30:00,CUNDINAMARCA
2236,6410930,2026-06-08,1:00:00,CUNDINAMARCA
2240,6410944,2026-06-08,10:00:00,CUNDINAMARCA
2243,6410946,2026-06-07,23:30:00,ANTIOQUIA
2244,6410949,2026-06-07,22:00:00,ANTIOQUIA
2245,6410948,2026-06-08,1:00:00,ANTIOQUIA
2247,6410955,2026-06-07,20:00:00,CUNDINAMARCA
2248,6410957,2026-06-07,23:05:00,CUNDINAMARCA
2251,6410916,2026-06-08,0:30:00,ANTIOQUIA
2252,6410972,2026-06-07,23:00:00,ANTIOQUIA
2253,6410969,2026-06-07,23:00:00,ANTIOQUIA
2256,6410976,2026-06-07,22:00:00,ANTIOQUIA
2258,6410961,2026-06-07,22:00:00,CUNDINAMARCA
2260,6410963,2026-06-07,23:00:00,CUNDINAMARCA
2261,6410980,2026-06-07,21:00:00,ANTIOQUIA
2262,6410965,2026-06-07,22:15:00,CUNDINAMARCA
2263,6410967,2026-06-08,1:00:00,ANTIOQUIA
2267,6410987,2026-06-07,22:05:00,ANTIOQUIA
2269,6410985,2026-06-08,0:00:00,ANTIOQUIA
2270,6410995,2026-06-07,22:00:00,CUNDINAMARCA
2274,6410997,2026-06-08,8:25:00,CUNDINAMARCA
2275,6410999,2026-06-07,23:30:00,CUNDINAMARCA
2277,6411004,2026-06-08,0:30:00,ANTIOQUIA
2280,6411000,2026-06-08,1:00:00,ANTIOQUIA
2281,6411005,2026-06-08,2:00:00,ANTIOQUIA
2285,6411010,2026-06-07,23:30:00,CUNDINAMARCA
2286,6411007,2026-06-08,1:00:00,CUNDINAMARCA
2287,6411008,2026-06-08,1:00:00,ANTIOQUIA
2288,6411013,2026-06-07,23:00:00,ANTIOQUIA
2290,6411017,2026-06-08,5:30:00,CUNDINAMARCA
2292,6411021,2026-06-08,2:00:00,ANTIOQUIA
2293,6411022,2026-06-08,0:00:00,CUNDINAMARCA
2294,6411020,2026-06-07,22:50:00,ANTIOQUIA
2296,6411024,2026-06-08,2:30:00,CUNDINAMARCA
2297,6411030,2026-06-07,22:50:00,ANTIOQUIA
2298,6411031,2026-06-02,2:00:00,CUNDINAMARCA
2299,6411032,2026-06-07,22:55:00,ANTIOQUIA
2301,6411033,2026-06-08,1:00:00,ANTIOQUIA
2303,6411037,2026-06-08,0:00:00,CUNDINAMARCA
2304,6411038,2026-06-08,2:00:00,ANTIOQUIA
2309,6411038,2026-06-08,2:00:00,ANTIOQUIA
2311,6411051,2026-06-07,23:30:00,ANTIOQUIA
2314,6411054,2026-06-08,2:00:00,CUNDINAMARCA
2316,6411060,2026-06-07,23:00:00,ANTIOQUIA
2317,6411055,2026-06-08,0:30:00,ANTIOQUIA
2318,6411058,2026-06-08,0:30:00,ANTIOQUIA
2319,6411057,2026-06-08,2:00:00,ANTIOQUIA
2320,6411061,2026-06-07,23:45:00,CUNDINAMARCA
2323,6411065,2026-06-08,2:00:00,CUNDINAMARCA
2324,6411066,2026-06-08,0:15:00,ANTIOQUIA
2327,6411061,2026-06-07,23:45:00,CUNDINAMARCA
2329,6411005,2026-06-08,2:00:00,ANTIOQUIA
2331,6411077,2026-06-08,2:00:00,ANTIOQUIA
2337,6411088,2026-06-08,1:30:00,CUNDINAMARCA
2338,6411091,2026-06-08,1:00:00,CUNDINAMARCA
2339,6411096,2026-06-08,2:30:00,CUNDINAMARCA
2340,6411094,2026-06-08,2:30:00,ANTIOQUIA
2342,6411102,2026-06-08,1:30:00,CUNDINAMARCA
2343,6411100,2026-06-08,1:35:00,ANTIOQUIA
2347,6411108,2026-06-08,1:15:00,CUNDINAMARCA
2349,6411105,2026-06-08,0:00:00,CUNDINAMARCA
2350,6411109,2026-06-08,1:05:00,ANTIOQUIA
2351,6411106,2026-06-08,12:45:00,CUNDINAMARCA
2352,6411111,2026-06-08,1:00:00,CUNDINAMARCA
2357,6411119,2026-06-08,0:40:00,ANTIOQUIA
2365,6411132,2026-06-08,0:30:00,ANTIOQUIA
2367,6411122,2026-06-08,2:30:00,ANTIOQUIA
2368,6411124,2026-06-08,2:34:00,ANTIOQUIA
2369,6411134,2026-06-08,1:30:00,CUNDINAMARCA
2370,6411135,2026-06-08,1:25:00,CUNDINAMARCA
2372,6411139,2026-06-08,1:45:00,ANTIOQUIA
2374,6411145,2026-06-08,1:40:00,ANTIOQUIA
2376,6411149,2026-06-08,3:30:00,ANTIOQUIA
2382,6411140,2026-06-08,4:00:00,ANTIOQUIA
2384,6411160,2026-06-08,3:00:00,CUNDINAMARCA
2385,6411158,2026-06-08,2:00:00,CUNDINAMARCA
2386,6411154,2026-06-08,3:00:00,CUNDINAMARCA
2388,6411162,2026-06-08,2:15:00,ANTIOQUIA
2391,6411164,2026-06-08,2:30:00,ANTIOQUIA
2392,6411171,2026-06-08,2:15:00,CUNDINAMARCA
2393,6411172,2026-06-08,2:30:00,CUNDINAMARCA
2394,6411170,2026-06-08,3:00:00,CUNDINAMARCA
2395,6411165,2026-06-08,2:30:00,ANTIOQUIA
2397,6411174,2026-06-08,1:30:00,CUNDINAMARCA
2398,6411175,2026-06-08,3:00:00,CUNDINAMARCA
2399,6411176,2026-06-08,3:00:00,CUNDINAMARCA
2403,6411181,2026-06-08,10:45:00,ANTIOQUIA
2405,6411183,2026-06-08,3:30:00,ANTIOQUIA
2406,6411121,2026-06-08,1:00:00,ANTIOQUIA
2407,6411190,2026-06-08,4:00:00,CUNDINAMARCA
2419,6411212,2026-06-08,14:30:00,CUNDINAMARCA
2437,6411247,2026-06-08,23:30:00,ANTIOQUIA
2441,6411252,2026-06-08,12:30:00,CUNDINAMARCA
2451,6411277,2026-06-08,18:30:00,CUNDINAMARCA
2465,6411296,2026-06-08,22:00:00,CUNDINAMARCA
2485,6411338,2026-06-08,17:00:00,ANTIOQUIA
2510,6411382,2026-06-08,20:00:00,ANTIOQUIA
2513,6411387,2026-06-08,20:00:00,CUNDINAMARCA
2517,6411399,2026-06-09,4:30:00,CUNDINAMARCA
2518,6411404,2026-06-08,23:00:00,ANTIOQUIA
2530,6411433,2026-06-08,18:30:00,ANTIOQUIA
2538,6411463,2026-06-08,20:05:00,ANTIOQUIA
2547,6411494,2026-06-08,19:00:00,ANTIOQUIA
2551,6411513,2026-06-09,3:15:00,ANTIOQUIA
2565,6411549,2026-06-09,1:00:00,ANTIOQUIA
2576,6411576,2026-06-08,23:00:00,ANTIOQUIA
2578,6411580,2026-06-08,21:00:00,ANTIOQUIA
2582,6411592,2026-06-09,2:00:00,ANTIOQUIA
2589,6411603,2026-06-09,9:00:00,CUNDINAMARCA
2603,6411632,2026-06-08,20:45:00,CUNDINAMARCA
2616,6411660,2026-06-08,21:00:00,ANTIOQUIA
2648,6411776,2026-06-14,2:45:00,CUNDINAMARCA
2654,6411789,2026-06-08,23:20:00,CUNDINAMARCA
2655,6411788,2026-06-08,23:15:00,ANTIOQUIA
2662,6411805,2026-06-09,8:00:00,CUNDINAMARCA
2663,6411803,2026-06-09,0:00:00,ANTIOQUIA
2669,6411812,2026-06-09,2:00:00,ANTIOQUIA
2686,6411870,2026-06-09,5:00:00,CUNDINAMARCA
2689,6411878,2026-06-09,1:40:00,ANTIOQUIA
2691,6411803,2026-06-09,0:00:00,ANTIOQUIA
2693,6411881,2026-06-09,1:30:00,ANTIOQUIA
2697,6411892,2026-06-09,4:30:00,CUNDINAMARCA
2742,6411982,2026-06-09,15:30:00,ANTIOQUIA
2743,6411986,2026-06-09,14:00:00,CUNDINAMARCA
2837,6412291,2026-06-09,16:30:00,ANTIOQUIA
2956,6412673,2026-06-09,17:00:00,ANTIOQUIA
2977,6412764,2026-06-10,14:30:00,ANTIOQUIA
2987,6412673,2026-06-09,17:00:00,ANTIOQUIA
3021,6412673,2026-06-09,17:00:00,ANTIOQUIA
3031,6412960,2026-06-09,19:55:00,CUNDINAMARCA
3035,6412976,2026-06-15,2:00:00,ANTIOQUIA
3078,6413063,2026-06-15,22:00:00,CUNDINAMARCA
3087,6413103,2026-06-10,6:25:00,CUNDINAMARCA
3103,6413155,2026-06-10,18:45:00,CUNDINAMARCA
3131,6413223,2026-06-10,6:35:00,CUNDINAMARCA
3138,6413242,2026-06-10,1:40:00,CUNDINAMARCA
3140,6413247,2026-06-10,3:00:00,CUNDINAMARCA
3286,6413653,2026-06-10,17:30:00,ANTIOQUIA
3299,6413709,2026-06-11,22:00:00,CUNDINAMARCA
3340,6413840,2026-06-10,16:30:00,CUNDINAMARCA
3360,6413938,2026-06-10,20:00:00,CUNDINAMARCA
3368,6413956,2026-06-10,16:30:00,CUNDINAMARCA
3374,6413972,2026-06-14,2:00:00,CUNDINAMARCA
3409,6414089,2026-06-10,16:45:00,CUNDINAMARCA
3438,6414224,2026-06-10,21:00:00,CUNDINAMARCA
3461,6414352,2026-06-14,0:00:00,CUNDINAMARCA
3469,6414405,2026-06-10,22:15:00,ANTIOQUIA
3477,6414461,2026-06-10,22:00:00,CUNDINAMARCA
3489,6414525,2026-06-11,0:00:00,CUNDINAMARCA
3508,6414626,2026-06-10,23:00:00,ANTIOQUIA
3522,6414648,2026-06-14,1:15:00,CUNDINAMARCA
3556,6414724,2026-06-11,18:30:00,ANTIOQUIA
3565,6414741,2026-06-11,2:00:00,ANTIOQUIA
3568,6414749,2026-06-15,1:00:00,CUNDINAMARCA
3571,6414750,2026-06-11,23:15:00,ANTIOQUIA
3585,6414791,2026-06-11,1:35:00,ANTIOQUIA
3594,6414827,2026-06-11,3:35:00,ANTIOQUIA
3599,6414836,2026-06-11,7:20:00,CUNDINAMARCA
3606,6414841,2026-06-11,15:00:00,CUNDINAMARCA
3657,6414974,2026-06-11,19:00:00,CUNDINAMARCA
3686,6415068,2026-06-11,13:30:00,CUNDINAMARCA
3805,6415508,2026-06-11,22:00:00,CUNDINAMARCA
3808,6415524,2026-06-11,17:30:00,CUNDINAMARCA
3814,6415523,2026-06-11,22:00:00,CUNDINAMARCA
3837,6415618,2026-06-11,11:00:00,ANTIOQUIA
3883,6415810,2026-06-12,0:40:00,ANTIOQUIA
3899,6415886,2026-06-11,21:00:00,ANTIOQUIA
3907,6415905,2026-06-11,23:30:00,CUNDINAMARCA
3910,6415937,2026-06-12,16:30:00,CUNDINAMARCA
3924,6415976,2026-06-11,21:00:00,CUNDINAMARCA
3925,6415977,2026-06-11,23:15:00,CUNDINAMARCA
3932,6416000,2026-06-11,21:30:00,ANTIOQUIA
3937,6416013,2026-06-11,22:45:00,CUNDINAMARCA
3940,6416024,2026-06-11,21:30:00,CUNDINAMARCA
3944,6416022,2026-06-11,22:00:00,CUNDINAMARCA
3971,6416081,2026-06-11,22:30:00,ANTIOQUIA
3992,6416120,2026-06-11,23:10:00,CUNDINAMARCA
3996,6416129,2026-06-11,23:55:00,CUNDINAMARCA
3997,6416131,2026-06-11,23:30:00,ANTIOQUIA
4000,6416130,2026-06-11,23:45:00,CUNDINAMARCA
4013,6416160,2026-06-12,0:15:00,CUNDINAMARCA
